Action Type,Option ID,Location Type,Location ID,On-Query Reason Code
ADD,100008484,Parent Warehouse,FC01,15
ADD,100008489,Parent Warehouse,FC01,15
ADD,100008496,Parent Warehouse,FC01,15
ADD,100008497,Parent Warehouse,FC01,15
ADD,100008498,Parent Warehouse,FC01,15
ADD,100008499,Parent Warehouse,FC01,15
ADD,100008513,Parent Warehouse,FC01,15
ADD,100008516,Parent Warehouse,FC01,15
ADD,100008517,Parent Warehouse,FC01,15
ADD,100008538,Parent Warehouse,FC01,15
ADD,100008542,Parent Warehouse,FC01,15
ADD,100008544,Parent Warehouse,FC01,15
ADD,100008558,Parent Warehouse,FC01,15
ADD,100008563,Parent Warehouse,FC01,15
ADD,100008572,Parent Warehouse,FC01,15
ADD,100008574,Parent Warehouse,FC01,15
ADD,100008590,Parent Warehouse,FC01,15
ADD,100008591,Parent Warehouse,FC01,15
ADD,100008592,Parent Warehouse,FC01,15
ADD,100008598,Parent Warehouse,FC01,15
ADD,100008599,Parent Warehouse,FC01,15
ADD,100008604,Parent Warehouse,FC01,15
ADD,100008605,Parent Warehouse,FC01,15
ADD,100008606,Parent Warehouse,FC01,15
ADD,100008611,Parent Warehouse,FC01,15
ADD,100008612,Parent Warehouse,FC01,15
ADD,100008615,Parent Warehouse,FC01,15
ADD,100008616,Parent Warehouse,FC01,15
ADD,100008617,Parent Warehouse,FC01,15
ADD,100008618,Parent Warehouse,FC01,15
ADD,100008621,Parent Warehouse,FC01,15
ADD,100008622,Parent Warehouse,FC01,15
ADD,100008625,Parent Warehouse,FC01,15
ADD,100008634,Parent Warehouse,FC01,15
ADD,100008639,Parent Warehouse,FC01,15
ADD,100008650,Parent Warehouse,FC01,15
ADD,100008656,Parent Warehouse,FC01,15
ADD,100008657,Parent Warehouse,FC01,15
ADD,100008663,Parent Warehouse,FC01,15
ADD,100008665,Parent Warehouse,FC01,15
ADD,100008677,Parent Warehouse,FC01,15
ADD,100008678,Parent Warehouse,FC01,15
ADD,100008683,Parent Warehouse,FC01,15
ADD,100008684,Parent Warehouse,FC01,15
ADD,100008685,Parent Warehouse,FC01,15
ADD,100008686,Parent Warehouse,FC01,15
ADD,100008687,Parent Warehouse,FC01,15
ADD,100008691,Parent Warehouse,FC01,15
ADD,100008709,Parent Warehouse,FC01,15
ADD,100008716,Parent Warehouse,FC01,15
ADD,100008724,Parent Warehouse,FC01,15
ADD,100008737,Parent Warehouse,FC01,15
ADD,100008742,Parent Warehouse,FC01,15
ADD,100008762,Parent Warehouse,FC01,15
ADD,100008870,Parent Warehouse,FC01,15
ADD,100008918,Parent Warehouse,FC01,15
ADD,100008953,Parent Warehouse,FC01,15
ADD,100009426,Parent Warehouse,FC01,15
ADD,100009428,Parent Warehouse,FC01,15
ADD,100009494,Parent Warehouse,FC01,15
ADD,100009507,Parent Warehouse,FC01,15
ADD,100009508,Parent Warehouse,FC01,15
ADD,100009510,Parent Warehouse,FC01,15
ADD,100009531,Parent Warehouse,FC01,15
ADD,100009571,Parent Warehouse,FC01,15
ADD,100009572,Parent Warehouse,FC01,15
ADD,100009626,Parent Warehouse,FC01,15
ADD,100009636,Parent Warehouse,FC01,15
ADD,100009704,Parent Warehouse,FC01,15
ADD,100009744,Parent Warehouse,FC01,15
ADD,100009866,Parent Warehouse,FC01,15
ADD,100009972,Parent Warehouse,FC01,15
ADD,100010056,Parent Warehouse,FC01,15
ADD,100010093,Parent Warehouse,FC01,15
ADD,100010100,Parent Warehouse,FC01,15
ADD,100010121,Parent Warehouse,FC01,15
ADD,100010144,Parent Warehouse,FC01,15
ADD,100010258,Parent Warehouse,FC01,15
ADD,100010294,Parent Warehouse,FC01,15
ADD,100010298,Parent Warehouse,FC01,15
ADD,100010340,Parent Warehouse,FC01,15
ADD,100010525,Parent Warehouse,FC01,15
ADD,100010527,Parent Warehouse,FC01,15
ADD,100010530,Parent Warehouse,FC01,15
ADD,100010531,Parent Warehouse,FC01,15
ADD,100010532,Parent Warehouse,FC01,15
ADD,100010547,Parent Warehouse,FC01,15
ADD,100010625,Parent Warehouse,FC01,15
ADD,100010656,Parent Warehouse,FC01,15
ADD,100010718,Parent Warehouse,FC01,15
ADD,100010737,Parent Warehouse,FC01,15
ADD,100010783,Parent Warehouse,FC01,15
ADD,100010784,Parent Warehouse,FC01,15
ADD,100010785,Parent Warehouse,FC01,15
ADD,100010786,Parent Warehouse,FC01,15
ADD,100010787,Parent Warehouse,FC01,15
ADD,100010788,Parent Warehouse,FC01,15
ADD,100010801,Parent Warehouse,FC01,15
ADD,100010807,Parent Warehouse,FC01,15
ADD,100010822,Parent Warehouse,FC01,15
ADD,100010823,Parent Warehouse,FC01,15
ADD,100010836,Parent Warehouse,FC01,15
ADD,100010842,Parent Warehouse,FC01,15
ADD,100010886,Parent Warehouse,FC01,15
ADD,100010889,Parent Warehouse,FC01,15
ADD,100010890,Parent Warehouse,FC01,15
ADD,100010891,Parent Warehouse,FC01,15
ADD,100010909,Parent Warehouse,FC01,15
ADD,100010924,Parent Warehouse,FC01,15
ADD,100010943,Parent Warehouse,FC01,15
ADD,100010944,Parent Warehouse,FC01,15
ADD,100010945,Parent Warehouse,FC01,15
ADD,100010946,Parent Warehouse,FC01,15
ADD,100010963,Parent Warehouse,FC01,15
ADD,100010979,Parent Warehouse,FC01,15
ADD,100010981,Parent Warehouse,FC01,15
ADD,100011005,Parent Warehouse,FC01,15
ADD,100011006,Parent Warehouse,FC01,15
ADD,100011007,Parent Warehouse,FC01,15
ADD,100011008,Parent Warehouse,FC01,15
ADD,100011009,Parent Warehouse,FC01,15
ADD,100011029,Parent Warehouse,FC01,15
ADD,100011031,Parent Warehouse,FC01,15
ADD,100011032,Parent Warehouse,FC01,15
ADD,100011034,Parent Warehouse,FC01,15
ADD,100011046,Parent Warehouse,FC01,15
ADD,100011047,Parent Warehouse,FC01,15
ADD,100011075,Parent Warehouse,FC01,15
ADD,100011079,Parent Warehouse,FC01,15
ADD,100011081,Parent Warehouse,FC01,15
ADD,100011091,Parent Warehouse,FC01,15
ADD,100011106,Parent Warehouse,FC01,15
ADD,100011107,Parent Warehouse,FC01,15
ADD,100011109,Parent Warehouse,FC01,15
ADD,100011110,Parent Warehouse,FC01,15
ADD,100011111,Parent Warehouse,FC01,15
ADD,100011112,Parent Warehouse,FC01,15
ADD,100011124,Parent Warehouse,FC01,15
ADD,100011140,Parent Warehouse,FC01,15
ADD,100011155,Parent Warehouse,FC01,15
ADD,100011156,Parent Warehouse,FC01,15
ADD,100011157,Parent Warehouse,FC01,15
ADD,100011169,Parent Warehouse,FC01,15
ADD,100011182,Parent Warehouse,FC01,15
ADD,100011202,Parent Warehouse,FC01,15
ADD,100011212,Parent Warehouse,FC01,15
ADD,100011243,Parent Warehouse,FC01,15
ADD,100011245,Parent Warehouse,FC01,15
ADD,100011246,Parent Warehouse,FC01,15
ADD,100011257,Parent Warehouse,FC01,15
ADD,100011265,Parent Warehouse,FC01,15
ADD,100011282,Parent Warehouse,FC01,15
ADD,100011283,Parent Warehouse,FC01,15
ADD,100011284,Parent Warehouse,FC01,15
ADD,100011285,Parent Warehouse,FC01,15
ADD,100011286,Parent Warehouse,FC01,15
ADD,100011287,Parent Warehouse,FC01,15
ADD,100011293,Parent Warehouse,FC01,15
ADD,100011295,Parent Warehouse,FC01,15
ADD,100011296,Parent Warehouse,FC01,15
ADD,100011297,Parent Warehouse,FC01,15
ADD,100011299,Parent Warehouse,FC01,15
ADD,100011311,Parent Warehouse,FC01,15
ADD,100011337,Parent Warehouse,FC01,15
ADD,100011339,Parent Warehouse,FC01,15
ADD,100011349,Parent Warehouse,FC01,15
ADD,100011359,Parent Warehouse,FC01,15
ADD,100011362,Parent Warehouse,FC01,15
ADD,100011377,Parent Warehouse,FC01,15
ADD,100011394,Parent Warehouse,FC01,15
ADD,100011399,Parent Warehouse,FC01,15
ADD,100011403,Parent Warehouse,FC01,15
ADD,100011404,Parent Warehouse,FC01,15
ADD,100011417,Parent Warehouse,FC01,15
ADD,100011429,Parent Warehouse,FC01,15
ADD,100011439,Parent Warehouse,FC01,15
ADD,100011445,Parent Warehouse,FC01,15
ADD,100011456,Parent Warehouse,FC01,15
ADD,100011473,Parent Warehouse,FC01,15
ADD,100011474,Parent Warehouse,FC01,15
ADD,100011486,Parent Warehouse,FC01,15
ADD,100011488,Parent Warehouse,FC01,15
ADD,100011490,Parent Warehouse,FC01,15
ADD,100011491,Parent Warehouse,FC01,15
ADD,100011507,Parent Warehouse,FC01,15
ADD,100011524,Parent Warehouse,FC01,15
ADD,100011525,Parent Warehouse,FC01,15
ADD,100011527,Parent Warehouse,FC01,15
ADD,100011528,Parent Warehouse,FC01,15
ADD,100011540,Parent Warehouse,FC01,15
ADD,100011542,Parent Warehouse,FC01,15
ADD,100011696,Parent Warehouse,FC01,15
ADD,100011904,Parent Warehouse,FC01,15
ADD,100011938,Parent Warehouse,FC01,15
ADD,100011955,Parent Warehouse,FC01,15
ADD,100012000,Parent Warehouse,FC01,15
ADD,100012018,Parent Warehouse,FC01,15
ADD,100012044,Parent Warehouse,FC01,15
ADD,100012080,Parent Warehouse,FC01,15
ADD,100012095,Parent Warehouse,FC01,15
ADD,100012096,Parent Warehouse,FC01,15
ADD,100012155,Parent Warehouse,FC01,15
ADD,100012295,Parent Warehouse,FC01,15
ADD,100012543,Parent Warehouse,FC01,15
ADD,100012562,Parent Warehouse,FC01,15
ADD,100012566,Parent Warehouse,FC01,15
ADD,100012594,Parent Warehouse,FC01,15
ADD,100012603,Parent Warehouse,FC01,15
ADD,100012637,Parent Warehouse,FC01,15
ADD,100012678,Parent Warehouse,FC01,15
ADD,100012684,Parent Warehouse,FC01,15
ADD,100012685,Parent Warehouse,FC01,15
ADD,100012729,Parent Warehouse,FC01,15
ADD,100012767,Parent Warehouse,FC01,15
ADD,100012777,Parent Warehouse,FC01,15
ADD,100012800,Parent Warehouse,FC01,15
ADD,100012806,Parent Warehouse,FC01,15
ADD,100012809,Parent Warehouse,FC01,15
ADD,100012813,Parent Warehouse,FC01,15
ADD,100012819,Parent Warehouse,FC01,15
ADD,100012850,Parent Warehouse,FC01,15
ADD,100012853,Parent Warehouse,FC01,15
ADD,100012944,Parent Warehouse,FC01,15
ADD,100012945,Parent Warehouse,FC01,15
ADD,100012946,Parent Warehouse,FC01,15
ADD,100012993,Parent Warehouse,FC01,15
ADD,100013018,Parent Warehouse,FC01,15
ADD,100013023,Parent Warehouse,FC01,15
ADD,100013112,Parent Warehouse,FC01,15
ADD,100013157,Parent Warehouse,FC01,15
ADD,100013166,Parent Warehouse,FC01,15
ADD,100013170,Parent Warehouse,FC01,15
ADD,100013177,Parent Warehouse,FC01,15
ADD,100013227,Parent Warehouse,FC01,15
ADD,100013228,Parent Warehouse,FC01,15
ADD,100013230,Parent Warehouse,FC01,15
ADD,100013231,Parent Warehouse,FC01,15
ADD,100013232,Parent Warehouse,FC01,15
ADD,100013234,Parent Warehouse,FC01,15
ADD,100013236,Parent Warehouse,FC01,15
ADD,100013239,Parent Warehouse,FC01,15
ADD,100013241,Parent Warehouse,FC01,15
ADD,100013243,Parent Warehouse,FC01,15
ADD,100013244,Parent Warehouse,FC01,15
ADD,100013245,Parent Warehouse,FC01,15
ADD,100013246,Parent Warehouse,FC01,15
ADD,100013248,Parent Warehouse,FC01,15
ADD,100013249,Parent Warehouse,FC01,15
ADD,100013250,Parent Warehouse,FC01,15
ADD,100013251,Parent Warehouse,FC01,15
ADD,100013254,Parent Warehouse,FC01,15
ADD,100013258,Parent Warehouse,FC01,15
ADD,100013259,Parent Warehouse,FC01,15
ADD,100013260,Parent Warehouse,FC01,15
ADD,100013262,Parent Warehouse,FC01,15
ADD,100013263,Parent Warehouse,FC01,15
ADD,100013264,Parent Warehouse,FC01,15
ADD,100013265,Parent Warehouse,FC01,15
ADD,100013273,Parent Warehouse,FC01,15
ADD,100013274,Parent Warehouse,FC01,15
ADD,100013275,Parent Warehouse,FC01,15
ADD,100013278,Parent Warehouse,FC01,15
ADD,100013279,Parent Warehouse,FC01,15
ADD,100013280,Parent Warehouse,FC01,15
ADD,100013282,Parent Warehouse,FC01,15
ADD,100013283,Parent Warehouse,FC01,15
ADD,100013285,Parent Warehouse,FC01,15
ADD,100013286,Parent Warehouse,FC01,15
ADD,100013287,Parent Warehouse,FC01,15
ADD,100013295,Parent Warehouse,FC01,15
ADD,100013296,Parent Warehouse,FC01,15
ADD,100013297,Parent Warehouse,FC01,15
ADD,100013302,Parent Warehouse,FC01,15
ADD,100013303,Parent Warehouse,FC01,15
ADD,100013313,Parent Warehouse,FC01,15
ADD,100013315,Parent Warehouse,FC01,15
ADD,100013316,Parent Warehouse,FC01,15
ADD,100013317,Parent Warehouse,FC01,15
ADD,100013321,Parent Warehouse,FC01,15
ADD,100013322,Parent Warehouse,FC01,15
ADD,100013323,Parent Warehouse,FC01,15
ADD,100013324,Parent Warehouse,FC01,15
ADD,100013326,Parent Warehouse,FC01,15
ADD,100013327,Parent Warehouse,FC01,15
ADD,100013329,Parent Warehouse,FC01,15
ADD,100013330,Parent Warehouse,FC01,15
ADD,100013331,Parent Warehouse,FC01,15
ADD,100013332,Parent Warehouse,FC01,15
ADD,100013333,Parent Warehouse,FC01,15
ADD,100013336,Parent Warehouse,FC01,15
ADD,100013337,Parent Warehouse,FC01,15
ADD,100013340,Parent Warehouse,FC01,15
ADD,100013341,Parent Warehouse,FC01,15
ADD,100013342,Parent Warehouse,FC01,15
ADD,100013343,Parent Warehouse,FC01,15
ADD,100013345,Parent Warehouse,FC01,15
ADD,100013346,Parent Warehouse,FC01,15
ADD,100013350,Parent Warehouse,FC01,15
ADD,100013351,Parent Warehouse,FC01,15
ADD,100013352,Parent Warehouse,FC01,15
ADD,100013353,Parent Warehouse,FC01,15
ADD,100013354,Parent Warehouse,FC01,15
ADD,100013356,Parent Warehouse,FC01,15
ADD,100013357,Parent Warehouse,FC01,15
ADD,100013359,Parent Warehouse,FC01,15
ADD,100013360,Parent Warehouse,FC01,15
ADD,100013362,Parent Warehouse,FC01,15
ADD,100013363,Parent Warehouse,FC01,15
ADD,100013364,Parent Warehouse,FC01,15
ADD,100013365,Parent Warehouse,FC01,15
ADD,100013366,Parent Warehouse,FC01,15
ADD,100013369,Parent Warehouse,FC01,15
ADD,100013370,Parent Warehouse,FC01,15
ADD,100013373,Parent Warehouse,FC01,15
ADD,100013375,Parent Warehouse,FC01,15
ADD,100013379,Parent Warehouse,FC01,15
ADD,100013385,Parent Warehouse,FC01,15
ADD,100013388,Parent Warehouse,FC01,15
ADD,100013389,Parent Warehouse,FC01,15
ADD,100013390,Parent Warehouse,FC01,15
ADD,100013391,Parent Warehouse,FC01,15
ADD,100013392,Parent Warehouse,FC01,15
ADD,100013394,Parent Warehouse,FC01,15
ADD,100013395,Parent Warehouse,FC01,15
ADD,100013396,Parent Warehouse,FC01,15
ADD,100013397,Parent Warehouse,FC01,15
ADD,100013398,Parent Warehouse,FC01,15
ADD,100013399,Parent Warehouse,FC01,15
ADD,100013403,Parent Warehouse,FC01,15
ADD,100013404,Parent Warehouse,FC01,15
ADD,100013409,Parent Warehouse,FC01,15
ADD,100013411,Parent Warehouse,FC01,15
ADD,100013412,Parent Warehouse,FC01,15
ADD,100013416,Parent Warehouse,FC01,15
ADD,100013418,Parent Warehouse,FC01,15
ADD,100013423,Parent Warehouse,FC01,15
ADD,100013424,Parent Warehouse,FC01,15
ADD,100013426,Parent Warehouse,FC01,15
ADD,100013429,Parent Warehouse,FC01,15
ADD,100013430,Parent Warehouse,FC01,15
ADD,100013431,Parent Warehouse,FC01,15
ADD,100013432,Parent Warehouse,FC01,15
ADD,100013433,Parent Warehouse,FC01,15
ADD,100013434,Parent Warehouse,FC01,15
ADD,100013440,Parent Warehouse,FC01,15
ADD,100013441,Parent Warehouse,FC01,15
ADD,100013442,Parent Warehouse,FC01,15
ADD,100013444,Parent Warehouse,FC01,15
ADD,100013445,Parent Warehouse,FC01,15
ADD,100013447,Parent Warehouse,FC01,15
ADD,100013448,Parent Warehouse,FC01,15
ADD,100013450,Parent Warehouse,FC01,15
ADD,100013451,Parent Warehouse,FC01,15
ADD,100013452,Parent Warehouse,FC01,15
ADD,100013455,Parent Warehouse,FC01,15
ADD,100013456,Parent Warehouse,FC01,15
ADD,100013457,Parent Warehouse,FC01,15
ADD,100013458,Parent Warehouse,FC01,15
ADD,100013459,Parent Warehouse,FC01,15
ADD,100013460,Parent Warehouse,FC01,15
ADD,100013461,Parent Warehouse,FC01,15
ADD,100013462,Parent Warehouse,FC01,15
ADD,100013463,Parent Warehouse,FC01,15
ADD,100013464,Parent Warehouse,FC01,15
ADD,100013465,Parent Warehouse,FC01,15
ADD,100013468,Parent Warehouse,FC01,15
ADD,100013469,Parent Warehouse,FC01,15
ADD,100013470,Parent Warehouse,FC01,15
ADD,100013474,Parent Warehouse,FC01,15
ADD,100013475,Parent Warehouse,FC01,15
ADD,100013480,Parent Warehouse,FC01,15
ADD,100013481,Parent Warehouse,FC01,15
ADD,100013482,Parent Warehouse,FC01,15
ADD,100013483,Parent Warehouse,FC01,15
ADD,100013484,Parent Warehouse,FC01,15
ADD,100013485,Parent Warehouse,FC01,15
ADD,100013486,Parent Warehouse,FC01,15
ADD,100013487,Parent Warehouse,FC01,15
ADD,100013490,Parent Warehouse,FC01,15
ADD,100013494,Parent Warehouse,FC01,15
ADD,100013497,Parent Warehouse,FC01,15
ADD,100013499,Parent Warehouse,FC01,15
ADD,100013501,Parent Warehouse,FC01,15
ADD,100013503,Parent Warehouse,FC01,15
ADD,100013504,Parent Warehouse,FC01,15
ADD,100013508,Parent Warehouse,FC01,15
ADD,100013509,Parent Warehouse,FC01,15
ADD,100013510,Parent Warehouse,FC01,15
ADD,100013512,Parent Warehouse,FC01,15
ADD,100013518,Parent Warehouse,FC01,15
ADD,100013521,Parent Warehouse,FC01,15
ADD,100013522,Parent Warehouse,FC01,15
ADD,100013523,Parent Warehouse,FC01,15
ADD,100013524,Parent Warehouse,FC01,15
ADD,100013525,Parent Warehouse,FC01,15
ADD,100013526,Parent Warehouse,FC01,15
ADD,100013528,Parent Warehouse,FC01,15
ADD,100013529,Parent Warehouse,FC01,15
ADD,100013534,Parent Warehouse,FC01,15
ADD,100013535,Parent Warehouse,FC01,15
ADD,100013536,Parent Warehouse,FC01,15
ADD,100013538,Parent Warehouse,FC01,15
ADD,100013539,Parent Warehouse,FC01,15
ADD,100013540,Parent Warehouse,FC01,15
ADD,100013541,Parent Warehouse,FC01,15
ADD,100013542,Parent Warehouse,FC01,15
ADD,100013543,Parent Warehouse,FC01,15
ADD,100013545,Parent Warehouse,FC01,15
ADD,100013547,Parent Warehouse,FC01,15
ADD,100013551,Parent Warehouse,FC01,15
ADD,100013553,Parent Warehouse,FC01,15
ADD,100013555,Parent Warehouse,FC01,15
ADD,100013556,Parent Warehouse,FC01,15
ADD,100013557,Parent Warehouse,FC01,15
ADD,100013559,Parent Warehouse,FC01,15
ADD,100013560,Parent Warehouse,FC01,15
ADD,100013561,Parent Warehouse,FC01,15
ADD,100013562,Parent Warehouse,FC01,15
ADD,100013563,Parent Warehouse,FC01,15
ADD,100013564,Parent Warehouse,FC01,15
ADD,100013565,Parent Warehouse,FC01,15
ADD,100013566,Parent Warehouse,FC01,15
ADD,100013567,Parent Warehouse,FC01,15
ADD,100013568,Parent Warehouse,FC01,15
ADD,100013570,Parent Warehouse,FC01,15
ADD,100013572,Parent Warehouse,FC01,15
ADD,100013573,Parent Warehouse,FC01,15
ADD,100013574,Parent Warehouse,FC01,15
ADD,100013575,Parent Warehouse,FC01,15
ADD,100013578,Parent Warehouse,FC01,15
ADD,100013579,Parent Warehouse,FC01,15
ADD,100013580,Parent Warehouse,FC01,15
ADD,100013581,Parent Warehouse,FC01,15
ADD,100013582,Parent Warehouse,FC01,15
ADD,100013584,Parent Warehouse,FC01,15
ADD,100013588,Parent Warehouse,FC01,15
ADD,100013590,Parent Warehouse,FC01,15
ADD,100013595,Parent Warehouse,FC01,15
ADD,100013596,Parent Warehouse,FC01,15
ADD,100013597,Parent Warehouse,FC01,15
ADD,100013598,Parent Warehouse,FC01,15
ADD,100013601,Parent Warehouse,FC01,15
ADD,100013603,Parent Warehouse,FC01,15
ADD,100013605,Parent Warehouse,FC01,15
ADD,100013606,Parent Warehouse,FC01,15
ADD,100013607,Parent Warehouse,FC01,15
ADD,100013610,Parent Warehouse,FC01,15
ADD,100013611,Parent Warehouse,FC01,15
ADD,100013612,Parent Warehouse,FC01,15
ADD,100013613,Parent Warehouse,FC01,15
ADD,100013619,Parent Warehouse,FC01,15
ADD,100013620,Parent Warehouse,FC01,15
ADD,100013621,Parent Warehouse,FC01,15
ADD,100013622,Parent Warehouse,FC01,15
ADD,100013623,Parent Warehouse,FC01,15
ADD,100013637,Parent Warehouse,FC01,15
ADD,100013638,Parent Warehouse,FC01,15
ADD,100013639,Parent Warehouse,FC01,15
ADD,100013641,Parent Warehouse,FC01,15
ADD,100013642,Parent Warehouse,FC01,15
ADD,100013643,Parent Warehouse,FC01,15
ADD,100013644,Parent Warehouse,FC01,15
ADD,100013645,Parent Warehouse,FC01,15
ADD,100013651,Parent Warehouse,FC01,15
ADD,100013652,Parent Warehouse,FC01,15
ADD,100013653,Parent Warehouse,FC01,15
ADD,100013656,Parent Warehouse,FC01,15
ADD,100013658,Parent Warehouse,FC01,15
ADD,100013659,Parent Warehouse,FC01,15
ADD,100013660,Parent Warehouse,FC01,15
ADD,100013663,Parent Warehouse,FC01,15
ADD,100013666,Parent Warehouse,FC01,15
ADD,100013667,Parent Warehouse,FC01,15
ADD,100013668,Parent Warehouse,FC01,15
ADD,100013669,Parent Warehouse,FC01,15
ADD,100013670,Parent Warehouse,FC01,15
ADD,100013677,Parent Warehouse,FC01,15
ADD,100013678,Parent Warehouse,FC01,15
ADD,100013680,Parent Warehouse,FC01,15
ADD,100013681,Parent Warehouse,FC01,15
ADD,100013684,Parent Warehouse,FC01,15
ADD,100013685,Parent Warehouse,FC01,15
ADD,100013688,Parent Warehouse,FC01,15
ADD,100013689,Parent Warehouse,FC01,15
ADD,100013690,Parent Warehouse,FC01,15
ADD,100013691,Parent Warehouse,FC01,15
ADD,100013692,Parent Warehouse,FC01,15
ADD,100013696,Parent Warehouse,FC01,15
ADD,100013698,Parent Warehouse,FC01,15
ADD,100013699,Parent Warehouse,FC01,15
ADD,100013700,Parent Warehouse,FC01,15
ADD,100013701,Parent Warehouse,FC01,15
ADD,100013702,Parent Warehouse,FC01,15
ADD,100013705,Parent Warehouse,FC01,15
ADD,100013706,Parent Warehouse,FC01,15
ADD,100013707,Parent Warehouse,FC01,15
ADD,100013708,Parent Warehouse,FC01,15
ADD,100013709,Parent Warehouse,FC01,15
ADD,100013710,Parent Warehouse,FC01,15
ADD,100013711,Parent Warehouse,FC01,15
ADD,100013714,Parent Warehouse,FC01,15
ADD,100013715,Parent Warehouse,FC01,15
ADD,100013716,Parent Warehouse,FC01,15
ADD,100013717,Parent Warehouse,FC01,15
ADD,100013722,Parent Warehouse,FC01,15
ADD,100013723,Parent Warehouse,FC01,15
ADD,100013724,Parent Warehouse,FC01,15
ADD,100013725,Parent Warehouse,FC01,15
ADD,100013726,Parent Warehouse,FC01,15
ADD,100013727,Parent Warehouse,FC01,15
ADD,100013729,Parent Warehouse,FC01,15
ADD,100013730,Parent Warehouse,FC01,15
ADD,100013731,Parent Warehouse,FC01,15
ADD,100013732,Parent Warehouse,FC01,15
ADD,100013733,Parent Warehouse,FC01,15
ADD,100013734,Parent Warehouse,FC01,15
ADD,100013735,Parent Warehouse,FC01,15
ADD,100013736,Parent Warehouse,FC01,15
ADD,100013737,Parent Warehouse,FC01,15
ADD,100013743,Parent Warehouse,FC01,15
ADD,100013745,Parent Warehouse,FC01,15
ADD,100013753,Parent Warehouse,FC01,15
ADD,100013756,Parent Warehouse,FC01,15
ADD,100013758,Parent Warehouse,FC01,15
ADD,100013762,Parent Warehouse,FC01,15
ADD,100013765,Parent Warehouse,FC01,15
ADD,100013766,Parent Warehouse,FC01,15
ADD,100013768,Parent Warehouse,FC01,15
ADD,100013769,Parent Warehouse,FC01,15
ADD,100013770,Parent Warehouse,FC01,15
ADD,100013771,Parent Warehouse,FC01,15
ADD,100013772,Parent Warehouse,FC01,15
ADD,100013773,Parent Warehouse,FC01,15
ADD,100013774,Parent Warehouse,FC01,15
ADD,100013775,Parent Warehouse,FC01,15
ADD,100013779,Parent Warehouse,FC01,15
ADD,100013780,Parent Warehouse,FC01,15
ADD,100013782,Parent Warehouse,FC01,15
ADD,100013783,Parent Warehouse,FC01,15
ADD,100013789,Parent Warehouse,FC01,15
ADD,100013794,Parent Warehouse,FC01,15
ADD,100013797,Parent Warehouse,FC01,15
ADD,100013799,Parent Warehouse,FC01,15
ADD,100013800,Parent Warehouse,FC01,15
ADD,100013801,Parent Warehouse,FC01,15
ADD,100013803,Parent Warehouse,FC01,15
ADD,100013804,Parent Warehouse,FC01,15
ADD,100013805,Parent Warehouse,FC01,15
ADD,100013806,Parent Warehouse,FC01,15
ADD,100013808,Parent Warehouse,FC01,15
ADD,100013809,Parent Warehouse,FC01,15
ADD,100013811,Parent Warehouse,FC01,15
ADD,100013812,Parent Warehouse,FC01,15
ADD,100013813,Parent Warehouse,FC01,15
ADD,100013814,Parent Warehouse,FC01,15
ADD,100013815,Parent Warehouse,FC01,15
ADD,100013816,Parent Warehouse,FC01,15
ADD,100013817,Parent Warehouse,FC01,15
ADD,100013818,Parent Warehouse,FC01,15
ADD,100013819,Parent Warehouse,FC01,15
ADD,100013820,Parent Warehouse,FC01,15
ADD,100013821,Parent Warehouse,FC01,15
ADD,100013823,Parent Warehouse,FC01,15
ADD,100013825,Parent Warehouse,FC01,15
ADD,100013826,Parent Warehouse,FC01,15
ADD,100013827,Parent Warehouse,FC01,15
ADD,100013828,Parent Warehouse,FC01,15
ADD,100013829,Parent Warehouse,FC01,15
ADD,100013832,Parent Warehouse,FC01,15
ADD,100013833,Parent Warehouse,FC01,15
ADD,100013834,Parent Warehouse,FC01,15
ADD,100013835,Parent Warehouse,FC01,15
ADD,100013836,Parent Warehouse,FC01,15
ADD,100013840,Parent Warehouse,FC01,15
ADD,100013841,Parent Warehouse,FC01,15
ADD,100013842,Parent Warehouse,FC01,15
ADD,100013843,Parent Warehouse,FC01,15
ADD,100013845,Parent Warehouse,FC01,15
ADD,100013846,Parent Warehouse,FC01,15
ADD,100013849,Parent Warehouse,FC01,15
ADD,100013850,Parent Warehouse,FC01,15
ADD,100013852,Parent Warehouse,FC01,15
ADD,100013853,Parent Warehouse,FC01,15
ADD,100013854,Parent Warehouse,FC01,15
ADD,100013855,Parent Warehouse,FC01,15
ADD,100013856,Parent Warehouse,FC01,15
ADD,100013857,Parent Warehouse,FC01,15
ADD,100013858,Parent Warehouse,FC01,15
ADD,100013861,Parent Warehouse,FC01,15
ADD,100013862,Parent Warehouse,FC01,15
ADD,100013866,Parent Warehouse,FC01,15
ADD,100013867,Parent Warehouse,FC01,15
ADD,100013869,Parent Warehouse,FC01,15
ADD,100013872,Parent Warehouse,FC01,15
ADD,100013873,Parent Warehouse,FC01,15
ADD,100013877,Parent Warehouse,FC01,15
ADD,100013878,Parent Warehouse,FC01,15
ADD,100013879,Parent Warehouse,FC01,15
ADD,100013880,Parent Warehouse,FC01,15
ADD,100013881,Parent Warehouse,FC01,15
ADD,100013882,Parent Warehouse,FC01,15
ADD,100013883,Parent Warehouse,FC01,15
ADD,100013886,Parent Warehouse,FC01,15
ADD,100013887,Parent Warehouse,FC01,15
ADD,100013890,Parent Warehouse,FC01,15
ADD,100013891,Parent Warehouse,FC01,15
ADD,100013893,Parent Warehouse,FC01,15
ADD,100013895,Parent Warehouse,FC01,15
ADD,100013902,Parent Warehouse,FC01,15
ADD,100013904,Parent Warehouse,FC01,15
ADD,100013907,Parent Warehouse,FC01,15
ADD,100013908,Parent Warehouse,FC01,15
ADD,100013909,Parent Warehouse,FC01,15
ADD,100013910,Parent Warehouse,FC01,15
ADD,100013911,Parent Warehouse,FC01,15
ADD,100013912,Parent Warehouse,FC01,15
ADD,100013913,Parent Warehouse,FC01,15
ADD,100013914,Parent Warehouse,FC01,15
ADD,100013915,Parent Warehouse,FC01,15
ADD,100013916,Parent Warehouse,FC01,15
ADD,100013917,Parent Warehouse,FC01,15
ADD,100013921,Parent Warehouse,FC01,15
ADD,100013922,Parent Warehouse,FC01,15
ADD,100013923,Parent Warehouse,FC01,15
ADD,100013925,Parent Warehouse,FC01,15
ADD,100013926,Parent Warehouse,FC01,15
ADD,100013927,Parent Warehouse,FC01,15
ADD,100013928,Parent Warehouse,FC01,15
ADD,100013929,Parent Warehouse,FC01,15
ADD,100013930,Parent Warehouse,FC01,15
ADD,100013933,Parent Warehouse,FC01,15
ADD,100013938,Parent Warehouse,FC01,15
ADD,100013939,Parent Warehouse,FC01,15
ADD,100013941,Parent Warehouse,FC01,15
ADD,100013942,Parent Warehouse,FC01,15
ADD,100013945,Parent Warehouse,FC01,15
ADD,100013947,Parent Warehouse,FC01,15
ADD,100013948,Parent Warehouse,FC01,15
ADD,100013949,Parent Warehouse,FC01,15
ADD,100013950,Parent Warehouse,FC01,15
ADD,100013952,Parent Warehouse,FC01,15
ADD,100013953,Parent Warehouse,FC01,15
ADD,100013954,Parent Warehouse,FC01,15
ADD,100013955,Parent Warehouse,FC01,15
ADD,100013956,Parent Warehouse,FC01,15
ADD,100013957,Parent Warehouse,FC01,15
ADD,100013958,Parent Warehouse,FC01,15
ADD,100013959,Parent Warehouse,FC01,15
ADD,100013961,Parent Warehouse,FC01,15
ADD,100013962,Parent Warehouse,FC01,15
ADD,100013963,Parent Warehouse,FC01,15
ADD,100013966,Parent Warehouse,FC01,15
ADD,100013967,Parent Warehouse,FC01,15
ADD,100013968,Parent Warehouse,FC01,15
ADD,100013969,Parent Warehouse,FC01,15
ADD,100013970,Parent Warehouse,FC01,15
ADD,100013971,Parent Warehouse,FC01,15
ADD,100013973,Parent Warehouse,FC01,15
ADD,100013975,Parent Warehouse,FC01,15
ADD,100013976,Parent Warehouse,FC01,15
ADD,100013977,Parent Warehouse,FC01,15
ADD,100013978,Parent Warehouse,FC01,15
ADD,100013980,Parent Warehouse,FC01,15
ADD,100013981,Parent Warehouse,FC01,15
ADD,100013982,Parent Warehouse,FC01,15
ADD,100013983,Parent Warehouse,FC01,15
ADD,100013984,Parent Warehouse,FC01,15
ADD,100013985,Parent Warehouse,FC01,15
ADD,100013987,Parent Warehouse,FC01,15
ADD,100013990,Parent Warehouse,FC01,15
ADD,100013991,Parent Warehouse,FC01,15
ADD,100013992,Parent Warehouse,FC01,15
ADD,100013994,Parent Warehouse,FC01,15
ADD,100013995,Parent Warehouse,FC01,15
ADD,100013996,Parent Warehouse,FC01,15
ADD,100013997,Parent Warehouse,FC01,15
ADD,100013999,Parent Warehouse,FC01,15
ADD,100014000,Parent Warehouse,FC01,15
ADD,100014002,Parent Warehouse,FC01,15
ADD,100014003,Parent Warehouse,FC01,15
ADD,100014007,Parent Warehouse,FC01,15
ADD,100014008,Parent Warehouse,FC01,15
ADD,100014009,Parent Warehouse,FC01,15
ADD,100014014,Parent Warehouse,FC01,15
ADD,100014015,Parent Warehouse,FC01,15
ADD,100014017,Parent Warehouse,FC01,15
ADD,100014019,Parent Warehouse,FC01,15
ADD,100014020,Parent Warehouse,FC01,15
ADD,100014021,Parent Warehouse,FC01,15
ADD,100014022,Parent Warehouse,FC01,15
ADD,100014025,Parent Warehouse,FC01,15
ADD,100014026,Parent Warehouse,FC01,15
ADD,100014027,Parent Warehouse,FC01,15
ADD,100014028,Parent Warehouse,FC01,15
ADD,100014029,Parent Warehouse,FC01,15
ADD,100014033,Parent Warehouse,FC01,15
ADD,100014036,Parent Warehouse,FC01,15
ADD,100014039,Parent Warehouse,FC01,15
ADD,100014040,Parent Warehouse,FC01,15
ADD,100014042,Parent Warehouse,FC01,15
ADD,100014043,Parent Warehouse,FC01,15
ADD,100014044,Parent Warehouse,FC01,15
ADD,100014045,Parent Warehouse,FC01,15
ADD,100014046,Parent Warehouse,FC01,15
ADD,100014047,Parent Warehouse,FC01,15
ADD,100014048,Parent Warehouse,FC01,15
ADD,100014049,Parent Warehouse,FC01,15
ADD,100014050,Parent Warehouse,FC01,15
ADD,100014051,Parent Warehouse,FC01,15
ADD,100014052,Parent Warehouse,FC01,15
ADD,100014053,Parent Warehouse,FC01,15
ADD,100014055,Parent Warehouse,FC01,15
ADD,100014056,Parent Warehouse,FC01,15
ADD,100014058,Parent Warehouse,FC01,15
ADD,100014059,Parent Warehouse,FC01,15
ADD,100014060,Parent Warehouse,FC01,15
ADD,100014061,Parent Warehouse,FC01,15
ADD,100014062,Parent Warehouse,FC01,15
ADD,100014063,Parent Warehouse,FC01,15
ADD,100014064,Parent Warehouse,FC01,15
ADD,100014066,Parent Warehouse,FC01,15
ADD,100014068,Parent Warehouse,FC01,15
ADD,100014071,Parent Warehouse,FC01,15
ADD,100014072,Parent Warehouse,FC01,15
ADD,100014073,Parent Warehouse,FC01,15
ADD,100014074,Parent Warehouse,FC01,15
ADD,100014075,Parent Warehouse,FC01,15
ADD,100014077,Parent Warehouse,FC01,15
ADD,100014078,Parent Warehouse,FC01,15
ADD,100014080,Parent Warehouse,FC01,15
ADD,100014082,Parent Warehouse,FC01,15
ADD,100014083,Parent Warehouse,FC01,15
ADD,100014085,Parent Warehouse,FC01,15
ADD,100014086,Parent Warehouse,FC01,15
ADD,100014089,Parent Warehouse,FC01,15
ADD,100014090,Parent Warehouse,FC01,15
ADD,100014093,Parent Warehouse,FC01,15
ADD,100014094,Parent Warehouse,FC01,15
ADD,100014097,Parent Warehouse,FC01,15
ADD,100014098,Parent Warehouse,FC01,15
ADD,100014100,Parent Warehouse,FC01,15
ADD,100014103,Parent Warehouse,FC01,15
ADD,100014106,Parent Warehouse,FC01,15
ADD,100014108,Parent Warehouse,FC01,15
ADD,100014109,Parent Warehouse,FC01,15
ADD,100014110,Parent Warehouse,FC01,15
ADD,100014114,Parent Warehouse,FC01,15
ADD,100014115,Parent Warehouse,FC01,15
ADD,100014116,Parent Warehouse,FC01,15
ADD,100014117,Parent Warehouse,FC01,15
ADD,100014118,Parent Warehouse,FC01,15
ADD,100014119,Parent Warehouse,FC01,15
ADD,100014120,Parent Warehouse,FC01,15
ADD,100014123,Parent Warehouse,FC01,15
ADD,100014127,Parent Warehouse,FC01,15
ADD,100014128,Parent Warehouse,FC01,15
ADD,100014130,Parent Warehouse,FC01,15
ADD,100014134,Parent Warehouse,FC01,15
ADD,100014135,Parent Warehouse,FC01,15
ADD,100014136,Parent Warehouse,FC01,15
ADD,100014137,Parent Warehouse,FC01,15
ADD,100014138,Parent Warehouse,FC01,15
ADD,100014139,Parent Warehouse,FC01,15
ADD,100014141,Parent Warehouse,FC01,15
ADD,100014144,Parent Warehouse,FC01,15
ADD,100014145,Parent Warehouse,FC01,15
ADD,100014148,Parent Warehouse,FC01,15
ADD,100014152,Parent Warehouse,FC01,15
ADD,100014154,Parent Warehouse,FC01,15
ADD,100014155,Parent Warehouse,FC01,15
ADD,100014159,Parent Warehouse,FC01,15
ADD,100014161,Parent Warehouse,FC01,15
ADD,100014162,Parent Warehouse,FC01,15
ADD,100014163,Parent Warehouse,FC01,15
ADD,100014165,Parent Warehouse,FC01,15
ADD,100014166,Parent Warehouse,FC01,15
ADD,100014167,Parent Warehouse,FC01,15
ADD,100014170,Parent Warehouse,FC01,15
ADD,100014171,Parent Warehouse,FC01,15
ADD,100014172,Parent Warehouse,FC01,15
ADD,100014173,Parent Warehouse,FC01,15
ADD,100014174,Parent Warehouse,FC01,15
ADD,100014180,Parent Warehouse,FC01,15
ADD,100014183,Parent Warehouse,FC01,15
ADD,100014184,Parent Warehouse,FC01,15
ADD,100014187,Parent Warehouse,FC01,15
ADD,100014188,Parent Warehouse,FC01,15
ADD,100014194,Parent Warehouse,FC01,15
ADD,100014196,Parent Warehouse,FC01,15
ADD,100014197,Parent Warehouse,FC01,15
ADD,100014199,Parent Warehouse,FC01,15
ADD,100014200,Parent Warehouse,FC01,15
ADD,100014201,Parent Warehouse,FC01,15
ADD,100014203,Parent Warehouse,FC01,15
ADD,100014205,Parent Warehouse,FC01,15
ADD,100014206,Parent Warehouse,FC01,15
ADD,100014207,Parent Warehouse,FC01,15
ADD,100014218,Parent Warehouse,FC01,15
ADD,100014220,Parent Warehouse,FC01,15
ADD,100014222,Parent Warehouse,FC01,15
ADD,100014224,Parent Warehouse,FC01,15
ADD,100014225,Parent Warehouse,FC01,15
ADD,100014226,Parent Warehouse,FC01,15
ADD,100014227,Parent Warehouse,FC01,15
ADD,100014228,Parent Warehouse,FC01,15
ADD,100014229,Parent Warehouse,FC01,15
ADD,100014230,Parent Warehouse,FC01,15
ADD,100014231,Parent Warehouse,FC01,15
ADD,100014232,Parent Warehouse,FC01,15
ADD,100014234,Parent Warehouse,FC01,15
ADD,100014235,Parent Warehouse,FC01,15
ADD,100014236,Parent Warehouse,FC01,15
ADD,100014237,Parent Warehouse,FC01,15
ADD,100014238,Parent Warehouse,FC01,15
ADD,100014239,Parent Warehouse,FC01,15
ADD,100014240,Parent Warehouse,FC01,15
ADD,100014241,Parent Warehouse,FC01,15
ADD,100014242,Parent Warehouse,FC01,15
ADD,100014243,Parent Warehouse,FC01,15
ADD,100014244,Parent Warehouse,FC01,15
ADD,100014245,Parent Warehouse,FC01,15
ADD,100014248,Parent Warehouse,FC01,15
ADD,100014250,Parent Warehouse,FC01,15
ADD,100014251,Parent Warehouse,FC01,15
ADD,100014255,Parent Warehouse,FC01,15
ADD,100014256,Parent Warehouse,FC01,15
ADD,100014259,Parent Warehouse,FC01,15
ADD,100014261,Parent Warehouse,FC01,15
ADD,100014262,Parent Warehouse,FC01,15
ADD,100014264,Parent Warehouse,FC01,15
ADD,100014265,Parent Warehouse,FC01,15
ADD,100014267,Parent Warehouse,FC01,15
ADD,100014268,Parent Warehouse,FC01,15
ADD,100014269,Parent Warehouse,FC01,15
ADD,100014270,Parent Warehouse,FC01,15
ADD,100014271,Parent Warehouse,FC01,15
ADD,100014277,Parent Warehouse,FC01,15
ADD,100014282,Parent Warehouse,FC01,15
ADD,100014285,Parent Warehouse,FC01,15
ADD,100014286,Parent Warehouse,FC01,15
ADD,100014287,Parent Warehouse,FC01,15
ADD,100014288,Parent Warehouse,FC01,15
ADD,100014289,Parent Warehouse,FC01,15
ADD,100014294,Parent Warehouse,FC01,15
ADD,100014298,Parent Warehouse,FC01,15
ADD,100014299,Parent Warehouse,FC01,15
ADD,100014301,Parent Warehouse,FC01,15
ADD,100014302,Parent Warehouse,FC01,15
ADD,100014303,Parent Warehouse,FC01,15
ADD,100014304,Parent Warehouse,FC01,15
ADD,100014305,Parent Warehouse,FC01,15
ADD,100014306,Parent Warehouse,FC01,15
ADD,100014309,Parent Warehouse,FC01,15
ADD,100014310,Parent Warehouse,FC01,15
ADD,100014313,Parent Warehouse,FC01,15
ADD,100014314,Parent Warehouse,FC01,15
ADD,100014317,Parent Warehouse,FC01,15
ADD,100014318,Parent Warehouse,FC01,15
ADD,100014319,Parent Warehouse,FC01,15
ADD,100014320,Parent Warehouse,FC01,15
ADD,100014321,Parent Warehouse,FC01,15
ADD,100014323,Parent Warehouse,FC01,15
ADD,100014325,Parent Warehouse,FC01,15
ADD,100014326,Parent Warehouse,FC01,15
ADD,100014327,Parent Warehouse,FC01,15
ADD,100014328,Parent Warehouse,FC01,15
ADD,100014335,Parent Warehouse,FC01,15
ADD,100014336,Parent Warehouse,FC01,15
ADD,100014337,Parent Warehouse,FC01,15
ADD,100014338,Parent Warehouse,FC01,15
ADD,100014339,Parent Warehouse,FC01,15
ADD,100014340,Parent Warehouse,FC01,15
ADD,100014341,Parent Warehouse,FC01,15
ADD,100014343,Parent Warehouse,FC01,15
ADD,100014344,Parent Warehouse,FC01,15
ADD,100014345,Parent Warehouse,FC01,15
ADD,100014346,Parent Warehouse,FC01,15
ADD,100014347,Parent Warehouse,FC01,15
ADD,100014349,Parent Warehouse,FC01,15
ADD,100014350,Parent Warehouse,FC01,15
ADD,100014352,Parent Warehouse,FC01,15
ADD,100014353,Parent Warehouse,FC01,15
ADD,100014354,Parent Warehouse,FC01,15
ADD,100014355,Parent Warehouse,FC01,15
ADD,100014357,Parent Warehouse,FC01,15
ADD,100014358,Parent Warehouse,FC01,15
ADD,100014359,Parent Warehouse,FC01,15
ADD,100014361,Parent Warehouse,FC01,15
ADD,100014364,Parent Warehouse,FC01,15
ADD,100014365,Parent Warehouse,FC01,15
ADD,100014366,Parent Warehouse,FC01,15
ADD,100014367,Parent Warehouse,FC01,15
ADD,100014368,Parent Warehouse,FC01,15
ADD,100014369,Parent Warehouse,FC01,15
ADD,100014370,Parent Warehouse,FC01,15
ADD,100014371,Parent Warehouse,FC01,15
ADD,100014372,Parent Warehouse,FC01,15
ADD,100014374,Parent Warehouse,FC01,15
ADD,100014376,Parent Warehouse,FC01,15
ADD,100014380,Parent Warehouse,FC01,15
ADD,100014390,Parent Warehouse,FC01,15
ADD,100014391,Parent Warehouse,FC01,15
ADD,100014396,Parent Warehouse,FC01,15
ADD,100014397,Parent Warehouse,FC01,15
ADD,100014399,Parent Warehouse,FC01,15
ADD,100014404,Parent Warehouse,FC01,15
ADD,100014405,Parent Warehouse,FC01,15
ADD,100014407,Parent Warehouse,FC01,15
ADD,100014408,Parent Warehouse,FC01,15
ADD,100014409,Parent Warehouse,FC01,15
ADD,100014410,Parent Warehouse,FC01,15
ADD,100014411,Parent Warehouse,FC01,15
ADD,100014412,Parent Warehouse,FC01,15
ADD,100014413,Parent Warehouse,FC01,15
ADD,100014414,Parent Warehouse,FC01,15
ADD,100014415,Parent Warehouse,FC01,15
ADD,100014416,Parent Warehouse,FC01,15
ADD,100014417,Parent Warehouse,FC01,15
ADD,100014418,Parent Warehouse,FC01,15
ADD,100014419,Parent Warehouse,FC01,15
ADD,100014420,Parent Warehouse,FC01,15
ADD,100014422,Parent Warehouse,FC01,15
ADD,100014424,Parent Warehouse,FC01,15
ADD,100014425,Parent Warehouse,FC01,15
ADD,100014428,Parent Warehouse,FC01,15
ADD,100014429,Parent Warehouse,FC01,15
ADD,100014431,Parent Warehouse,FC01,15
ADD,100014433,Parent Warehouse,FC01,15
ADD,100014434,Parent Warehouse,FC01,15
ADD,100014435,Parent Warehouse,FC01,15
ADD,100014436,Parent Warehouse,FC01,15
ADD,100014437,Parent Warehouse,FC01,15
ADD,100014438,Parent Warehouse,FC01,15
ADD,100014439,Parent Warehouse,FC01,15
ADD,100014440,Parent Warehouse,FC01,15
ADD,100014441,Parent Warehouse,FC01,15
ADD,100014442,Parent Warehouse,FC01,15
ADD,100014443,Parent Warehouse,FC01,15
ADD,100014444,Parent Warehouse,FC01,15
ADD,100014445,Parent Warehouse,FC01,15
ADD,100014446,Parent Warehouse,FC01,15
ADD,100014448,Parent Warehouse,FC01,15
ADD,100014449,Parent Warehouse,FC01,15
ADD,100014450,Parent Warehouse,FC01,15
ADD,100014452,Parent Warehouse,FC01,15
ADD,100014453,Parent Warehouse,FC01,15
ADD,100014454,Parent Warehouse,FC01,15
ADD,100014455,Parent Warehouse,FC01,15
ADD,100014463,Parent Warehouse,FC01,15
ADD,100014464,Parent Warehouse,FC01,15
ADD,100014465,Parent Warehouse,FC01,15
ADD,100014466,Parent Warehouse,FC01,15
ADD,100014469,Parent Warehouse,FC01,15
ADD,100014471,Parent Warehouse,FC01,15
ADD,100014476,Parent Warehouse,FC01,15
ADD,100014479,Parent Warehouse,FC01,15
ADD,100014483,Parent Warehouse,FC01,15
ADD,100014487,Parent Warehouse,FC01,15
ADD,100014489,Parent Warehouse,FC01,15
ADD,100014490,Parent Warehouse,FC01,15
ADD,100014491,Parent Warehouse,FC01,15
ADD,100014495,Parent Warehouse,FC01,15
ADD,100014498,Parent Warehouse,FC01,15
ADD,100014499,Parent Warehouse,FC01,15
ADD,100014503,Parent Warehouse,FC01,15
ADD,100014504,Parent Warehouse,FC01,15
ADD,100014505,Parent Warehouse,FC01,15
ADD,100014506,Parent Warehouse,FC01,15
ADD,100014508,Parent Warehouse,FC01,15
ADD,100014509,Parent Warehouse,FC01,15
ADD,100014510,Parent Warehouse,FC01,15
ADD,100014517,Parent Warehouse,FC01,15
ADD,100014519,Parent Warehouse,FC01,15
ADD,100014520,Parent Warehouse,FC01,15
ADD,100014521,Parent Warehouse,FC01,15
ADD,100014522,Parent Warehouse,FC01,15
ADD,100014528,Parent Warehouse,FC01,15
ADD,100014529,Parent Warehouse,FC01,15
ADD,100014530,Parent Warehouse,FC01,15
ADD,100014532,Parent Warehouse,FC01,15
ADD,100014533,Parent Warehouse,FC01,15
ADD,100014536,Parent Warehouse,FC01,15
ADD,100014539,Parent Warehouse,FC01,15
ADD,100014541,Parent Warehouse,FC01,15
ADD,100014543,Parent Warehouse,FC01,15
ADD,100014546,Parent Warehouse,FC01,15
ADD,100014548,Parent Warehouse,FC01,15
ADD,100014550,Parent Warehouse,FC01,15
ADD,100014556,Parent Warehouse,FC01,15
ADD,100014557,Parent Warehouse,FC01,15
ADD,100014559,Parent Warehouse,FC01,15
ADD,100014560,Parent Warehouse,FC01,15
ADD,100014561,Parent Warehouse,FC01,15
ADD,100014562,Parent Warehouse,FC01,15
ADD,100014563,Parent Warehouse,FC01,15
ADD,100014564,Parent Warehouse,FC01,15
ADD,100014565,Parent Warehouse,FC01,15
ADD,100014568,Parent Warehouse,FC01,15
