Item List Desc,Option ID
ItemListDescription1,100015528
ItemListDescription2,100015535
ItemListDescription3,100015537
ItemListDescription4,100015538
ItemListDescription5,100015539
ItemListDescription6,100015540
ItemListDescription7,100015541
ItemListDescription8,100015542
ItemListDescription9,100015543
ItemListDescription10,100015544
ItemListDescription11,100015546
ItemListDescription12,100015547
ItemListDescription13,100015548
ItemListDescription14,100015549
ItemListDescription15,100015550
ItemListDescription16,100015551
ItemListDescription17,100015552
ItemListDescription18,100015553
ItemListDescription19,100015554
ItemListDescription20,100015561
ItemListDescription21,100015565
ItemListDescription22,100015566
ItemListDescription23,100015568
ItemListDescription24,100015570
ItemListDescription25,100015572
ItemListDescription26,100015574
ItemListDescription27,100015580
ItemListDescription28,100015582
ItemListDescription29,100015583
ItemListDescription30,100015585
ItemListDescription31,100015591
ItemListDescription32,100015593
ItemListDescription33,100015596
ItemListDescription34,100015598
ItemListDescription35,100015599
ItemListDescription36,100015601
ItemListDescription37,100015607
ItemListDescription38,100015610
ItemListDescription39,100015611
ItemListDescription40,100015612
ItemListDescription41,100015614
ItemListDescription42,100015621
ItemListDescription43,100015632
ItemListDescription44,100015638
ItemListDescription45,100015639
ItemListDescription46,100015640
ItemListDescription47,100015641
ItemListDescription48,100015642
ItemListDescription49,100015649
ItemListDescription50,100015650
ItemListDescription51,100015657
ItemListDescription52,100015659
ItemListDescription53,100015660
ItemListDescription54,100015662
ItemListDescription55,100015663
ItemListDescription56,100015664
ItemListDescription57,100015665
ItemListDescription58,100015667
ItemListDescription59,100015669
ItemListDescription60,100015670
ItemListDescription61,100015672
ItemListDescription62,100015673
ItemListDescription63,100015674
ItemListDescription64,100015676
ItemListDescription65,100015682
ItemListDescription66,100015683
ItemListDescription67,100015684
ItemListDescription68,100015685
ItemListDescription69,100015687
ItemListDescription70,100015688
ItemListDescription71,100015691
ItemListDescription72,100015692
ItemListDescription73,100015693
ItemListDescription74,100015694
ItemListDescription75,100015695
ItemListDescription76,100015697
ItemListDescription77,100015698
ItemListDescription78,100015699
ItemListDescription79,100015700
ItemListDescription80,100015701
ItemListDescription81,100015702
ItemListDescription82,100015704
ItemListDescription83,100015706
ItemListDescription84,100015707
ItemListDescription85,100015708
ItemListDescription86,100015709
ItemListDescription87,100015710
ItemListDescription88,100015711
ItemListDescription89,100015712
ItemListDescription90,100015713
ItemListDescription91,100015714
ItemListDescription92,100015715
ItemListDescription93,100015716
ItemListDescription94,100015717
ItemListDescription95,100015718
ItemListDescription96,100015721
ItemListDescription97,100015722
ItemListDescription98,100015723
ItemListDescription99,100015724
ItemListDescription100,100015725
ItemListDescription101,100015726
ItemListDescription102,100015727
ItemListDescription103,100015728
ItemListDescription104,100015732
ItemListDescription105,100015733
ItemListDescription106,100015734
ItemListDescription107,100015735
ItemListDescription108,100015736
ItemListDescription109,100015737
ItemListDescription110,100015739
ItemListDescription111,100015740
ItemListDescription112,100015742
ItemListDescription113,100015744
ItemListDescription114,100015745
ItemListDescription115,100015746
ItemListDescription116,100015747
ItemListDescription117,100015748
ItemListDescription118,100015749
ItemListDescription119,100015750
ItemListDescription120,100015751
ItemListDescription121,100015754
ItemListDescription122,100015755
ItemListDescription123,100015756
ItemListDescription124,100015760
ItemListDescription125,100015761
ItemListDescription126,100015762
ItemListDescription127,100015763
ItemListDescription128,100015765
ItemListDescription129,100015767
ItemListDescription130,100015768
ItemListDescription131,100015769
ItemListDescription132,100015770
ItemListDescription133,100015771
ItemListDescription134,100015773
ItemListDescription135,100015774
ItemListDescription136,100015779
ItemListDescription137,100015782
ItemListDescription138,100015783
ItemListDescription139,100015784
ItemListDescription140,100015785
ItemListDescription141,100015788
ItemListDescription142,100015789
ItemListDescription143,100015790
ItemListDescription144,100015791
ItemListDescription145,100015792
ItemListDescription146,100015794
ItemListDescription147,100015795
ItemListDescription148,100015796
ItemListDescription149,100015798
ItemListDescription150,100015799
ItemListDescription151,100015801
ItemListDescription152,100015802
ItemListDescription153,100015803
ItemListDescription154,100015805
ItemListDescription155,100015807
ItemListDescription156,100015808
ItemListDescription157,100015810
ItemListDescription158,100015811
ItemListDescription159,100015812
ItemListDescription160,100015816
ItemListDescription161,100015817
ItemListDescription162,100015819
ItemListDescription163,100015820
ItemListDescription164,100015821
ItemListDescription165,100015826
ItemListDescription166,100015827
ItemListDescription167,100015828
ItemListDescription168,100015829
ItemListDescription169,100015830
ItemListDescription170,100015831
ItemListDescription171,100015832
ItemListDescription172,100015833
ItemListDescription173,100015834
ItemListDescription174,100015835
ItemListDescription175,100015836
ItemListDescription176,100015838
ItemListDescription177,100015840
ItemListDescription178,100015841
ItemListDescription179,100015842
ItemListDescription180,100015844
ItemListDescription181,100015846
ItemListDescription182,100015847
ItemListDescription183,100015849
ItemListDescription184,100015855
ItemListDescription185,100015856
ItemListDescription186,100015857
ItemListDescription187,100015858
ItemListDescription188,100015859
ItemListDescription189,100015861
ItemListDescription190,100015864
ItemListDescription191,100015865
ItemListDescription192,100015866
ItemListDescription193,100015867
ItemListDescription194,100015868
ItemListDescription195,100015869
ItemListDescription196,100015870
ItemListDescription197,100015871
ItemListDescription198,100015872
ItemListDescription199,100015873
ItemListDescription200,100015874
ItemListDescription201,100015879
ItemListDescription202,100015880
ItemListDescription203,100015883
ItemListDescription204,100015884
ItemListDescription205,100015885
ItemListDescription206,100015888
ItemListDescription207,100015892
ItemListDescription208,100015893
ItemListDescription209,100015897
ItemListDescription210,100015904
ItemListDescription211,100015905
ItemListDescription212,100015907
ItemListDescription213,100015908
ItemListDescription214,100015909
ItemListDescription215,100015910
ItemListDescription216,100015911
ItemListDescription217,100015913
ItemListDescription218,100015915
ItemListDescription219,100015916
ItemListDescription220,100015917
ItemListDescription221,100015918
ItemListDescription222,100015919
ItemListDescription223,100015921
ItemListDescription224,100015922
ItemListDescription225,100015923
ItemListDescription226,100015924
ItemListDescription227,100015927
ItemListDescription228,100015931
ItemListDescription229,100015935
ItemListDescription230,100015936
ItemListDescription231,100015937
ItemListDescription232,100015939
ItemListDescription233,100015941
ItemListDescription234,100015942
ItemListDescription235,100015953
ItemListDescription236,100015954
ItemListDescription237,100015955
ItemListDescription238,100015956
ItemListDescription239,100015958
ItemListDescription240,100015959
ItemListDescription241,100015960
ItemListDescription242,100015961
ItemListDescription243,100015962
ItemListDescription244,100015963
ItemListDescription245,100015964
ItemListDescription246,100015965
ItemListDescription247,100015971
ItemListDescription248,100015972
ItemListDescription249,100015975
ItemListDescription250,100015976
