Option ID,Zone Group,Zone,Reason Code,Effective Date,Change Type,Change Amount,Change Percent,Price Guide,Auto-Approve
100278377,2,100,20,24/12/2025,0,,-25,Y,Y
100278394,2,100,20,24/12/2025,0,,-25,Y,Y
100278400,2,100,20,24/12/2025,0,,-25,Y,Y
100278402,2,100,20,24/12/2025,0,,-25,Y,Y
100278409,2,100,20,24/12/2025,0,,-25,Y,Y
100278413,2,100,20,24/12/2025,0,,-25,Y,Y
100278428,2,100,20,24/12/2025,0,,-25,Y,Y
100278430,2,100,20,24/12/2025,0,,-25,Y,Y
100278434,2,100,20,24/12/2025,0,,-25,Y,Y
100278445,2,100,20,24/12/2025,0,,-25,Y,Y
100278448,2,100,20,24/12/2025,0,,-25,Y,Y
100278454,2,100,20,24/12/2025,0,,-25,Y,Y
100278457,2,100,20,24/12/2025,0,,-25,Y,Y
100278466,2,100,20,24/12/2025,0,,-25,Y,Y
100278467,2,100,20,24/12/2025,0,,-25,Y,Y
100278475,2,100,20,24/12/2025,0,,-25,Y,Y
100278489,2,100,20,24/12/2025,0,,-25,Y,Y
100278492,2,100,20,24/12/2025,0,,-25,Y,Y
100278498,2,100,20,24/12/2025,0,,-25,Y,Y
100278515,2,100,20,24/12/2025,0,,-25,Y,Y
100278518,2,100,20,24/12/2025,0,,-25,Y,Y
100278524,2,100,20,24/12/2025,0,,-25,Y,Y
100278529,2,100,20,24/12/2025,0,,-25,Y,Y
100278533,2,100,20,24/12/2025,0,,-25,Y,Y
100278535,2,100,20,24/12/2025,0,,-25,Y,Y
100278547,2,100,20,24/12/2025,0,,-25,Y,Y
100278568,2,100,20,24/12/2025,0,,-25,Y,Y
100278606,2,100,20,24/12/2025,0,,-25,Y,Y
100278613,2,100,20,24/12/2025,0,,-25,Y,Y
100278653,2,100,20,24/12/2025,0,,-25,Y,Y
100278661,2,100,20,24/12/2025,0,,-25,Y,Y
100278687,2,100,20,24/12/2025,0,,-25,Y,Y
100278722,2,100,20,24/12/2025,0,,-25,Y,Y
100278739,2,100,20,24/12/2025,0,,-25,Y,Y
100278740,2,100,20,24/12/2025,0,,-25,Y,Y
100278787,2,100,20,24/12/2025,0,,-25,Y,Y
100278816,2,100,20,24/12/2025,0,,-25,Y,Y
100278822,2,100,20,24/12/2025,0,,-25,Y,Y
100278839,2,100,20,24/12/2025,0,,-25,Y,Y
100278840,2,100,20,24/12/2025,0,,-25,Y,Y
100278844,2,100,20,24/12/2025,0,,-25,Y,Y
100278847,2,100,20,24/12/2025,0,,-25,Y,Y
100278854,2,100,20,24/12/2025,0,,-25,Y,Y
100278856,2,100,20,24/12/2025,0,,-25,Y,Y
100278861,2,100,20,24/12/2025,0,,-25,Y,Y
100278866,2,100,20,24/12/2025,0,,-25,Y,Y
100278883,2,100,20,24/12/2025,0,,-25,Y,Y
100278892,2,100,20,24/12/2025,0,,-25,Y,Y
100278912,2,100,20,24/12/2025,0,,-25,Y,Y
100278954,2,100,20,24/12/2025,0,,-25,Y,Y
100278956,2,100,20,24/12/2025,0,,-25,Y,Y
100279008,2,100,20,24/12/2025,0,,-25,Y,Y
100279021,2,100,20,24/12/2025,0,,-25,Y,Y
100279030,2,100,20,24/12/2025,0,,-25,Y,Y
100279038,2,100,20,24/12/2025,0,,-25,Y,Y
100279044,2,100,20,24/12/2025,0,,-25,Y,Y
100279060,2,100,20,24/12/2025,0,,-25,Y,Y
100279068,2,100,20,24/12/2025,0,,-25,Y,Y
100279102,2,100,20,24/12/2025,0,,-25,Y,Y
100279104,2,100,20,24/12/2025,0,,-25,Y,Y
100279108,2,100,20,24/12/2025,0,,-25,Y,Y
100279133,2,100,20,24/12/2025,0,,-25,Y,Y
100279162,2,100,20,24/12/2025,0,,-25,Y,Y
100279163,2,100,20,24/12/2025,0,,-25,Y,Y
100279184,2,100,20,24/12/2025,0,,-25,Y,Y
100279185,2,100,20,24/12/2025,0,,-25,Y,Y
100279199,2,100,20,24/12/2025,0,,-25,Y,Y
100279255,2,100,20,24/12/2025,0,,-25,Y,Y
100279261,2,100,20,24/12/2025,0,,-25,Y,Y
100279291,2,100,20,24/12/2025,0,,-25,Y,Y
100279298,2,100,20,24/12/2025,0,,-25,Y,Y
100279317,2,100,20,24/12/2025,0,,-25,Y,Y
100279322,2,100,20,24/12/2025,0,,-25,Y,Y
100279336,2,100,20,24/12/2025,0,,-25,Y,Y
100279341,2,100,20,24/12/2025,0,,-25,Y,Y
100279393,2,100,20,24/12/2025,0,,-25,Y,Y
100279405,2,100,20,24/12/2025,0,,-25,Y,Y
100279482,2,100,20,24/12/2025,0,,-25,Y,Y
100279490,2,100,20,24/12/2025,0,,-25,Y,Y
100279492,2,100,20,24/12/2025,0,,-25,Y,Y
100279494,2,100,20,24/12/2025,0,,-25,Y,Y
100279497,2,100,20,24/12/2025,0,,-25,Y,Y
100279504,2,100,20,24/12/2025,0,,-25,Y,Y
100279506,2,100,20,24/12/2025,0,,-25,Y,Y
100279507,2,100,20,24/12/2025,0,,-25,Y,Y
100279521,2,100,20,24/12/2025,0,,-25,Y,Y
100279522,2,100,20,24/12/2025,0,,-25,Y,Y
100279526,2,100,20,24/12/2025,0,,-25,Y,Y
100279529,2,100,20,24/12/2025,0,,-25,Y,Y
100279534,2,100,20,24/12/2025,0,,-25,Y,Y
100279543,2,100,20,24/12/2025,0,,-25,Y,Y
100279550,2,100,20,24/12/2025,0,,-25,Y,Y
100279557,2,100,20,24/12/2025,0,,-25,Y,Y
100279558,2,100,20,24/12/2025,0,,-25,Y,Y
100279565,2,100,20,24/12/2025,0,,-25,Y,Y
100279571,2,100,20,24/12/2025,0,,-25,Y,Y
100279575,2,100,20,24/12/2025,0,,-25,Y,Y
100279601,2,100,20,24/12/2025,0,,-25,Y,Y
100279607,2,100,20,24/12/2025,0,,-25,Y,Y
100279614,2,100,20,24/12/2025,0,,-25,Y,Y
100279619,2,100,20,24/12/2025,0,,-25,Y,Y
100279639,2,100,20,24/12/2025,0,,-25,Y,Y
100279647,2,100,20,24/12/2025,0,,-25,Y,Y
100279649,2,100,20,24/12/2025,0,,-25,Y,Y
100279650,2,100,20,24/12/2025,0,,-25,Y,Y
100279661,2,100,20,24/12/2025,0,,-25,Y,Y
100279669,2,100,20,24/12/2025,0,,-25,Y,Y
100279694,2,100,20,24/12/2025,0,,-25,Y,Y
100279695,2,100,20,24/12/2025,0,,-25,Y,Y
100279717,2,100,20,24/12/2025,0,,-25,Y,Y
100279734,2,100,20,24/12/2025,0,,-25,Y,Y
100279737,2,100,20,24/12/2025,0,,-25,Y,Y
100279738,2,100,20,24/12/2025,0,,-25,Y,Y
100279791,2,100,20,24/12/2025,0,,-25,Y,Y
100279803,2,100,20,24/12/2025,0,,-25,Y,Y
100279822,2,100,20,24/12/2025,0,,-25,Y,Y
100279824,2,100,20,24/12/2025,0,,-25,Y,Y
100279840,2,100,20,24/12/2025,0,,-25,Y,Y
100279849,2,100,20,24/12/2025,0,,-25,Y,Y
100279862,2,100,20,24/12/2025,0,,-25,Y,Y
100279934,2,100,20,24/12/2025,0,,-25,Y,Y
100279936,2,100,20,24/12/2025,0,,-25,Y,Y
100279978,2,100,20,24/12/2025,0,,-25,Y,Y
100279988,2,100,20,24/12/2025,0,,-25,Y,Y
100279994,2,100,20,24/12/2025,0,,-25,Y,Y
100280008,2,100,20,24/12/2025,0,,-25,Y,Y
100280011,2,100,20,24/12/2025,0,,-25,Y,Y
100280015,2,100,20,24/12/2025,0,,-25,Y,Y
100280030,2,100,20,24/12/2025,0,,-25,Y,Y
100280037,2,100,20,24/12/2025,0,,-25,Y,Y
100280040,2,100,20,24/12/2025,0,,-25,Y,Y
100280058,2,100,20,24/12/2025,0,,-25,Y,Y
100280064,2,100,20,24/12/2025,0,,-25,Y,Y
100280067,2,100,20,24/12/2025,0,,-25,Y,Y
100280078,2,100,20,24/12/2025,0,,-25,Y,Y
100280085,2,100,20,24/12/2025,0,,-25,Y,Y
100280100,2,100,20,24/12/2025,0,,-25,Y,Y
100280113,2,100,20,24/12/2025,0,,-25,Y,Y
100280114,2,100,20,24/12/2025,0,,-25,Y,Y
100280115,2,100,20,24/12/2025,0,,-25,Y,Y
100280122,2,100,20,24/12/2025,0,,-25,Y,Y
100280124,2,100,20,24/12/2025,0,,-25,Y,Y
100280143,2,100,20,24/12/2025,0,,-25,Y,Y
100280145,2,100,20,24/12/2025,0,,-25,Y,Y
100280191,2,100,20,24/12/2025,0,,-25,Y,Y
100280200,2,100,20,24/12/2025,0,,-25,Y,Y
100280211,2,100,20,24/12/2025,0,,-25,Y,Y
100280212,2,100,20,24/12/2025,0,,-25,Y,Y
100280237,2,100,20,24/12/2025,0,,-25,Y,Y
100280238,2,100,20,24/12/2025,0,,-25,Y,Y
100280249,2,100,20,24/12/2025,0,,-25,Y,Y
100280256,2,100,20,24/12/2025,0,,-25,Y,Y
100280262,2,100,20,24/12/2025,0,,-25,Y,Y
100280270,2,100,20,24/12/2025,0,,-25,Y,Y
100280278,2,100,20,24/12/2025,0,,-25,Y,Y
100280281,2,100,20,24/12/2025,0,,-25,Y,Y
100280296,2,100,20,24/12/2025,0,,-25,Y,Y
100280340,2,100,20,24/12/2025,0,,-25,Y,Y
100280348,2,100,20,24/12/2025,0,,-25,Y,Y
100280374,2,100,20,24/12/2025,0,,-25,Y,Y
100280376,2,100,20,24/12/2025,0,,-25,Y,Y
100280381,2,100,20,24/12/2025,0,,-25,Y,Y
100280383,2,100,20,24/12/2025,0,,-25,Y,Y
100280384,2,100,20,24/12/2025,0,,-25,Y,Y
100280402,2,100,20,24/12/2025,0,,-25,Y,Y
100280418,2,100,20,24/12/2025,0,,-25,Y,Y
100280475,2,100,20,24/12/2025,0,,-25,Y,Y
100280476,2,100,20,24/12/2025,0,,-25,Y,Y
100280483,2,100,20,24/12/2025,0,,-25,Y,Y
100280485,2,100,20,24/12/2025,0,,-25,Y,Y
100280488,2,100,20,24/12/2025,0,,-25,Y,Y
100280493,2,100,20,24/12/2025,0,,-25,Y,Y
100280502,2,100,20,24/12/2025,0,,-25,Y,Y
100280510,2,100,20,24/12/2025,0,,-25,Y,Y
100280522,2,100,20,24/12/2025,0,,-25,Y,Y
100280544,2,100,20,24/12/2025,0,,-25,Y,Y
100280554,2,100,20,24/12/2025,0,,-25,Y,Y
100280563,2,100,20,24/12/2025,0,,-25,Y,Y
100280570,2,100,20,24/12/2025,0,,-25,Y,Y
100280580,2,100,20,24/12/2025,0,,-25,Y,Y
100280615,2,100,20,24/12/2025,0,,-25,Y,Y
100280618,2,100,20,24/12/2025,0,,-25,Y,Y
100280621,2,100,20,24/12/2025,0,,-25,Y,Y
100280631,2,100,20,24/12/2025,0,,-25,Y,Y
100280633,2,100,20,24/12/2025,0,,-25,Y,Y
100280654,2,100,20,24/12/2025,0,,-25,Y,Y
100280671,2,100,20,24/12/2025,0,,-25,Y,Y
100280675,2,100,20,24/12/2025,0,,-25,Y,Y
100280682,2,100,20,24/12/2025,0,,-25,Y,Y
100280688,2,100,20,24/12/2025,0,,-25,Y,Y
100280690,2,100,20,24/12/2025,0,,-25,Y,Y
100280697,2,100,20,24/12/2025,0,,-25,Y,Y
100280712,2,100,20,24/12/2025,0,,-25,Y,Y
100280723,2,100,20,24/12/2025,0,,-25,Y,Y
100280728,2,100,20,24/12/2025,0,,-25,Y,Y
100280735,2,100,20,24/12/2025,0,,-25,Y,Y
100280745,2,100,20,24/12/2025,0,,-25,Y,Y
100280764,2,100,20,24/12/2025,0,,-25,Y,Y
100280773,2,100,20,24/12/2025,0,,-25,Y,Y
100280787,2,100,20,24/12/2025,0,,-25,Y,Y
100280792,2,100,20,24/12/2025,0,,-25,Y,Y
100280793,2,100,20,24/12/2025,0,,-25,Y,Y
100280798,2,100,20,24/12/2025,0,,-25,Y,Y
100280804,2,100,20,24/12/2025,0,,-25,Y,Y
100280806,2,100,20,24/12/2025,0,,-25,Y,Y
100280864,2,100,20,24/12/2025,0,,-25,Y,Y
100280886,2,100,20,24/12/2025,0,,-25,Y,Y
100280890,2,100,20,24/12/2025,0,,-25,Y,Y
100280893,2,100,20,24/12/2025,0,,-25,Y,Y
100280895,2,100,20,24/12/2025,0,,-25,Y,Y
100280914,2,100,20,24/12/2025,0,,-25,Y,Y
100280923,2,100,20,24/12/2025,0,,-25,Y,Y
100280929,2,100,20,24/12/2025,0,,-25,Y,Y
100280938,2,100,20,24/12/2025,0,,-25,Y,Y
100280952,2,100,20,24/12/2025,0,,-25,Y,Y
100280953,2,100,20,24/12/2025,0,,-25,Y,Y
100280959,2,100,20,24/12/2025,0,,-25,Y,Y
100280965,2,100,20,24/12/2025,0,,-25,Y,Y
100280967,2,100,20,24/12/2025,0,,-25,Y,Y
100280969,2,100,20,24/12/2025,0,,-25,Y,Y
100281002,2,100,20,24/12/2025,0,,-25,Y,Y
100281011,2,100,20,24/12/2025,0,,-25,Y,Y
100281017,2,100,20,24/12/2025,0,,-25,Y,Y
100281026,2,100,20,24/12/2025,0,,-25,Y,Y
100281028,2,100,20,24/12/2025,0,,-25,Y,Y
100281055,2,100,20,24/12/2025,0,,-25,Y,Y
100281056,2,100,20,24/12/2025,0,,-25,Y,Y
100281059,2,100,20,24/12/2025,0,,-25,Y,Y
100281063,2,100,20,24/12/2025,0,,-25,Y,Y
100281067,2,100,20,24/12/2025,0,,-25,Y,Y
100281081,2,100,20,24/12/2025,0,,-25,Y,Y
100281084,2,100,20,24/12/2025,0,,-25,Y,Y
100281101,2,100,20,24/12/2025,0,,-25,Y,Y
100281108,2,100,20,24/12/2025,0,,-25,Y,Y
100281125,2,100,20,24/12/2025,0,,-25,Y,Y
100281128,2,100,20,24/12/2025,0,,-25,Y,Y
100281134,2,100,20,24/12/2025,0,,-25,Y,Y
100281135,2,100,20,24/12/2025,0,,-25,Y,Y
100281137,2,100,20,24/12/2025,0,,-25,Y,Y
100281150,2,100,20,24/12/2025,0,,-25,Y,Y
100281155,2,100,20,24/12/2025,0,,-25,Y,Y
100281158,2,100,20,24/12/2025,0,,-25,Y,Y
100281159,2,100,20,24/12/2025,0,,-25,Y,Y
100281172,2,100,20,24/12/2025,0,,-25,Y,Y
100281215,2,100,20,24/12/2025,0,,-25,Y,Y
100281237,2,100,20,24/12/2025,0,,-25,Y,Y
100281250,2,100,20,24/12/2025,0,,-25,Y,Y
100281280,2,100,20,24/12/2025,0,,-25,Y,Y
100281286,2,100,20,24/12/2025,0,,-25,Y,Y
100281289,2,100,20,24/12/2025,0,,-25,Y,Y
100281294,2,100,20,24/12/2025,0,,-25,Y,Y
100281295,2,100,20,24/12/2025,0,,-25,Y,Y
100281306,2,100,20,24/12/2025,0,,-25,Y,Y
100281321,2,100,20,24/12/2025,0,,-25,Y,Y
100281331,2,100,20,24/12/2025,0,,-25,Y,Y
100281336,2,100,20,24/12/2025,0,,-25,Y,Y
100281348,2,100,20,24/12/2025,0,,-25,Y,Y
100281351,2,100,20,24/12/2025,0,,-25,Y,Y
100281363,2,100,20,24/12/2025,0,,-25,Y,Y
100281372,2,100,20,24/12/2025,0,,-25,Y,Y
100281386,2,100,20,24/12/2025,0,,-25,Y,Y
100281399,2,100,20,24/12/2025,0,,-25,Y,Y
100281401,2,100,20,24/12/2025,0,,-25,Y,Y
100281405,2,100,20,24/12/2025,0,,-25,Y,Y
100281407,2,100,20,24/12/2025,0,,-25,Y,Y
100281412,2,100,20,24/12/2025,0,,-25,Y,Y
100281424,2,100,20,24/12/2025,0,,-25,Y,Y
100281437,2,100,20,24/12/2025,0,,-25,Y,Y
100281459,2,100,20,24/12/2025,0,,-25,Y,Y
100281465,2,100,20,24/12/2025,0,,-25,Y,Y
100281477,2,100,20,24/12/2025,0,,-25,Y,Y
100281478,2,100,20,24/12/2025,0,,-25,Y,Y
100281483,2,100,20,24/12/2025,0,,-25,Y,Y
100281489,2,100,20,24/12/2025,0,,-25,Y,Y
100281499,2,100,20,24/12/2025,0,,-25,Y,Y
100281515,2,100,20,24/12/2025,0,,-25,Y,Y
100281517,2,100,20,24/12/2025,0,,-25,Y,Y
100281524,2,100,20,24/12/2025,0,,-25,Y,Y
100281535,2,100,20,24/12/2025,0,,-25,Y,Y
100281536,2,100,20,24/12/2025,0,,-25,Y,Y
100281539,2,100,20,24/12/2025,0,,-25,Y,Y
100281547,2,100,20,24/12/2025,0,,-25,Y,Y
100281551,2,100,20,24/12/2025,0,,-25,Y,Y
100281555,2,100,20,24/12/2025,0,,-25,Y,Y
100281561,2,100,20,24/12/2025,0,,-25,Y,Y
100281567,2,100,20,24/12/2025,0,,-25,Y,Y
100281575,2,100,20,24/12/2025,0,,-25,Y,Y
100281576,2,100,20,24/12/2025,0,,-25,Y,Y
100281581,2,100,20,24/12/2025,0,,-25,Y,Y
100281587,2,100,20,24/12/2025,0,,-25,Y,Y
100281628,2,100,20,24/12/2025,0,,-25,Y,Y
100281644,2,100,20,24/12/2025,0,,-25,Y,Y
100281647,2,100,20,24/12/2025,0,,-25,Y,Y
100281648,2,100,20,24/12/2025,0,,-25,Y,Y
100281673,2,100,20,24/12/2025,0,,-25,Y,Y
100281684,2,100,20,24/12/2025,0,,-25,Y,Y
100281691,2,100,20,24/12/2025,0,,-25,Y,Y
100281692,2,100,20,24/12/2025,0,,-25,Y,Y
100281693,2,100,20,24/12/2025,0,,-25,Y,Y
100281702,2,100,20,24/12/2025,0,,-25,Y,Y
100281704,2,100,20,24/12/2025,0,,-25,Y,Y
100281717,2,100,20,24/12/2025,0,,-25,Y,Y
100281721,2,100,20,24/12/2025,0,,-25,Y,Y
100281731,2,100,20,24/12/2025,0,,-25,Y,Y
100281751,2,100,20,24/12/2025,0,,-25,Y,Y
100281760,2,100,20,24/12/2025,0,,-25,Y,Y
100281780,2,100,20,24/12/2025,0,,-25,Y,Y
100281794,2,100,20,24/12/2025,0,,-25,Y,Y
100281795,2,100,20,24/12/2025,0,,-25,Y,Y
100281796,2,100,20,24/12/2025,0,,-25,Y,Y
100281822,2,100,20,24/12/2025,0,,-25,Y,Y
100281824,2,100,20,24/12/2025,0,,-25,Y,Y
100281827,2,100,20,24/12/2025,0,,-25,Y,Y
100281834,2,100,20,24/12/2025,0,,-25,Y,Y
100281838,2,100,20,24/12/2025,0,,-25,Y,Y
100281847,2,100,20,24/12/2025,0,,-25,Y,Y
100281848,2,100,20,24/12/2025,0,,-25,Y,Y
100281849,2,100,20,24/12/2025,0,,-25,Y,Y
100281854,2,100,20,24/12/2025,0,,-25,Y,Y
100281858,2,100,20,24/12/2025,0,,-25,Y,Y
100281863,2,100,20,24/12/2025,0,,-25,Y,Y
100281920,2,100,20,24/12/2025,0,,-25,Y,Y
100281937,2,100,20,24/12/2025,0,,-25,Y,Y
100281944,2,100,20,24/12/2025,0,,-25,Y,Y
100281958,2,100,20,24/12/2025,0,,-25,Y,Y
100281959,2,100,20,24/12/2025,0,,-25,Y,Y
100281964,2,100,20,24/12/2025,0,,-25,Y,Y
100281970,2,100,20,24/12/2025,0,,-25,Y,Y
100281975,2,100,20,24/12/2025,0,,-25,Y,Y
100281976,2,100,20,24/12/2025,0,,-25,Y,Y
100281979,2,100,20,24/12/2025,0,,-25,Y,Y
100281982,2,100,20,24/12/2025,0,,-25,Y,Y
100281991,2,100,20,24/12/2025,0,,-25,Y,Y
100281993,2,100,20,24/12/2025,0,,-25,Y,Y
100281999,2,100,20,24/12/2025,0,,-25,Y,Y
100282002,2,100,20,24/12/2025,0,,-25,Y,Y
100282010,2,100,20,24/12/2025,0,,-25,Y,Y
100282013,2,100,20,24/12/2025,0,,-25,Y,Y
100282017,2,100,20,24/12/2025,0,,-25,Y,Y
100282026,2,100,20,24/12/2025,0,,-25,Y,Y
100282034,2,100,20,24/12/2025,0,,-25,Y,Y
100282045,2,100,20,24/12/2025,0,,-25,Y,Y
100282058,2,100,20,24/12/2025,0,,-25,Y,Y
100282060,2,100,20,24/12/2025,0,,-25,Y,Y
100282061,2,100,20,24/12/2025,0,,-25,Y,Y
100282064,2,100,20,24/12/2025,0,,-25,Y,Y
100282070,2,100,20,24/12/2025,0,,-25,Y,Y
100282072,2,100,20,24/12/2025,0,,-25,Y,Y
100282073,2,100,20,24/12/2025,0,,-25,Y,Y
100282091,2,100,20,24/12/2025,0,,-25,Y,Y
100282098,2,100,20,24/12/2025,0,,-25,Y,Y
100282122,2,100,20,24/12/2025,0,,-25,Y,Y
100282126,2,100,20,24/12/2025,0,,-25,Y,Y
100282144,2,100,20,24/12/2025,0,,-25,Y,Y
100282147,2,100,20,24/12/2025,0,,-25,Y,Y
100282177,2,100,20,24/12/2025,0,,-25,Y,Y
100282184,2,100,20,24/12/2025,0,,-25,Y,Y
100282185,2,100,20,24/12/2025,0,,-25,Y,Y
100282192,2,100,20,24/12/2025,0,,-25,Y,Y
100282205,2,100,20,24/12/2025,0,,-25,Y,Y
100282207,2,100,20,24/12/2025,0,,-25,Y,Y
100282211,2,100,20,24/12/2025,0,,-25,Y,Y
100282212,2,100,20,24/12/2025,0,,-25,Y,Y
100282213,2,100,20,24/12/2025,0,,-25,Y,Y
100282473,2,100,20,24/12/2025,0,,-25,Y,Y
100282490,2,100,20,24/12/2025,0,,-25,Y,Y
100282503,2,100,20,24/12/2025,0,,-25,Y,Y
100282531,2,100,20,24/12/2025,0,,-25,Y,Y
100282586,2,100,20,24/12/2025,0,,-25,Y,Y
100282606,2,100,20,24/12/2025,0,,-25,Y,Y
100282613,2,100,20,24/12/2025,0,,-25,Y,Y
100282629,2,100,20,24/12/2025,0,,-25,Y,Y
100282639,2,100,20,24/12/2025,0,,-25,Y,Y
100282666,2,100,20,24/12/2025,0,,-25,Y,Y
100282684,2,100,20,24/12/2025,0,,-25,Y,Y
100282692,2,100,20,24/12/2025,0,,-25,Y,Y
100282693,2,100,20,24/12/2025,0,,-25,Y,Y
100282705,2,100,20,24/12/2025,0,,-25,Y,Y
100282708,2,100,20,24/12/2025,0,,-25,Y,Y
100282710,2,100,20,24/12/2025,0,,-25,Y,Y
100282714,2,100,20,24/12/2025,0,,-25,Y,Y
100282732,2,100,20,24/12/2025,0,,-25,Y,Y
100282762,2,100,20,24/12/2025,0,,-25,Y,Y
100282775,2,100,20,24/12/2025,0,,-25,Y,Y
100282777,2,100,20,24/12/2025,0,,-25,Y,Y
100282778,2,100,20,24/12/2025,0,,-25,Y,Y
100282791,2,100,20,24/12/2025,0,,-25,Y,Y
100282814,2,100,20,24/12/2025,0,,-25,Y,Y
100282832,2,100,20,24/12/2025,0,,-25,Y,Y
100282847,2,100,20,24/12/2025,0,,-25,Y,Y
100282867,2,100,20,24/12/2025,0,,-25,Y,Y
100282880,2,100,20,24/12/2025,0,,-25,Y,Y
100282882,2,100,20,24/12/2025,0,,-25,Y,Y
100282916,2,100,20,24/12/2025,0,,-25,Y,Y
100282918,2,100,20,24/12/2025,0,,-25,Y,Y
100282929,2,100,20,24/12/2025,0,,-25,Y,Y
100282935,2,100,20,24/12/2025,0,,-25,Y,Y
100282936,2,100,20,24/12/2025,0,,-25,Y,Y
100282937,2,100,20,24/12/2025,0,,-25,Y,Y
100282959,2,100,20,24/12/2025,0,,-25,Y,Y
100282978,2,100,20,24/12/2025,0,,-25,Y,Y
100283026,2,100,20,24/12/2025,0,,-25,Y,Y
100283058,2,100,20,24/12/2025,0,,-25,Y,Y
100283123,2,100,20,24/12/2025,0,,-25,Y,Y
100283155,2,100,20,24/12/2025,0,,-25,Y,Y
100283158,2,100,20,24/12/2025,0,,-25,Y,Y
100283182,2,100,20,24/12/2025,0,,-25,Y,Y
100283215,2,100,20,24/12/2025,0,,-25,Y,Y
100283243,2,100,20,24/12/2025,0,,-25,Y,Y
100283245,2,100,20,24/12/2025,0,,-25,Y,Y
100283251,2,100,20,24/12/2025,0,,-25,Y,Y
100283275,2,100,20,24/12/2025,0,,-25,Y,Y
100283279,2,100,20,24/12/2025,0,,-25,Y,Y
100283310,2,100,20,24/12/2025,0,,-25,Y,Y
100283335,2,100,20,24/12/2025,0,,-25,Y,Y
100283361,2,100,20,24/12/2025,0,,-25,Y,Y
100283382,2,100,20,24/12/2025,0,,-25,Y,Y
100283396,2,100,20,24/12/2025,0,,-25,Y,Y
100283418,2,100,20,24/12/2025,0,,-25,Y,Y
100283445,2,100,20,24/12/2025,0,,-25,Y,Y
100283449,2,100,20,24/12/2025,0,,-25,Y,Y
100283460,2,100,20,24/12/2025,0,,-25,Y,Y
100283463,2,100,20,24/12/2025,0,,-25,Y,Y
100283526,2,100,20,24/12/2025,0,,-25,Y,Y
100283527,2,100,20,24/12/2025,0,,-25,Y,Y
100283546,2,100,20,24/12/2025,0,,-25,Y,Y
100283549,2,100,20,24/12/2025,0,,-25,Y,Y
100283550,2,100,20,24/12/2025,0,,-25,Y,Y
100283554,2,100,20,24/12/2025,0,,-25,Y,Y
100283562,2,100,20,24/12/2025,0,,-25,Y,Y
100283571,2,100,20,24/12/2025,0,,-25,Y,Y
100283605,2,100,20,24/12/2025,0,,-25,Y,Y
100283611,2,100,20,24/12/2025,0,,-25,Y,Y
100283640,2,100,20,24/12/2025,0,,-25,Y,Y
100283654,2,100,20,24/12/2025,0,,-25,Y,Y
100283678,2,100,20,24/12/2025,0,,-25,Y,Y
100283684,2,100,20,24/12/2025,0,,-25,Y,Y
100283703,2,100,20,24/12/2025,0,,-25,Y,Y
100283709,2,100,20,24/12/2025,0,,-25,Y,Y
100283727,2,100,20,24/12/2025,0,,-25,Y,Y
100283764,2,100,20,24/12/2025,0,,-25,Y,Y
100283780,2,100,20,24/12/2025,0,,-25,Y,Y
100283783,2,100,20,24/12/2025,0,,-25,Y,Y
100283796,2,100,20,24/12/2025,0,,-25,Y,Y
100283819,2,100,20,24/12/2025,0,,-25,Y,Y
100283858,2,100,20,24/12/2025,0,,-25,Y,Y
100283890,2,100,20,24/12/2025,0,,-25,Y,Y
100283926,2,100,20,24/12/2025,0,,-25,Y,Y
100283968,2,100,20,24/12/2025,0,,-25,Y,Y
100283970,2,100,20,24/12/2025,0,,-25,Y,Y
100283971,2,100,20,24/12/2025,0,,-25,Y,Y
100284013,2,100,20,24/12/2025,0,,-25,Y,Y
100284014,2,100,20,24/12/2025,0,,-25,Y,Y
100284022,2,100,20,24/12/2025,0,,-25,Y,Y
100284025,2,100,20,24/12/2025,0,,-25,Y,Y
100284027,2,100,20,24/12/2025,0,,-25,Y,Y
100284058,2,100,20,24/12/2025,0,,-25,Y,Y
100284066,2,100,20,24/12/2025,0,,-25,Y,Y
100284085,2,100,20,24/12/2025,0,,-25,Y,Y
100284089,2,100,20,24/12/2025,0,,-25,Y,Y
100284108,2,100,20,24/12/2025,0,,-25,Y,Y
100284109,2,100,20,24/12/2025,0,,-25,Y,Y
100284120,2,100,20,24/12/2025,0,,-25,Y,Y
100284126,2,100,20,24/12/2025,0,,-25,Y,Y
100284150,2,100,20,24/12/2025,0,,-25,Y,Y
100284153,2,100,20,24/12/2025,0,,-25,Y,Y
100284229,2,100,20,24/12/2025,0,,-25,Y,Y
100284235,2,100,20,24/12/2025,0,,-25,Y,Y
100284239,2,100,20,24/12/2025,0,,-25,Y,Y
100284282,2,100,20,24/12/2025,0,,-25,Y,Y
100284290,2,100,20,24/12/2025,0,,-25,Y,Y
100284315,2,100,20,24/12/2025,0,,-25,Y,Y
100284320,2,100,20,24/12/2025,0,,-25,Y,Y
100284336,2,100,20,24/12/2025,0,,-25,Y,Y
100284358,2,100,20,24/12/2025,0,,-25,Y,Y
100284369,2,100,20,24/12/2025,0,,-25,Y,Y
100284370,2,100,20,24/12/2025,0,,-25,Y,Y
100284377,2,100,20,24/12/2025,0,,-25,Y,Y
100284388,2,100,20,24/12/2025,0,,-25,Y,Y
100284390,2,100,20,24/12/2025,0,,-25,Y,Y
100284412,2,100,20,24/12/2025,0,,-25,Y,Y
100284414,2,100,20,24/12/2025,0,,-25,Y,Y
100284425,2,100,20,24/12/2025,0,,-25,Y,Y
100284440,2,100,20,24/12/2025,0,,-25,Y,Y
100284466,2,100,20,24/12/2025,0,,-25,Y,Y
100284495,2,100,20,24/12/2025,0,,-25,Y,Y
100284521,2,100,20,24/12/2025,0,,-25,Y,Y
100284535,2,100,20,24/12/2025,0,,-25,Y,Y
100284540,2,100,20,24/12/2025,0,,-25,Y,Y
100284559,2,100,20,24/12/2025,0,,-25,Y,Y
100284575,2,100,20,24/12/2025,0,,-25,Y,Y
100284580,2,100,20,24/12/2025,0,,-25,Y,Y
100284599,2,100,20,24/12/2025,0,,-25,Y,Y
100284630,2,100,20,24/12/2025,0,,-25,Y,Y
100284691,2,100,20,24/12/2025,0,,-25,Y,Y
100284706,2,100,20,24/12/2025,0,,-25,Y,Y
100284710,2,100,20,24/12/2025,0,,-25,Y,Y
100284720,2,100,20,24/12/2025,0,,-25,Y,Y
100284726,2,100,20,24/12/2025,0,,-25,Y,Y
100284746,2,100,20,24/12/2025,0,,-25,Y,Y
100284793,2,100,20,24/12/2025,0,,-25,Y,Y
100284828,2,100,20,24/12/2025,0,,-25,Y,Y
100284831,2,100,20,24/12/2025,0,,-25,Y,Y
100284832,2,100,20,24/12/2025,0,,-25,Y,Y
100284834,2,100,20,24/12/2025,0,,-25,Y,Y
100284895,2,100,20,24/12/2025,0,,-25,Y,Y
100284896,2,100,20,24/12/2025,0,,-25,Y,Y
100284902,2,100,20,24/12/2025,0,,-25,Y,Y
100284910,2,100,20,24/12/2025,0,,-25,Y,Y
100284912,2,100,20,24/12/2025,0,,-25,Y,Y
100284913,2,100,20,24/12/2025,0,,-25,Y,Y
100284948,2,100,20,24/12/2025,0,,-25,Y,Y
100284954,2,100,20,24/12/2025,0,,-25,Y,Y
100284957,2,100,20,24/12/2025,0,,-25,Y,Y
100284964,2,100,20,24/12/2025,0,,-25,Y,Y
100284985,2,100,20,24/12/2025,0,,-25,Y,Y
100285009,2,100,20,24/12/2025,0,,-25,Y,Y
100285020,2,100,20,24/12/2025,0,,-25,Y,Y
100285052,2,100,20,24/12/2025,0,,-25,Y,Y
100285079,2,100,20,24/12/2025,0,,-25,Y,Y
100285103,2,100,20,24/12/2025,0,,-25,Y,Y
100285105,2,100,20,24/12/2025,0,,-25,Y,Y
100285108,2,100,20,24/12/2025,0,,-25,Y,Y
100285133,2,100,20,24/12/2025,0,,-25,Y,Y
100285139,2,100,20,24/12/2025,0,,-25,Y,Y
100285141,2,100,20,24/12/2025,0,,-25,Y,Y
100285149,2,100,20,24/12/2025,0,,-25,Y,Y
100285153,2,100,20,24/12/2025,0,,-25,Y,Y
100285160,2,100,20,24/12/2025,0,,-25,Y,Y
100285181,2,100,20,24/12/2025,0,,-25,Y,Y
100285188,2,100,20,24/12/2025,0,,-25,Y,Y
100285189,2,100,20,24/12/2025,0,,-25,Y,Y
100285206,2,100,20,24/12/2025,0,,-25,Y,Y
100285207,2,100,20,24/12/2025,0,,-25,Y,Y
100285233,2,100,20,24/12/2025,0,,-25,Y,Y
100285257,2,100,20,24/12/2025,0,,-25,Y,Y
100285259,2,100,20,24/12/2025,0,,-25,Y,Y
100285266,2,100,20,24/12/2025,0,,-25,Y,Y
100285281,2,100,20,24/12/2025,0,,-25,Y,Y
100285283,2,100,20,24/12/2025,0,,-25,Y,Y
100285330,2,100,20,24/12/2025,0,,-25,Y,Y
100285360,2,100,20,24/12/2025,0,,-25,Y,Y
100285396,2,100,20,24/12/2025,0,,-25,Y,Y
100285404,2,100,20,24/12/2025,0,,-25,Y,Y
100285409,2,100,20,24/12/2025,0,,-25,Y,Y
100285410,2,100,20,24/12/2025,0,,-25,Y,Y
100285414,2,100,20,24/12/2025,0,,-25,Y,Y
100285421,2,100,20,24/12/2025,0,,-25,Y,Y
100285434,2,100,20,24/12/2025,0,,-25,Y,Y
100285451,2,100,20,24/12/2025,0,,-25,Y,Y
100285462,2,100,20,24/12/2025,0,,-25,Y,Y
100285475,2,100,20,24/12/2025,0,,-25,Y,Y
100285476,2,100,20,24/12/2025,0,,-25,Y,Y
100285496,2,100,20,24/12/2025,0,,-25,Y,Y
100285524,2,100,20,24/12/2025,0,,-25,Y,Y
100285527,2,100,20,24/12/2025,0,,-25,Y,Y
100285528,2,100,20,24/12/2025,0,,-25,Y,Y
100285562,2,100,20,24/12/2025,0,,-25,Y,Y
100285585,2,100,20,24/12/2025,0,,-25,Y,Y
100285601,2,100,20,24/12/2025,0,,-25,Y,Y
100285627,2,100,20,24/12/2025,0,,-25,Y,Y
100285663,2,100,20,24/12/2025,0,,-25,Y,Y
100285669,2,100,20,24/12/2025,0,,-25,Y,Y
100285671,2,100,20,24/12/2025,0,,-25,Y,Y
100285672,2,100,20,24/12/2025,0,,-25,Y,Y
100285699,2,100,20,24/12/2025,0,,-25,Y,Y
100285714,2,100,20,24/12/2025,0,,-25,Y,Y
100285719,2,100,20,24/12/2025,0,,-25,Y,Y
100285724,2,100,20,24/12/2025,0,,-25,Y,Y
100285735,2,100,20,24/12/2025,0,,-25,Y,Y
100285737,2,100,20,24/12/2025,0,,-25,Y,Y
100285744,2,100,20,24/12/2025,0,,-25,Y,Y
100285746,2,100,20,24/12/2025,0,,-25,Y,Y
100285755,2,100,20,24/12/2025,0,,-25,Y,Y
100285764,2,100,20,24/12/2025,0,,-25,Y,Y
100285786,2,100,20,24/12/2025,0,,-25,Y,Y
100285814,2,100,20,24/12/2025,0,,-25,Y,Y
100285828,2,100,20,24/12/2025,0,,-25,Y,Y
100285830,2,100,20,24/12/2025,0,,-25,Y,Y
100285854,2,100,20,24/12/2025,0,,-25,Y,Y
100285877,2,100,20,24/12/2025,0,,-25,Y,Y
100285894,2,100,20,24/12/2025,0,,-25,Y,Y
100285907,2,100,20,24/12/2025,0,,-25,Y,Y
100285930,2,100,20,24/12/2025,0,,-25,Y,Y
100285960,2,100,20,24/12/2025,0,,-25,Y,Y
100285961,2,100,20,24/12/2025,0,,-25,Y,Y
100286016,2,100,20,24/12/2025,0,,-25,Y,Y
100286019,2,100,20,24/12/2025,0,,-25,Y,Y
100286059,2,100,20,24/12/2025,0,,-25,Y,Y
100286062,2,100,20,24/12/2025,0,,-25,Y,Y
100286073,2,100,20,24/12/2025,0,,-25,Y,Y
100286075,2,100,20,24/12/2025,0,,-25,Y,Y
100286077,2,100,20,24/12/2025,0,,-25,Y,Y
100286080,2,100,20,24/12/2025,0,,-25,Y,Y
100286114,2,100,20,24/12/2025,0,,-25,Y,Y
100286133,2,100,20,24/12/2025,0,,-25,Y,Y
100286146,2,100,20,24/12/2025,0,,-25,Y,Y
100286175,2,100,20,24/12/2025,0,,-25,Y,Y
100286179,2,100,20,24/12/2025,0,,-25,Y,Y
100286189,2,100,20,24/12/2025,0,,-25,Y,Y
100286201,2,100,20,24/12/2025,0,,-25,Y,Y
100286219,2,100,20,24/12/2025,0,,-25,Y,Y
100286247,2,100,20,24/12/2025,0,,-25,Y,Y
100286255,2,100,20,24/12/2025,0,,-25,Y,Y
100286285,2,100,20,24/12/2025,0,,-25,Y,Y
100286294,2,100,20,24/12/2025,0,,-25,Y,Y
100286295,2,100,20,24/12/2025,0,,-25,Y,Y
100286315,2,100,20,24/12/2025,0,,-25,Y,Y
100286318,2,100,20,24/12/2025,0,,-25,Y,Y
100286330,2,100,20,24/12/2025,0,,-25,Y,Y
100286342,2,100,20,24/12/2025,0,,-25,Y,Y
100286377,2,100,20,24/12/2025,0,,-25,Y,Y
100286379,2,100,20,24/12/2025,0,,-25,Y,Y
100286380,2,100,20,24/12/2025,0,,-25,Y,Y
100286391,2,100,20,24/12/2025,0,,-25,Y,Y
100286399,2,100,20,24/12/2025,0,,-25,Y,Y
100286410,2,100,20,24/12/2025,0,,-25,Y,Y
100286415,2,100,20,24/12/2025,0,,-25,Y,Y
100286416,2,100,20,24/12/2025,0,,-25,Y,Y
100286426,2,100,20,24/12/2025,0,,-25,Y,Y
100286457,2,100,20,24/12/2025,0,,-25,Y,Y
100286466,2,100,20,24/12/2025,0,,-25,Y,Y
100286477,2,100,20,24/12/2025,0,,-25,Y,Y
100286482,2,100,20,24/12/2025,0,,-25,Y,Y
100286542,2,100,20,24/12/2025,0,,-25,Y,Y
100286549,2,100,20,24/12/2025,0,,-25,Y,Y
100286550,2,100,20,24/12/2025,0,,-25,Y,Y
100286572,2,100,20,24/12/2025,0,,-25,Y,Y
100286589,2,100,20,24/12/2025,0,,-25,Y,Y
100286599,2,100,20,24/12/2025,0,,-25,Y,Y
100286600,2,100,20,24/12/2025,0,,-25,Y,Y
100286620,2,100,20,24/12/2025,0,,-25,Y,Y
100286669,2,100,20,24/12/2025,0,,-25,Y,Y
100286692,2,100,20,24/12/2025,0,,-25,Y,Y
100286706,2,100,20,24/12/2025,0,,-25,Y,Y
100286710,2,100,20,24/12/2025,0,,-25,Y,Y
100286715,2,100,20,24/12/2025,0,,-25,Y,Y
100286733,2,100,20,24/12/2025,0,,-25,Y,Y
100286735,2,100,20,24/12/2025,0,,-25,Y,Y
100286780,2,100,20,24/12/2025,0,,-25,Y,Y
100286783,2,100,20,24/12/2025,0,,-25,Y,Y
100286784,2,100,20,24/12/2025,0,,-25,Y,Y
100286785,2,100,20,24/12/2025,0,,-25,Y,Y
100286798,2,100,20,24/12/2025,0,,-25,Y,Y
100286840,2,100,20,24/12/2025,0,,-25,Y,Y
100286875,2,100,20,24/12/2025,0,,-25,Y,Y
100286884,2,100,20,24/12/2025,0,,-25,Y,Y
100286913,2,100,20,24/12/2025,0,,-25,Y,Y
100286922,2,100,20,24/12/2025,0,,-25,Y,Y
100286927,2,100,20,24/12/2025,0,,-25,Y,Y
100286957,2,100,20,24/12/2025,0,,-25,Y,Y
100286959,2,100,20,24/12/2025,0,,-25,Y,Y
100286962,2,100,20,24/12/2025,0,,-25,Y,Y
100286979,2,100,20,24/12/2025,0,,-25,Y,Y
100286981,2,100,20,24/12/2025,0,,-25,Y,Y
100286992,2,100,20,24/12/2025,0,,-25,Y,Y
100287031,2,100,20,24/12/2025,0,,-25,Y,Y
100287043,2,100,20,24/12/2025,0,,-25,Y,Y
100287058,2,100,20,24/12/2025,0,,-25,Y,Y
100287081,2,100,20,24/12/2025,0,,-25,Y,Y
100287087,2,100,20,24/12/2025,0,,-25,Y,Y
100287097,2,100,20,24/12/2025,0,,-25,Y,Y
100287107,2,100,20,24/12/2025,0,,-25,Y,Y
100287125,2,100,20,24/12/2025,0,,-25,Y,Y
100287139,2,100,20,24/12/2025,0,,-25,Y,Y
100287174,2,100,20,24/12/2025,0,,-25,Y,Y
100287189,2,100,20,24/12/2025,0,,-25,Y,Y
100287219,2,100,20,24/12/2025,0,,-25,Y,Y
100287225,2,100,20,24/12/2025,0,,-25,Y,Y
100287241,2,100,20,24/12/2025,0,,-25,Y,Y
100287254,2,100,20,24/12/2025,0,,-25,Y,Y
100287255,2,100,20,24/12/2025,0,,-25,Y,Y
100287256,2,100,20,24/12/2025,0,,-25,Y,Y
100287259,2,100,20,24/12/2025,0,,-25,Y,Y
100287260,2,100,20,24/12/2025,0,,-25,Y,Y
100287262,2,100,20,24/12/2025,0,,-25,Y,Y
100287265,2,100,20,24/12/2025,0,,-25,Y,Y
100287272,2,100,20,24/12/2025,0,,-25,Y,Y
100287329,2,100,20,24/12/2025,0,,-25,Y,Y
100287362,2,100,20,24/12/2025,0,,-25,Y,Y
100287364,2,100,20,24/12/2025,0,,-25,Y,Y
100287371,2,100,20,24/12/2025,0,,-25,Y,Y
100287373,2,100,20,24/12/2025,0,,-25,Y,Y
100287404,2,100,20,24/12/2025,0,,-25,Y,Y
100287408,2,100,20,24/12/2025,0,,-25,Y,Y
100287418,2,100,20,24/12/2025,0,,-25,Y,Y
100287435,2,100,20,24/12/2025,0,,-25,Y,Y
100287453,2,100,20,24/12/2025,0,,-25,Y,Y
100287465,2,100,20,24/12/2025,0,,-25,Y,Y
100287489,2,100,20,24/12/2025,0,,-25,Y,Y
100287519,2,100,20,24/12/2025,0,,-25,Y,Y
100287520,2,100,20,24/12/2025,0,,-25,Y,Y
100287535,2,100,20,24/12/2025,0,,-25,Y,Y
100287552,2,100,20,24/12/2025,0,,-25,Y,Y
100287554,2,100,20,24/12/2025,0,,-25,Y,Y
100287561,2,100,20,24/12/2025,0,,-25,Y,Y
100287567,2,100,20,24/12/2025,0,,-25,Y,Y
100287577,2,100,20,24/12/2025,0,,-25,Y,Y
100287631,2,100,20,24/12/2025,0,,-25,Y,Y
100287633,2,100,20,24/12/2025,0,,-25,Y,Y
100287637,2,100,20,24/12/2025,0,,-25,Y,Y
100287656,2,100,20,24/12/2025,0,,-25,Y,Y
100287659,2,100,20,24/12/2025,0,,-25,Y,Y
100287696,2,100,20,24/12/2025,0,,-25,Y,Y
100287700,2,100,20,24/12/2025,0,,-25,Y,Y
100287711,2,100,20,24/12/2025,0,,-25,Y,Y
100287739,2,100,20,24/12/2025,0,,-25,Y,Y
100287741,2,100,20,24/12/2025,0,,-25,Y,Y
100287749,2,100,20,24/12/2025,0,,-25,Y,Y
100287753,2,100,20,24/12/2025,0,,-25,Y,Y
100287756,2,100,20,24/12/2025,0,,-25,Y,Y
100287762,2,100,20,24/12/2025,0,,-25,Y,Y
100287764,2,100,20,24/12/2025,0,,-25,Y,Y
100287773,2,100,20,24/12/2025,0,,-25,Y,Y
100287774,2,100,20,24/12/2025,0,,-25,Y,Y
100287800,2,100,20,24/12/2025,0,,-25,Y,Y
100287829,2,100,20,24/12/2025,0,,-25,Y,Y
100287850,2,100,20,24/12/2025,0,,-25,Y,Y
100287873,2,100,20,24/12/2025,0,,-25,Y,Y
100287885,2,100,20,24/12/2025,0,,-25,Y,Y
100287894,2,100,20,24/12/2025,0,,-25,Y,Y
100287938,2,100,20,24/12/2025,0,,-25,Y,Y
100287975,2,100,20,24/12/2025,0,,-25,Y,Y
100287993,2,100,20,24/12/2025,0,,-25,Y,Y
100288000,2,100,20,24/12/2025,0,,-25,Y,Y
100288010,2,100,20,24/12/2025,0,,-25,Y,Y
100288041,2,100,20,24/12/2025,0,,-25,Y,Y
100288069,2,100,20,24/12/2025,0,,-25,Y,Y
100288108,2,100,20,24/12/2025,0,,-25,Y,Y
100288133,2,100,20,24/12/2025,0,,-25,Y,Y
100288184,2,100,20,24/12/2025,0,,-25,Y,Y
100288211,2,100,20,24/12/2025,0,,-25,Y,Y
100288217,2,100,20,24/12/2025,0,,-25,Y,Y
100288218,2,100,20,24/12/2025,0,,-25,Y,Y
100288247,2,100,20,24/12/2025,0,,-25,Y,Y
100288288,2,100,20,24/12/2025,0,,-25,Y,Y
100288336,2,100,20,24/12/2025,0,,-25,Y,Y
100288348,2,100,20,24/12/2025,0,,-25,Y,Y
100288360,2,100,20,24/12/2025,0,,-25,Y,Y
100288371,2,100,20,24/12/2025,0,,-25,Y,Y
100288372,2,100,20,24/12/2025,0,,-25,Y,Y
100288417,2,100,20,24/12/2025,0,,-25,Y,Y
100288422,2,100,20,24/12/2025,0,,-25,Y,Y
100288435,2,100,20,24/12/2025,0,,-25,Y,Y
100288442,2,100,20,24/12/2025,0,,-25,Y,Y
100288466,2,100,20,24/12/2025,0,,-25,Y,Y
100288475,2,100,20,24/12/2025,0,,-25,Y,Y
100288492,2,100,20,24/12/2025,0,,-25,Y,Y
100288496,2,100,20,24/12/2025,0,,-25,Y,Y
100288502,2,100,20,24/12/2025,0,,-25,Y,Y
100288505,2,100,20,24/12/2025,0,,-25,Y,Y
100288510,2,100,20,24/12/2025,0,,-25,Y,Y
100288533,2,100,20,24/12/2025,0,,-25,Y,Y
100288539,2,100,20,24/12/2025,0,,-25,Y,Y
100288542,2,100,20,24/12/2025,0,,-25,Y,Y
100288560,2,100,20,24/12/2025,0,,-25,Y,Y
100288565,2,100,20,24/12/2025,0,,-25,Y,Y
100288587,2,100,20,24/12/2025,0,,-25,Y,Y
100288588,2,100,20,24/12/2025,0,,-25,Y,Y
100288598,2,100,20,24/12/2025,0,,-25,Y,Y
100288605,2,100,20,24/12/2025,0,,-25,Y,Y
100288616,2,100,20,24/12/2025,0,,-25,Y,Y
100288636,2,100,20,24/12/2025,0,,-25,Y,Y
100288642,2,100,20,24/12/2025,0,,-25,Y,Y
100288665,2,100,20,24/12/2025,0,,-25,Y,Y
100288666,2,100,20,24/12/2025,0,,-25,Y,Y
100288669,2,100,20,24/12/2025,0,,-25,Y,Y
100288684,2,100,20,24/12/2025,0,,-25,Y,Y
100288688,2,100,20,24/12/2025,0,,-25,Y,Y
100288689,2,100,20,24/12/2025,0,,-25,Y,Y
100288701,2,100,20,24/12/2025,0,,-25,Y,Y
100288719,2,100,20,24/12/2025,0,,-25,Y,Y
100288742,2,100,20,24/12/2025,0,,-25,Y,Y
100288773,2,100,20,24/12/2025,0,,-25,Y,Y
100288776,2,100,20,24/12/2025,0,,-25,Y,Y
100288835,2,100,20,24/12/2025,0,,-25,Y,Y
100288859,2,100,20,24/12/2025,0,,-25,Y,Y
100288921,2,100,20,24/12/2025,0,,-25,Y,Y
100288942,2,100,20,24/12/2025,0,,-25,Y,Y
100288945,2,100,20,24/12/2025,0,,-25,Y,Y
100289006,2,100,20,24/12/2025,0,,-25,Y,Y
100289144,2,100,20,24/12/2025,0,,-25,Y,Y
100289148,2,100,20,24/12/2025,0,,-25,Y,Y
100289435,2,100,20,24/12/2025,0,,-25,Y,Y
100289438,2,100,20,24/12/2025,0,,-25,Y,Y
100289507,2,100,20,24/12/2025,0,,-25,Y,Y
100289517,2,100,20,24/12/2025,0,,-25,Y,Y
100289522,2,100,20,24/12/2025,0,,-25,Y,Y
100289663,2,100,20,24/12/2025,0,,-25,Y,Y
100289768,2,100,20,24/12/2025,0,,-25,Y,Y
100289854,2,100,20,24/12/2025,0,,-25,Y,Y
100290094,2,100,20,24/12/2025,0,,-25,Y,Y
100290126,2,100,20,24/12/2025,0,,-25,Y,Y
100291447,2,100,20,24/12/2025,0,,-25,Y,Y
100291498,2,100,20,24/12/2025,0,,-25,Y,Y
100291525,2,100,20,24/12/2025,0,,-25,Y,Y
100291543,2,100,20,24/12/2025,0,,-25,Y,Y
100291577,2,100,20,24/12/2025,0,,-25,Y,Y
100291652,2,100,20,24/12/2025,0,,-25,Y,Y
100291654,2,100,20,24/12/2025,0,,-25,Y,Y
100291753,2,100,20,24/12/2025,0,,-25,Y,Y
100291790,2,100,20,24/12/2025,0,,-25,Y,Y
100292368,2,100,20,24/12/2025,0,,-25,Y,Y
100292456,2,100,20,24/12/2025,0,,-25,Y,Y
100292534,2,100,20,24/12/2025,0,,-25,Y,Y
100292549,2,100,20,24/12/2025,0,,-25,Y,Y
100292721,2,100,20,24/12/2025,0,,-25,Y,Y
100292782,2,100,20,24/12/2025,0,,-25,Y,Y
100292805,2,100,20,24/12/2025,0,,-25,Y,Y
100292890,2,100,20,24/12/2025,0,,-25,Y,Y
100292899,2,100,20,24/12/2025,0,,-25,Y,Y
100292967,2,100,20,24/12/2025,0,,-25,Y,Y
100293063,2,100,20,24/12/2025,0,,-25,Y,Y
100293067,2,100,20,24/12/2025,0,,-25,Y,Y
100293160,2,100,20,24/12/2025,0,,-25,Y,Y
100293225,2,100,20,24/12/2025,0,,-25,Y,Y
100293313,2,100,20,24/12/2025,0,,-25,Y,Y
100293343,2,100,20,24/12/2025,0,,-25,Y,Y
100293436,2,100,20,24/12/2025,0,,-25,Y,Y
100293439,2,100,20,24/12/2025,0,,-25,Y,Y
100293527,2,100,20,24/12/2025,0,,-25,Y,Y
100294867,2,100,20,24/12/2025,0,,-25,Y,Y
100294887,2,100,20,24/12/2025,0,,-25,Y,Y
100294924,2,100,20,24/12/2025,0,,-25,Y,Y
100294939,2,100,20,24/12/2025,0,,-25,Y,Y
100294970,2,100,20,24/12/2025,0,,-25,Y,Y
100295005,2,100,20,24/12/2025,0,,-25,Y,Y
100295023,2,100,20,24/12/2025,0,,-25,Y,Y
100295029,2,100,20,24/12/2025,0,,-25,Y,Y
100295114,2,100,20,24/12/2025,0,,-25,Y,Y
100295125,2,100,20,24/12/2025,0,,-25,Y,Y
100295133,2,100,20,24/12/2025,0,,-25,Y,Y
100295150,2,100,20,24/12/2025,0,,-25,Y,Y
100295163,2,100,20,24/12/2025,0,,-25,Y,Y
100295191,2,100,20,24/12/2025,0,,-25,Y,Y
100295194,2,100,20,24/12/2025,0,,-25,Y,Y
100295228,2,100,20,24/12/2025,0,,-25,Y,Y
100295235,2,100,20,24/12/2025,0,,-25,Y,Y
100295240,2,100,20,24/12/2025,0,,-25,Y,Y
100295243,2,100,20,24/12/2025,0,,-25,Y,Y
100295253,2,100,20,24/12/2025,0,,-25,Y,Y
100295267,2,100,20,24/12/2025,0,,-25,Y,Y
100295306,2,100,20,24/12/2025,0,,-25,Y,Y
100295307,2,100,20,24/12/2025,0,,-25,Y,Y
100295318,2,100,20,24/12/2025,0,,-25,Y,Y
100295320,2,100,20,24/12/2025,0,,-25,Y,Y
100295325,2,100,20,24/12/2025,0,,-25,Y,Y
100295339,2,100,20,24/12/2025,0,,-25,Y,Y
100295350,2,100,20,24/12/2025,0,,-25,Y,Y
100295351,2,100,20,24/12/2025,0,,-25,Y,Y
100295516,2,100,20,24/12/2025,0,,-25,Y,Y
100295523,2,100,20,24/12/2025,0,,-25,Y,Y
100295597,2,100,20,24/12/2025,0,,-25,Y,Y
100295701,2,100,20,24/12/2025,0,,-25,Y,Y
100295706,2,100,20,24/12/2025,0,,-25,Y,Y
100295724,2,100,20,24/12/2025,0,,-25,Y,Y
100295734,2,100,20,24/12/2025,0,,-25,Y,Y
100295908,2,100,20,24/12/2025,0,,-25,Y,Y
100295930,2,100,20,24/12/2025,0,,-25,Y,Y
100295996,2,100,20,24/12/2025,0,,-25,Y,Y
100296027,2,100,20,24/12/2025,0,,-25,Y,Y
100296102,2,100,20,24/12/2025,0,,-25,Y,Y
100296124,2,100,20,24/12/2025,0,,-25,Y,Y
100296125,2,100,20,24/12/2025,0,,-25,Y,Y
100296214,2,100,20,24/12/2025,0,,-25,Y,Y
100296350,2,100,20,24/12/2025,0,,-25,Y,Y
100296445,2,100,20,24/12/2025,0,,-25,Y,Y
100296672,2,100,20,24/12/2025,0,,-25,Y,Y
100296735,2,100,20,24/12/2025,0,,-25,Y,Y
100296736,2,100,20,24/12/2025,0,,-25,Y,Y
100296860,2,100,20,24/12/2025,0,,-25,Y,Y
100296938,2,100,20,24/12/2025,0,,-25,Y,Y
100296940,2,100,20,24/12/2025,0,,-25,Y,Y
100296975,2,100,20,24/12/2025,0,,-25,Y,Y
100296980,2,100,20,24/12/2025,0,,-25,Y,Y
100297207,2,100,20,24/12/2025,0,,-25,Y,Y
100297213,2,100,20,24/12/2025,0,,-25,Y,Y
100297261,2,100,20,24/12/2025,0,,-25,Y,Y
100297264,2,100,20,24/12/2025,0,,-25,Y,Y
100297275,2,100,20,24/12/2025,0,,-25,Y,Y
100297280,2,100,20,24/12/2025,0,,-25,Y,Y
100297293,2,100,20,24/12/2025,0,,-25,Y,Y
100297295,2,100,20,24/12/2025,0,,-25,Y,Y
100297306,2,100,20,24/12/2025,0,,-25,Y,Y
100297333,2,100,20,24/12/2025,0,,-25,Y,Y
100297344,2,100,20,24/12/2025,0,,-25,Y,Y
100297350,2,100,20,24/12/2025,0,,-25,Y,Y
100297352,2,100,20,24/12/2025,0,,-25,Y,Y
100297359,2,100,20,24/12/2025,0,,-25,Y,Y
100297369,2,100,20,24/12/2025,0,,-25,Y,Y
100297381,2,100,20,24/12/2025,0,,-25,Y,Y
100297412,2,100,20,24/12/2025,0,,-25,Y,Y
100297413,2,100,20,24/12/2025,0,,-25,Y,Y
100297430,2,100,20,24/12/2025,0,,-25,Y,Y
100297433,2,100,20,24/12/2025,0,,-25,Y,Y
100297441,2,100,20,24/12/2025,0,,-25,Y,Y
100297442,2,100,20,24/12/2025,0,,-25,Y,Y
100297455,2,100,20,24/12/2025,0,,-25,Y,Y
100297469,2,100,20,24/12/2025,0,,-25,Y,Y
100297482,2,100,20,24/12/2025,0,,-25,Y,Y
100297504,2,100,20,24/12/2025,0,,-25,Y,Y
100297505,2,100,20,24/12/2025,0,,-25,Y,Y
100297508,2,100,20,24/12/2025,0,,-25,Y,Y
100297509,2,100,20,24/12/2025,0,,-25,Y,Y
100297531,2,100,20,24/12/2025,0,,-25,Y,Y
100297544,2,100,20,24/12/2025,0,,-25,Y,Y
100297545,2,100,20,24/12/2025,0,,-25,Y,Y
100297547,2,100,20,24/12/2025,0,,-25,Y,Y
100297560,2,100,20,24/12/2025,0,,-25,Y,Y
100297573,2,100,20,24/12/2025,0,,-25,Y,Y
100297589,2,100,20,24/12/2025,0,,-25,Y,Y
100297606,2,100,20,24/12/2025,0,,-25,Y,Y
100297612,2,100,20,24/12/2025,0,,-25,Y,Y
100297623,2,100,20,24/12/2025,0,,-25,Y,Y
100297625,2,100,20,24/12/2025,0,,-25,Y,Y
100297635,2,100,20,24/12/2025,0,,-25,Y,Y
100297653,2,100,20,24/12/2025,0,,-25,Y,Y
100297678,2,100,20,24/12/2025,0,,-25,Y,Y
100297679,2,100,20,24/12/2025,0,,-25,Y,Y
100297680,2,100,20,24/12/2025,0,,-25,Y,Y
100297683,2,100,20,24/12/2025,0,,-25,Y,Y
100297703,2,100,20,24/12/2025,0,,-25,Y,Y
100297706,2,100,20,24/12/2025,0,,-25,Y,Y
100297725,2,100,20,24/12/2025,0,,-25,Y,Y
100297730,2,100,20,24/12/2025,0,,-25,Y,Y
100297737,2,100,20,24/12/2025,0,,-25,Y,Y
100297743,2,100,20,24/12/2025,0,,-25,Y,Y
100297765,2,100,20,24/12/2025,0,,-25,Y,Y
100297774,2,100,20,24/12/2025,0,,-25,Y,Y
100297792,2,100,20,24/12/2025,0,,-25,Y,Y
100297809,2,100,20,24/12/2025,0,,-25,Y,Y
100297823,2,100,20,24/12/2025,0,,-25,Y,Y
100297825,2,100,20,24/12/2025,0,,-25,Y,Y
100297830,2,100,20,24/12/2025,0,,-25,Y,Y
100297840,2,100,20,24/12/2025,0,,-25,Y,Y
100297932,2,100,20,24/12/2025,0,,-25,Y,Y
100297935,2,100,20,24/12/2025,0,,-25,Y,Y
100297961,2,100,20,24/12/2025,0,,-25,Y,Y
100297979,2,100,20,24/12/2025,0,,-25,Y,Y
100297986,2,100,20,24/12/2025,0,,-25,Y,Y
100298005,2,100,20,24/12/2025,0,,-25,Y,Y
100298016,2,100,20,24/12/2025,0,,-25,Y,Y
100298018,2,100,20,24/12/2025,0,,-25,Y,Y
100298027,2,100,20,24/12/2025,0,,-25,Y,Y
100298038,2,100,20,24/12/2025,0,,-25,Y,Y
100298066,2,100,20,24/12/2025,0,,-25,Y,Y
100298091,2,100,20,24/12/2025,0,,-25,Y,Y
100298162,2,100,20,24/12/2025,0,,-25,Y,Y
100298168,2,100,20,24/12/2025,0,,-25,Y,Y
100298187,2,100,20,24/12/2025,0,,-25,Y,Y
100298188,2,100,20,24/12/2025,0,,-25,Y,Y
100298209,2,100,20,24/12/2025,0,,-25,Y,Y
100298236,2,100,20,24/12/2025,0,,-25,Y,Y
100298260,2,100,20,24/12/2025,0,,-25,Y,Y
100298300,2,100,20,24/12/2025,0,,-25,Y,Y
100298301,2,100,20,24/12/2025,0,,-25,Y,Y
100298408,2,100,20,24/12/2025,0,,-25,Y,Y
100298435,2,100,20,24/12/2025,0,,-25,Y,Y
100298437,2,100,20,24/12/2025,0,,-25,Y,Y
100298547,2,100,20,24/12/2025,0,,-25,Y,Y
100298590,2,100,20,24/12/2025,0,,-25,Y,Y
100298601,2,100,20,24/12/2025,0,,-25,Y,Y
100298605,2,100,20,24/12/2025,0,,-25,Y,Y
100298619,2,100,20,24/12/2025,0,,-25,Y,Y
100298630,2,100,20,24/12/2025,0,,-25,Y,Y
100298635,2,100,20,24/12/2025,0,,-25,Y,Y
100298839,2,100,20,24/12/2025,0,,-25,Y,Y
100298868,2,100,20,24/12/2025,0,,-25,Y,Y
100298945,2,100,20,24/12/2025,0,,-25,Y,Y
100298950,2,100,20,24/12/2025,0,,-25,Y,Y
100298974,2,100,20,24/12/2025,0,,-25,Y,Y
100298996,2,100,20,24/12/2025,0,,-25,Y,Y
100299042,2,100,20,24/12/2025,0,,-25,Y,Y
100299064,2,100,20,24/12/2025,0,,-25,Y,Y
100299065,2,100,20,24/12/2025,0,,-25,Y,Y
100299066,2,100,20,24/12/2025,0,,-25,Y,Y
100299085,2,100,20,24/12/2025,0,,-25,Y,Y
100299088,2,100,20,24/12/2025,0,,-25,Y,Y
100299853,2,100,20,24/12/2025,0,,-25,Y,Y
100299860,2,100,20,24/12/2025,0,,-25,Y,Y
100299874,2,100,20,24/12/2025,0,,-25,Y,Y
100299894,2,100,20,24/12/2025,0,,-25,Y,Y
100299901,2,100,20,24/12/2025,0,,-25,Y,Y
100299902,2,100,20,24/12/2025,0,,-25,Y,Y
100299907,2,100,20,24/12/2025,0,,-25,Y,Y
100299920,2,100,20,24/12/2025,0,,-25,Y,Y
100299924,2,100,20,24/12/2025,0,,-25,Y,Y
100299932,2,100,20,24/12/2025,0,,-25,Y,Y
100299940,2,100,20,24/12/2025,0,,-25,Y,Y
100299943,2,100,20,24/12/2025,0,,-25,Y,Y
100299950,2,100,20,24/12/2025,0,,-25,Y,Y
100299961,2,100,20,24/12/2025,0,,-25,Y,Y
100299975,2,100,20,24/12/2025,0,,-25,Y,Y
100299982,2,100,20,24/12/2025,0,,-25,Y,Y
100299985,2,100,20,24/12/2025,0,,-25,Y,Y
100300000,2,100,20,24/12/2025,0,,-25,Y,Y
100300010,2,100,20,24/12/2025,0,,-25,Y,Y
100300027,2,100,20,24/12/2025,0,,-25,Y,Y
100300031,2,100,20,24/12/2025,0,,-25,Y,Y
100300041,2,100,20,24/12/2025,0,,-25,Y,Y
