Option ID,Option Description
132384672,ItemListDescriptionUpload1
132400354,ItemListDescriptionUpload2
132400355,ItemListDescriptionUpload3
132400418,ItemListDescriptionUpload4
132400420,ItemListDescriptionUpload5
132401113,ItemListDescriptionUpload6
132401121,ItemListDescriptionUpload7
132401417,ItemListDescriptionUpload8
132401663,ItemListDescriptionUpload9
132401776,ItemListDescriptionUpload10
132401796,ItemListDescriptionUpload11
132401797,ItemListDescriptionUpload12
132401799,ItemListDescriptionUpload13
132401869,ItemListDescriptionUpload14
132401917,ItemListDescriptionUpload15
132401996,ItemListDescriptionUpload16
132402361,ItemListDescriptionUpload17
132402871,ItemListDescriptionUpload18
132404438,ItemListDescriptionUpload19
132404480,ItemListDescriptionUpload20
132404485,ItemListDescriptionUpload21
132404586,ItemListDescriptionUpload22
132404841,ItemListDescriptionUpload23
132405221,ItemListDescriptionUpload24
132405224,ItemListDescriptionUpload25
132405228,ItemListDescriptionUpload26
132405341,ItemListDescriptionUpload27
132405472,ItemListDescriptionUpload28
132405504,ItemListDescriptionUpload29
132405677,ItemListDescriptionUpload30
132406034,ItemListDescriptionUpload31
132406460,ItemListDescriptionUpload32
132406462,ItemListDescriptionUpload33
132406873,ItemListDescriptionUpload34
132408192,ItemListDescriptionUpload35
132408238,ItemListDescriptionUpload36
132408245,ItemListDescriptionUpload37
132408248,ItemListDescriptionUpload38
132408278,ItemListDescriptionUpload39
132408348,ItemListDescriptionUpload40
132408356,ItemListDescriptionUpload41
132408634,ItemListDescriptionUpload42
132408732,ItemListDescriptionUpload43
132408733,ItemListDescriptionUpload44
132408782,ItemListDescriptionUpload45
132409225,ItemListDescriptionUpload46
132415058,ItemListDescriptionUpload47
132415152,ItemListDescriptionUpload48
132415157,ItemListDescriptionUpload49
132415263,ItemListDescriptionUpload50
132415442,ItemListDescriptionUpload51
132415488,ItemListDescriptionUpload52
132415704,ItemListDescriptionUpload53
132415993,ItemListDescriptionUpload54
132415995,ItemListDescriptionUpload55
132417378,ItemListDescriptionUpload56
132417759,ItemListDescriptionUpload57
132418131,ItemListDescriptionUpload58
132418135,ItemListDescriptionUpload59
132418139,ItemListDescriptionUpload60
132418141,ItemListDescriptionUpload61
132418274,ItemListDescriptionUpload62
132418279,ItemListDescriptionUpload63
132418285,ItemListDescriptionUpload64
132418396,ItemListDescriptionUpload65
132418397,ItemListDescriptionUpload66
132418509,ItemListDescriptionUpload67
132418759,ItemListDescriptionUpload68
132418797,ItemListDescriptionUpload69
132418801,ItemListDescriptionUpload70
132419107,ItemListDescriptionUpload71
132419109,ItemListDescriptionUpload72
132419150,ItemListDescriptionUpload73
132419155,ItemListDescriptionUpload74
132419178,ItemListDescriptionUpload75
132419720,ItemListDescriptionUpload76
132419721,ItemListDescriptionUpload77
132419722,ItemListDescriptionUpload78
132419724,ItemListDescriptionUpload79
132419732,ItemListDescriptionUpload80
132419950,ItemListDescriptionUpload81
132419979,ItemListDescriptionUpload82
132420140,ItemListDescriptionUpload83
132420240,ItemListDescriptionUpload84
132420343,ItemListDescriptionUpload85
132420344,ItemListDescriptionUpload86
132420743,ItemListDescriptionUpload87
132420958,ItemListDescriptionUpload88
132421581,ItemListDescriptionUpload89
132421783,ItemListDescriptionUpload90
132421930,ItemListDescriptionUpload91
132421939,ItemListDescriptionUpload92
132434479,ItemListDescriptionUpload93
132434483,ItemListDescriptionUpload94
132435071,ItemListDescriptionUpload95
132435138,ItemListDescriptionUpload96
132435590,ItemListDescriptionUpload97
132435694,ItemListDescriptionUpload98
132435697,ItemListDescriptionUpload99
132435698,ItemListDescriptionUpload100
132435703,ItemListDescriptionUpload101
132435705,ItemListDescriptionUpload102
132435709,ItemListDescriptionUpload103
132435712,ItemListDescriptionUpload104
132435941,ItemListDescriptionUpload105
132436547,ItemListDescriptionUpload106
132436557,ItemListDescriptionUpload107
132438305,ItemListDescriptionUpload108
132438396,ItemListDescriptionUpload109
132438433,ItemListDescriptionUpload110
132438450,ItemListDescriptionUpload111
132438458,ItemListDescriptionUpload112
132438460,ItemListDescriptionUpload113
132438471,ItemListDescriptionUpload114
132439938,ItemListDescriptionUpload115
132444322,ItemListDescriptionUpload116
132444323,ItemListDescriptionUpload117
132444357,ItemListDescriptionUpload118
132444358,ItemListDescriptionUpload119
132449383,ItemListDescriptionUpload120
132449387,ItemListDescriptionUpload121
132449464,ItemListDescriptionUpload122
132449816,ItemListDescriptionUpload123
132449863,ItemListDescriptionUpload124
132454070,ItemListDescriptionUpload125
132454241,ItemListDescriptionUpload126
132454242,ItemListDescriptionUpload127
132454243,ItemListDescriptionUpload128
132454250,ItemListDescriptionUpload129
132454778,ItemListDescriptionUpload130
132455796,ItemListDescriptionUpload131
132455797,ItemListDescriptionUpload132
132455801,ItemListDescriptionUpload133
132455803,ItemListDescriptionUpload134
132458012,ItemListDescriptionUpload135
132458135,ItemListDescriptionUpload136
132460123,ItemListDescriptionUpload137
132460300,ItemListDescriptionUpload138
132461253,ItemListDescriptionUpload139
132461263,ItemListDescriptionUpload140
132461398,ItemListDescriptionUpload141
132461890,ItemListDescriptionUpload142
132461897,ItemListDescriptionUpload143
132461909,ItemListDescriptionUpload144
132461918,ItemListDescriptionUpload145
132461947,ItemListDescriptionUpload146
132461960,ItemListDescriptionUpload147
132462783,ItemListDescriptionUpload148
132462794,ItemListDescriptionUpload149
132462817,ItemListDescriptionUpload150
132462822,ItemListDescriptionUpload151
132464072,ItemListDescriptionUpload152
132464084,ItemListDescriptionUpload153
132464126,ItemListDescriptionUpload154
132464419,ItemListDescriptionUpload155
132465201,ItemListDescriptionUpload156
132465204,ItemListDescriptionUpload157
132479119,ItemListDescriptionUpload158
132479219,ItemListDescriptionUpload159
132479223,ItemListDescriptionUpload160
132479229,ItemListDescriptionUpload161
132479260,ItemListDescriptionUpload162
132479476,ItemListDescriptionUpload163
132479485,ItemListDescriptionUpload164
132479486,ItemListDescriptionUpload165
132479491,ItemListDescriptionUpload166
132479512,ItemListDescriptionUpload167
132479524,ItemListDescriptionUpload168
132480048,ItemListDescriptionUpload169
132480058,ItemListDescriptionUpload170
132480246,ItemListDescriptionUpload171
132480333,ItemListDescriptionUpload172
132480410,ItemListDescriptionUpload173
132480538,ItemListDescriptionUpload174
132480540,ItemListDescriptionUpload175
132480541,ItemListDescriptionUpload176
132480542,ItemListDescriptionUpload177
132480654,ItemListDescriptionUpload178
132480697,ItemListDescriptionUpload179
132480814,ItemListDescriptionUpload180
132480816,ItemListDescriptionUpload181
132480848,ItemListDescriptionUpload182
132480966,ItemListDescriptionUpload183
132373683,ItemListDescriptionUpload184
132373923,ItemListDescriptionUpload185
132373933,ItemListDescriptionUpload186
132374159,ItemListDescriptionUpload187
132374265,ItemListDescriptionUpload188
132374279,ItemListDescriptionUpload189
132374282,ItemListDescriptionUpload190
132374693,ItemListDescriptionUpload191
132374932,ItemListDescriptionUpload192
132374998,ItemListDescriptionUpload193
132375073,ItemListDescriptionUpload194
132375102,ItemListDescriptionUpload195
132375121,ItemListDescriptionUpload196
132379630,ItemListDescriptionUpload197
132379653,ItemListDescriptionUpload198
132380242,ItemListDescriptionUpload199
132380839,ItemListDescriptionUpload200
132380841,ItemListDescriptionUpload201
132380843,ItemListDescriptionUpload202
132380847,ItemListDescriptionUpload203
132381578,ItemListDescriptionUpload204
132381644,ItemListDescriptionUpload205
132381854,ItemListDescriptionUpload206
132381978,ItemListDescriptionUpload207
132381989,ItemListDescriptionUpload208
132382314,ItemListDescriptionUpload209
132382965,ItemListDescriptionUpload210
132383035,ItemListDescriptionUpload211
132383137,ItemListDescriptionUpload212
132383400,ItemListDescriptionUpload213
132383409,ItemListDescriptionUpload214
132383412,ItemListDescriptionUpload215
132383414,ItemListDescriptionUpload216
132383416,ItemListDescriptionUpload217
132383422,ItemListDescriptionUpload218
132383424,ItemListDescriptionUpload219
132383426,ItemListDescriptionUpload220
132383427,ItemListDescriptionUpload221
132383677,ItemListDescriptionUpload222
132384045,ItemListDescriptionUpload223
132384088,ItemListDescriptionUpload224
132384417,ItemListDescriptionUpload225
132384669,ItemListDescriptionUpload226
132384673,ItemListDescriptionUpload227
132399714,ItemListDescriptionUpload228
132400328,ItemListDescriptionUpload229
132400357,ItemListDescriptionUpload230
132400414,ItemListDescriptionUpload231
132400415,ItemListDescriptionUpload232
132401051,ItemListDescriptionUpload233
132401053,ItemListDescriptionUpload234
132401056,ItemListDescriptionUpload235
132401108,ItemListDescriptionUpload236
132401119,ItemListDescriptionUpload237
132401127,ItemListDescriptionUpload238
132401137,ItemListDescriptionUpload239
132401139,ItemListDescriptionUpload240
132401421,ItemListDescriptionUpload241
132401428,ItemListDescriptionUpload242
132401666,ItemListDescriptionUpload243
132401791,ItemListDescriptionUpload244
132401795,ItemListDescriptionUpload245
132401826,ItemListDescriptionUpload246
132401918,ItemListDescriptionUpload247
132401919,ItemListDescriptionUpload248
132402446,ItemListDescriptionUpload249
132402563,ItemListDescriptionUpload250
132402564,ItemListDescriptionUpload251
132402567,ItemListDescriptionUpload252
132402702,ItemListDescriptionUpload253
132402869,ItemListDescriptionUpload254
132402873,ItemListDescriptionUpload255
132402874,ItemListDescriptionUpload256
132402875,ItemListDescriptionUpload257
132404477,ItemListDescriptionUpload258
132404593,ItemListDescriptionUpload259
132404892,ItemListDescriptionUpload260
132404900,ItemListDescriptionUpload261
132404905,ItemListDescriptionUpload262
132405129,ItemListDescriptionUpload263
132405220,ItemListDescriptionUpload264
132405229,ItemListDescriptionUpload265
132405501,ItemListDescriptionUpload266
132405587,ItemListDescriptionUpload267
132405649,ItemListDescriptionUpload268
132405823,ItemListDescriptionUpload269
132406433,ItemListDescriptionUpload270
132406488,ItemListDescriptionUpload271
132406530,ItemListDescriptionUpload272
132406640,ItemListDescriptionUpload273
132407282,ItemListDescriptionUpload274
132408350,ItemListDescriptionUpload275
132408352,ItemListDescriptionUpload276
132408455,ItemListDescriptionUpload277
132408456,ItemListDescriptionUpload278
132408494,ItemListDescriptionUpload279
132408495,ItemListDescriptionUpload280
132408500,ItemListDescriptionUpload281
132408503,ItemListDescriptionUpload282
132408632,ItemListDescriptionUpload283
132408635,ItemListDescriptionUpload284
132408735,ItemListDescriptionUpload285
132408779,ItemListDescriptionUpload286
132408781,ItemListDescriptionUpload287
132409022,ItemListDescriptionUpload288
132409227,ItemListDescriptionUpload289
132414547,ItemListDescriptionUpload290
132414582,ItemListDescriptionUpload291
132414977,ItemListDescriptionUpload292
132414979,ItemListDescriptionUpload293
132415153,ItemListDescriptionUpload294
132415154,ItemListDescriptionUpload295
132415156,ItemListDescriptionUpload296
132415476,ItemListDescriptionUpload297
132415793,ItemListDescriptionUpload298
132415794,ItemListDescriptionUpload299
132415795,ItemListDescriptionUpload300
132415802,ItemListDescriptionUpload301
132415805,ItemListDescriptionUpload302
132415808,ItemListDescriptionUpload303
132415812,ItemListDescriptionUpload304
132416267,ItemListDescriptionUpload305
132416629,ItemListDescriptionUpload306
132418140,ItemListDescriptionUpload307
132418142,ItemListDescriptionUpload308
132418143,ItemListDescriptionUpload309
132418277,ItemListDescriptionUpload310
132418278,ItemListDescriptionUpload311
132418380,ItemListDescriptionUpload312
132418391,ItemListDescriptionUpload313
132418505,ItemListDescriptionUpload314
132418506,ItemListDescriptionUpload315
132418593,ItemListDescriptionUpload316
132418798,ItemListDescriptionUpload317
132418802,ItemListDescriptionUpload318
132418905,ItemListDescriptionUpload319
132418909,ItemListDescriptionUpload320
132418987,ItemListDescriptionUpload321
132418988,ItemListDescriptionUpload322
132419106,ItemListDescriptionUpload323
132419152,ItemListDescriptionUpload324
132419160,ItemListDescriptionUpload325
132419167,ItemListDescriptionUpload326
132419169,ItemListDescriptionUpload327
132419170,ItemListDescriptionUpload328
132419175,ItemListDescriptionUpload329
132419183,ItemListDescriptionUpload330
132419199,ItemListDescriptionUpload331
132420350,ItemListDescriptionUpload332
132420756,ItemListDescriptionUpload333
132421383,ItemListDescriptionUpload334
132421557,ItemListDescriptionUpload335
132421785,ItemListDescriptionUpload336
132435099,ItemListDescriptionUpload337
132435104,ItemListDescriptionUpload338
132435106,ItemListDescriptionUpload339
132435317,ItemListDescriptionUpload340
132435320,ItemListDescriptionUpload341
132435322,ItemListDescriptionUpload342
132435323,ItemListDescriptionUpload343
132435447,ItemListDescriptionUpload344
132435492,ItemListDescriptionUpload345
132435494,ItemListDescriptionUpload346
132435708,ItemListDescriptionUpload347
132436507,ItemListDescriptionUpload348
132436931,ItemListDescriptionUpload349
132437616,ItemListDescriptionUpload350
132437624,ItemListDescriptionUpload351
132438054,ItemListDescriptionUpload352
132438286,ItemListDescriptionUpload353
132438441,ItemListDescriptionUpload354
132438468,ItemListDescriptionUpload355
132439506,ItemListDescriptionUpload356
132439510,ItemListDescriptionUpload357
132439936,ItemListDescriptionUpload358
132440187,ItemListDescriptionUpload359
132444276,ItemListDescriptionUpload360
132444321,ItemListDescriptionUpload361
132444375,ItemListDescriptionUpload362
132445305,ItemListDescriptionUpload363
132445306,ItemListDescriptionUpload364
132445308,ItemListDescriptionUpload365
132445311,ItemListDescriptionUpload366
132449385,ItemListDescriptionUpload367
132449813,ItemListDescriptionUpload368
132449815,ItemListDescriptionUpload369
132449818,ItemListDescriptionUpload370
132449824,ItemListDescriptionUpload371
132454246,ItemListDescriptionUpload372
132454249,ItemListDescriptionUpload373
132454991,ItemListDescriptionUpload374
132454995,ItemListDescriptionUpload375
132455066,ItemListDescriptionUpload376
132455069,ItemListDescriptionUpload377
132455073,ItemListDescriptionUpload378
132455720,ItemListDescriptionUpload379
132455794,ItemListDescriptionUpload380
132455800,ItemListDescriptionUpload381
132455957,ItemListDescriptionUpload382
132456206,ItemListDescriptionUpload383
132456309,ItemListDescriptionUpload384
132456885,ItemListDescriptionUpload385
132458074,ItemListDescriptionUpload386
132458137,ItemListDescriptionUpload387
132458140,ItemListDescriptionUpload388
132458144,ItemListDescriptionUpload389
132458605,ItemListDescriptionUpload390
132459658,ItemListDescriptionUpload391
132459659,ItemListDescriptionUpload392
132460116,ItemListDescriptionUpload393
132460299,ItemListDescriptionUpload394
132460301,ItemListDescriptionUpload395
132460398,ItemListDescriptionUpload396
132461254,ItemListDescriptionUpload397
132461400,ItemListDescriptionUpload398
132461401,ItemListDescriptionUpload399
132461402,ItemListDescriptionUpload400
132461446,ItemListDescriptionUpload401
132461887,ItemListDescriptionUpload402
132461889,ItemListDescriptionUpload403
132461893,ItemListDescriptionUpload404
132461894,ItemListDescriptionUpload405
132461901,ItemListDescriptionUpload406
132461902,ItemListDescriptionUpload407
132461908,ItemListDescriptionUpload408
132461926,ItemListDescriptionUpload409
132462784,ItemListDescriptionUpload410
132462800,ItemListDescriptionUpload411
132462841,ItemListDescriptionUpload412
132464073,ItemListDescriptionUpload413
132464074,ItemListDescriptionUpload414
132464077,ItemListDescriptionUpload415
132464124,ItemListDescriptionUpload416
132464418,ItemListDescriptionUpload417
132464952,ItemListDescriptionUpload418
132479220,ItemListDescriptionUpload419
132479397,ItemListDescriptionUpload420
132479472,ItemListDescriptionUpload421
132479481,ItemListDescriptionUpload422
132479494,ItemListDescriptionUpload423
132479504,ItemListDescriptionUpload424
132479938,ItemListDescriptionUpload425
132480052,ItemListDescriptionUpload426
132480273,ItemListDescriptionUpload427
132480330,ItemListDescriptionUpload428
132480336,ItemListDescriptionUpload429
132480411,ItemListDescriptionUpload430
132480415,ItemListDescriptionUpload431
132480417,ItemListDescriptionUpload432
132480421,ItemListDescriptionUpload433
132480543,ItemListDescriptionUpload434
132480544,ItemListDescriptionUpload435
132481199,ItemListDescriptionUpload436
132481470,ItemListDescriptionUpload437
132373925,ItemListDescriptionUpload438
132374171,ItemListDescriptionUpload439
132374233,ItemListDescriptionUpload440
132374261,ItemListDescriptionUpload441
132374270,ItemListDescriptionUpload442
132374275,ItemListDescriptionUpload443
132374281,ItemListDescriptionUpload444
132374511,ItemListDescriptionUpload445
132374599,ItemListDescriptionUpload446
132375101,ItemListDescriptionUpload447
132375111,ItemListDescriptionUpload448
132379221,ItemListDescriptionUpload449
132379351,ItemListDescriptionUpload450
