UserName,Password
PTESTUSER450,U&FqpzwZ!^S?Yr&Xg%L2
PTESTUSER451,6K>Dqfd&Qh3tuSY^R4T+
PTESTUSER452,#R@%9A~s8ms&JNUKc7jz
PTESTUSER453,wgdEQYfJqU^sx9+rcDCV
PTESTUSER454,p!tVkfZe43abA#>FDm2F
PTESTUSER455,7K$J%ABt&FcdRY6ZT9UC
PTESTUSER456,MjD!&a7dbAB7m9~Fx2?c
PTESTUSER457,!4U62CEGQ>D!pSf8T$?H
PTESTUSER458,Ep$wDF8++BuY#QdQmPGY
PTESTUSER459,mZk&92D$Y@%$D?74T6WM
PTESTUSER460,aDGmESB>XUrK%#j~K65q
PTESTUSER461,pVW9RMn>4D2GX2erDT~P
PTESTUSER462,4$?pqDn#@whzDM+SbUS6
PTESTUSER463,@2b3eaL%GsdSQpX~quk3
PTESTUSER464,3B#&zt3p^nHZ>QDvBF$K
PTESTUSER465,~m5pV?53EsZLdv@!RbWt
PTESTUSER466,4DGP37#u$kxR~ady^9T&
PTESTUSER467,>5^aVn?Jvdt&mR6eN%Bs
PTESTUSER468,k$>HG!v8y2?&jKZ&Ha9x
PTESTUSER469,63BrYfL+tGZmM^u^hsRD
PTESTUSER470,LM?pHabevwW~7S2E~Yxt
PTESTUSER471,K^9VS#F5asg?zYTf839h
PTESTUSER472,@hz~Nn~c8j2fMFW%^YLT
PTESTUSER473,Hyv3#Y~7eD5A6NVBx?C6
PTESTUSER474,kBN5RnB+UtdCJgs!?v4>
PTESTUSER475,ygH!+>ZQ9mth#$LE@8kw
PTESTUSER476,P$D@MN^T8ZQgS~Az8bbB
PTESTUSER477,L&P2ZedCvFz!CukeG75$
PTESTUSER478,vm%Mkx@d2dNsD4F?A%cX
PTESTUSER479,#9K@c4vVGqCRmD3xz4!Q
PTESTUSER480,8~K>~2hvNe&?zqHDVUTX
PTESTUSER481,DpA~Xj7B>cHELU3%d7$4
PTESTUSER482,#B@B$6w>F3DGzj?9H2PD
PTESTUSER483,4dSh^&QLRPZ#k@a8xzd3
PTESTUSER484,Z#egj&pUJcan6@Qy58#%
PTESTUSER485,5&5u!9E26KJCXdD!mq~G
PTESTUSER486,4nQ5AbwmXbjY^B#aEd7t
PTESTUSER487,dj&kGVBTXKD2EZ7Yus#>
PTESTUSER488,g84k$m9NRLQe&dPC?Z!4
PTESTUSER489,DAyzdv9@GHR4e8Z5pArX
PTESTUSER490,@5S9rQYNjVRu+?!A23Wc
PTESTUSER491,uqFP9w5d~3C7d~E3DeMQ
PTESTUSER492,JrqeTM$Jp3cAh%Hhmsa&
PTESTUSER493,MFCd^JD>Ys!pm5v3#%Gz
PTESTUSER494,9K+J@aP2dGB>^U3LetnM
PTESTUSER495,z&AN3kFpg~$^93%?xMD#
PTESTUSER496,re~S?hkY^bCTjX9vz&R7
PTESTUSER497,FT$J5jJ@v@sP7qD~#ChQ
PTESTUSER498,#D@xr?g8!$HsXNa&U66E
PTESTUSER499,%$NRKsj95SHrQL8u!MDt
PTESTUSER500,?GST#mBCDVeQanEvP826
PTESTUSER501,mQP>~Fd&Dc3#%r3jZBmS
PTESTUSER502,9V%>gcHL!suAGN8+2QRf
PTESTUSER503,SMNZ6r3&5hB@5!$WcdCk
PTESTUSER504,gh^VXEazQ6GLF>G3+AZ~
PTESTUSER505,J$yPQuQ8mghYs4?4rAc^
PTESTUSER506,!9XstL3Y$J6dfa4?BR2U
PTESTUSER507,s!^u2aEMBXUbZR+C68UD
PTESTUSER508,tz3C9ukT5!45Jx~S>>Y9
PTESTUSER509,K5zp7DUBR$y6@D8&Qm&n
PTESTUSER510,SDPy5Z95>8d^DR+xUQ?j
PTESTUSER511,nDE#aU6WY6AmdJdzmAPw
PTESTUSER512,LpC$Tu>f44#k$q^SARh+
PTESTUSER513,>3E@~GU+K9HqT$zmbXjR
PTESTUSER514,wMM&V36Gbvx6^@$d4#KX