SON,Store,Wholesale
30928,Reliance,FC01w Barnsley Wholesale
30929,Reliance OSM,FC04w Berlin Wholesale
30930,Zalora Off Price,P020w Sheffield Wholesale
30931,Cencosud,FC06w Lichfield Wholesale
30932,Nordstrom US,P019w Atlanta Wholesale
30933,Nordstrom US,FC01w Barnsley Wholesale
30934,Nordstrom Rack,FC04w Berlin Wholesale
30935,Nordstrom Rack,P020w Sheffield Wholesale
30936,Vero Moda,FC06w Lichfield Wholesale
30937,La Moda,P019w Atlanta Wholesale
30938,Namshi,FC01w Barnsley Wholesale
30939,Nordstrom US,FC04w Berlin Wholesale
30940,Nordstrom US,P020w Sheffield Wholesale
30941,Nordstrom US,FC06w Lichfield Wholesale
30942,The Iconic,P019w Atlanta Wholesale
30943,Yoox,FC01w Barnsley Wholesale
30944,Zalora,FC04w Berlin Wholesale
30945,Dafiti Chile,P020w Sheffield Wholesale
30946,Nordstrom Rack,FC06w Lichfield Wholesale
30947,Nordstrom Rack,P019w Atlanta Wholesale
30948,Nordstrom Rack,FC01w Barnsley Wholesale
30949,Nordstrom US,FC04w Berlin Wholesale
30950,Nordstrom Rack,P020w Sheffield Wholesale
30951,Dafiti Brazil,FC06w Lichfield Wholesale
30952,About You,FC01w Barnsley Wholesale
30953,About You,FC04w Berlin Wholesale
30954,About You,P020w Sheffield Wholesale
30955,Glue,FC06w Lichfield Wholesale
30956,Reliance,P019w Atlanta Wholesale
30957,Reliance OSM,FC01w Barnsley Wholesale
30958,Zalora Off Price,FC04w Berlin Wholesale
30959,Cencosud,P020w Sheffield Wholesale
30960,Nordstrom US,FC06w Lichfield Wholesale
30961,Nordstrom US,P019w Atlanta Wholesale
30962,Nordstrom Rack,FC01w Barnsley Wholesale
30963,Nordstrom Rack,FC04w Berlin Wholesale
30964,Vero Moda,P020w Sheffield Wholesale
30965,La Moda,FC06w Lichfield Wholesale
30966,Namshi,P019w Atlanta Wholesale
30967,Nordstrom US,FC01w Barnsley Wholesale
30968,Nordstrom US,FC04w Berlin Wholesale
30969,Nordstrom US,P020w Sheffield Wholesale
30970,The Iconic,FC06w Lichfield Wholesale
30971,Yoox,P019w Atlanta Wholesale
30972,Zalora,FC01w Barnsley Wholesale
30973,Dafiti Chile,FC04w Berlin Wholesale
30974,Nordstrom Rack,P020w Sheffield Wholesale
30975,Nordstrom Rack,FC06w Lichfield Wholesale
30976,Nordstrom Rack,P019w Atlanta Wholesale
30977,Nordstrom US,FC01w Barnsley Wholesale
30978,Nordstrom Rack,FC04w Berlin Wholesale
30979,Dafiti Brazil,P020w Sheffield Wholesale
30980,About You,P019w Atlanta Wholesale
30981,About You,FC01w Barnsley Wholesale
30982,About You,FC04w Berlin Wholesale
30983,Glue,P020w Sheffield Wholesale
30984,Reliance,FC06w Lichfield Wholesale
30985,Reliance OSM,P019w Atlanta Wholesale
30986,Zalora Off Price,FC01w Barnsley Wholesale
30987,Cencosud,FC04w Berlin Wholesale
30988,Nordstrom US,P020w Sheffield Wholesale
30989,Nordstrom US,FC06w Lichfield Wholesale
30990,Nordstrom Rack,P019w Atlanta Wholesale
30991,Nordstrom Rack,FC01w Barnsley Wholesale
30992,Vero Moda,FC04w Berlin Wholesale
30993,La Moda,P020w Sheffield Wholesale
30994,Namshi,FC06w Lichfield Wholesale
30995,Nordstrom US,P019w Atlanta Wholesale
30996,Nordstrom US,FC01w Barnsley Wholesale
30997,Nordstrom US,FC04w Berlin Wholesale
30998,The Iconic,P020w Sheffield Wholesale
30999,Yoox,FC06w Lichfield Wholesale
31000,Zalora,P019w Atlanta Wholesale
31001,Dafiti Chile,FC01w Barnsley Wholesale
31002,Nordstrom Rack,FC04w Berlin Wholesale
31003,Nordstrom Rack,P020w Sheffield Wholesale
31004,Nordstrom Rack,FC06w Lichfield Wholesale
31005,Nordstrom US,P019w Atlanta Wholesale
31006,Nordstrom Rack,FC01w Barnsley Wholesale
31007,Dafiti Brazil,FC04w Berlin Wholesale
31008,About You,FC06w Lichfield Wholesale
31009,About You,P019w Atlanta Wholesale
31010,About You,FC01w Barnsley Wholesale
31011,Glue,FC04w Berlin Wholesale
31012,Reliance,P020w Sheffield Wholesale
31013,Reliance OSM,FC06w Lichfield Wholesale
31014,Zalora Off Price,P019w Atlanta Wholesale
31015,Cencosud,FC01w Barnsley Wholesale
31016,Nordstrom US,FC04w Berlin Wholesale
31017,Nordstrom US,P020w Sheffield Wholesale
31018,Nordstrom Rack,FC06w Lichfield Wholesale
31019,Nordstrom Rack,P019w Atlanta Wholesale
31020,Vero Moda,FC01w Barnsley Wholesale
31021,La Moda,FC04w Berlin Wholesale
31022,Namshi,P020w Sheffield Wholesale
31023,Nordstrom US,FC06w Lichfield Wholesale
31024,Nordstrom US,P019w Atlanta Wholesale
31025,Nordstrom US,FC01w Barnsley Wholesale
31026,The Iconic,FC04w Berlin Wholesale
31027,Yoox,P020w Sheffield Wholesale
31028,Zalora,FC06w Lichfield Wholesale
31029,Dafiti Chile,P019w Atlanta Wholesale
31030,Nordstrom Rack,FC01w Barnsley Wholesale
31031,Nordstrom Rack,FC04w Berlin Wholesale
31032,Nordstrom Rack,P020w Sheffield Wholesale
31033,Nordstrom US,FC06w Lichfield Wholesale
31034,Nordstrom Rack,P019w Atlanta Wholesale
31035,Dafiti Brazil,FC01w Barnsley Wholesale
31036,About You,P020w Sheffield Wholesale
31037,About You,FC06w Lichfield Wholesale
31038,About You,P019w Atlanta Wholesale
31039,Glue,FC01w Barnsley Wholesale
31040,Reliance,FC04w Berlin Wholesale
31041,Reliance OSM,P020w Sheffield Wholesale
31042,Zalora Off Price,FC06w Lichfield Wholesale
31043,Cencosud,P019w Atlanta Wholesale
31044,Nordstrom US,FC01w Barnsley Wholesale
31045,Nordstrom US,FC04w Berlin Wholesale
31046,Nordstrom Rack,P020w Sheffield Wholesale
31047,Nordstrom Rack,FC06w Lichfield Wholesale
31048,Vero Moda,P019w Atlanta Wholesale
31049,La Moda,FC01w Barnsley Wholesale
31050,Namshi,FC04w Berlin Wholesale
31051,Nordstrom US,P020w Sheffield Wholesale
31052,Nordstrom US,FC06w Lichfield Wholesale
31053,Nordstrom US,P019w Atlanta Wholesale
31054,The Iconic,FC01w Barnsley Wholesale
31055,Yoox,FC04w Berlin Wholesale
31056,Zalora,P020w Sheffield Wholesale
31057,Dafiti Chile,FC06w Lichfield Wholesale
31058,Nordstrom Rack,P019w Atlanta Wholesale
31059,Nordstrom Rack,FC01w Barnsley Wholesale
31060,Nordstrom Rack,FC04w Berlin Wholesale
31061,Nordstrom US,P020w Sheffield Wholesale
31062,Nordstrom Rack,FC06w Lichfield Wholesale
31063,Dafiti Brazil,P019w Atlanta Wholesale
31064,About You,FC04w Berlin Wholesale
31065,About You,P020w Sheffield Wholesale
31066,About You,FC06w Lichfield Wholesale
31067,Glue,P019w Atlanta Wholesale
31068,Reliance,FC01w Barnsley Wholesale
31069,Reliance OSM,FC04w Berlin Wholesale
31070,Zalora Off Price,P020w Sheffield Wholesale
31071,Cencosud,FC06w Lichfield Wholesale
31072,Nordstrom US,P019w Atlanta Wholesale
31073,Nordstrom US,FC01w Barnsley Wholesale
31074,Nordstrom Rack,FC04w Berlin Wholesale
31075,Nordstrom Rack,P020w Sheffield Wholesale
31076,Vero Moda,FC06w Lichfield Wholesale
31077,La Moda,P019w Atlanta Wholesale
31078,Namshi,FC01w Barnsley Wholesale
31079,Nordstrom US,FC04w Berlin Wholesale
31080,Nordstrom US,P020w Sheffield Wholesale
31081,Nordstrom US,FC06w Lichfield Wholesale
31082,The Iconic,P019w Atlanta Wholesale
31083,Yoox,FC01w Barnsley Wholesale
31084,Zalora,FC04w Berlin Wholesale
31085,Dafiti Chile,P020w Sheffield Wholesale
31086,Nordstrom Rack,FC06w Lichfield Wholesale
31087,Nordstrom Rack,P019w Atlanta Wholesale
31088,Nordstrom Rack,FC01w Barnsley Wholesale
31089,Nordstrom US,FC04w Berlin Wholesale
31090,Nordstrom Rack,P020w Sheffield Wholesale
31091,Dafiti Brazil,FC06w Lichfield Wholesale
31092,About You,FC01w Barnsley Wholesale
31093,About You,FC04w Berlin Wholesale
31094,About You,P020w Sheffield Wholesale
31095,Glue,FC06w Lichfield Wholesale
31096,Reliance,P019w Atlanta Wholesale
31097,Reliance OSM,FC01w Barnsley Wholesale
31098,Zalora Off Price,FC04w Berlin Wholesale
31099,Cencosud,P020w Sheffield Wholesale
31100,Nordstrom US,FC06w Lichfield Wholesale
31101,Nordstrom US,P019w Atlanta Wholesale
31102,Nordstrom Rack,FC01w Barnsley Wholesale
31103,Nordstrom Rack,FC04w Berlin Wholesale
31104,Vero Moda,P020w Sheffield Wholesale
31105,La Moda,FC06w Lichfield Wholesale
31106,Namshi,P019w Atlanta Wholesale
31107,Nordstrom US,FC01w Barnsley Wholesale
31108,Nordstrom US,FC04w Berlin Wholesale
31109,Nordstrom US,P020w Sheffield Wholesale
31110,The Iconic,FC06w Lichfield Wholesale
31111,Yoox,P019w Atlanta Wholesale
31112,Zalora,FC01w Barnsley Wholesale
31113,Dafiti Chile,FC04w Berlin Wholesale
31114,Nordstrom Rack,P020w Sheffield Wholesale
31115,Nordstrom Rack,FC06w Lichfield Wholesale
31116,Nordstrom Rack,P019w Atlanta Wholesale
31117,Nordstrom US,FC01w Barnsley Wholesale
31118,Nordstrom Rack,FC04w Berlin Wholesale
31119,Dafiti Brazil,P020w Sheffield Wholesale
31120,About You,P019w Atlanta Wholesale
31121,About You,FC01w Barnsley Wholesale
31122,About You,FC04w Berlin Wholesale
31123,Glue,P020w Sheffield Wholesale
31124,Reliance,FC06w Lichfield Wholesale
31125,Reliance OSM,P019w Atlanta Wholesale
31126,Zalora Off Price,FC01w Barnsley Wholesale
31127,Cencosud,FC04w Berlin Wholesale
31128,Nordstrom US,P020w Sheffield Wholesale
31129,Nordstrom US,FC06w Lichfield Wholesale
31130,Nordstrom Rack,P019w Atlanta Wholesale
31131,Nordstrom Rack,FC01w Barnsley Wholesale
31132,Vero Moda,FC04w Berlin Wholesale
31133,La Moda,P020w Sheffield Wholesale
31134,Namshi,FC06w Lichfield Wholesale
31135,Nordstrom US,P019w Atlanta Wholesale
31136,Nordstrom US,FC01w Barnsley Wholesale
31137,Nordstrom US,FC04w Berlin Wholesale
31138,The Iconic,P020w Sheffield Wholesale
31139,Yoox,FC06w Lichfield Wholesale
31140,Zalora,P019w Atlanta Wholesale
31141,Dafiti Chile,FC01w Barnsley Wholesale
31142,Nordstrom Rack,FC04w Berlin Wholesale
31143,Nordstrom Rack,P020w Sheffield Wholesale
31144,Nordstrom Rack,FC06w Lichfield Wholesale
31145,Nordstrom US,P019w Atlanta Wholesale
31146,Nordstrom Rack,FC01w Barnsley Wholesale
31147,Dafiti Brazil,FC04w Berlin Wholesale
31148,About You,FC06w Lichfield Wholesale
31149,About You,P019w Atlanta Wholesale
31150,About You,FC01w Barnsley Wholesale
31151,Glue,FC04w Berlin Wholesale
31152,Reliance,P020w Sheffield Wholesale
31153,Reliance OSM,FC06w Lichfield Wholesale
31154,Zalora Off Price,P019w Atlanta Wholesale
31155,Cencosud,FC01w Barnsley Wholesale
31156,Nordstrom US,FC04w Berlin Wholesale
31157,Nordstrom US,P020w Sheffield Wholesale
31158,Nordstrom Rack,FC06w Lichfield Wholesale
31159,Nordstrom Rack,P019w Atlanta Wholesale
31160,Vero Moda,FC01w Barnsley Wholesale
31161,La Moda,FC04w Berlin Wholesale
31162,Namshi,P020w Sheffield Wholesale
31163,Nordstrom US,FC06w Lichfield Wholesale
31164,Nordstrom US,P019w Atlanta Wholesale
31165,Nordstrom US,FC01w Barnsley Wholesale
31166,The Iconic,FC04w Berlin Wholesale
31167,Yoox,P020w Sheffield Wholesale
31168,Zalora,FC06w Lichfield Wholesale
31169,Dafiti Chile,P019w Atlanta Wholesale
31170,Nordstrom Rack,FC01w Barnsley Wholesale
31171,Nordstrom Rack,FC04w Berlin Wholesale
31172,Nordstrom Rack,P020w Sheffield Wholesale
31173,Nordstrom US,FC06w Lichfield Wholesale
31174,Nordstrom Rack,P019w Atlanta Wholesale
31175,Dafiti Brazil,FC01w Barnsley Wholesale
31176,About You,P020w Sheffield Wholesale
31177,About You,FC06w Lichfield Wholesale
31178,About You,P019w Atlanta Wholesale
31179,Glue,FC01w Barnsley Wholesale
31180,Reliance,FC04w Berlin Wholesale
31181,Reliance OSM,P020w Sheffield Wholesale
31182,Zalora Off Price,FC06w Lichfield Wholesale
31183,Cencosud,P019w Atlanta Wholesale
31184,Nordstrom US,FC01w Barnsley Wholesale
31185,Nordstrom US,FC04w Berlin Wholesale
31186,Nordstrom Rack,P020w Sheffield Wholesale
31187,Nordstrom Rack,FC06w Lichfield Wholesale
31188,Vero Moda,P019w Atlanta Wholesale
31189,La Moda,FC01w Barnsley Wholesale
31190,Namshi,FC04w Berlin Wholesale
31191,Nordstrom US,P020w Sheffield Wholesale
31192,Nordstrom US,FC06w Lichfield Wholesale
31193,Nordstrom US,P019w Atlanta Wholesale
31194,The Iconic,FC01w Barnsley Wholesale
31195,Yoox,FC04w Berlin Wholesale
31196,Zalora,P020w Sheffield Wholesale
31197,Dafiti Chile,FC06w Lichfield Wholesale
31198,Nordstrom Rack,P019w Atlanta Wholesale
31199,Nordstrom Rack,FC01w Barnsley Wholesale
31200,Nordstrom Rack,FC04w Berlin Wholesale
31201,Nordstrom US,P020w Sheffield Wholesale
31202,Nordstrom Rack,FC06w Lichfield Wholesale
31203,Dafiti Brazil,P019w Atlanta Wholesale
31204,About You,FC04w Berlin Wholesale
31205,About You,P020w Sheffield Wholesale
31206,About You,FC06w Lichfield Wholesale
31207,Glue,P019w Atlanta Wholesale
31208,Reliance,FC01w Barnsley Wholesale
31209,Reliance OSM,FC04w Berlin Wholesale
31210,Zalora Off Price,P020w Sheffield Wholesale
31211,Cencosud,FC06w Lichfield Wholesale
31212,Nordstrom US,P019w Atlanta Wholesale
31213,Nordstrom US,FC01w Barnsley Wholesale
31214,Nordstrom Rack,FC04w Berlin Wholesale
31215,Nordstrom Rack,P020w Sheffield Wholesale
31216,Vero Moda,FC06w Lichfield Wholesale
31217,La Moda,P019w Atlanta Wholesale
31218,Namshi,FC01w Barnsley Wholesale
31219,Nordstrom US,FC04w Berlin Wholesale
31220,Nordstrom US,P020w Sheffield Wholesale
31221,Nordstrom US,FC06w Lichfield Wholesale
31222,The Iconic,P019w Atlanta Wholesale
31223,Yoox,FC01w Barnsley Wholesale
31224,Zalora,FC04w Berlin Wholesale
31225,Dafiti Chile,P020w Sheffield Wholesale
31226,Nordstrom Rack,FC06w Lichfield Wholesale
31227,Nordstrom Rack,P019w Atlanta Wholesale
31228,Nordstrom Rack,FC01w Barnsley Wholesale
31229,Nordstrom US,FC04w Berlin Wholesale
31230,Nordstrom Rack,P020w Sheffield Wholesale
31231,Dafiti Brazil,FC06w Lichfield Wholesale
31232,About You,FC01w Barnsley Wholesale
31233,About You,FC04w Berlin Wholesale
31234,About You,P020w Sheffield Wholesale
31235,Glue,FC06w Lichfield Wholesale
31236,Reliance,P019w Atlanta Wholesale
31237,Reliance OSM,FC01w Barnsley Wholesale
31238,Zalora Off Price,FC04w Berlin Wholesale
31239,Cencosud,P020w Sheffield Wholesale
31240,Nordstrom US,FC06w Lichfield Wholesale
31241,Nordstrom US,P019w Atlanta Wholesale
31242,Nordstrom Rack,FC01w Barnsley Wholesale
31243,Nordstrom Rack,FC04w Berlin Wholesale
31244,Vero Moda,P020w Sheffield Wholesale
31245,La Moda,FC06w Lichfield Wholesale
31246,Namshi,P019w Atlanta Wholesale
31247,Nordstrom US,FC01w Barnsley Wholesale
31248,Nordstrom US,FC04w Berlin Wholesale
31249,Nordstrom US,P020w Sheffield Wholesale
31250,The Iconic,FC06w Lichfield Wholesale
31251,Yoox,P019w Atlanta Wholesale
31252,Zalora,FC01w Barnsley Wholesale
31253,Dafiti Chile,FC04w Berlin Wholesale
31254,Nordstrom Rack,P020w Sheffield Wholesale
31255,Nordstrom Rack,FC06w Lichfield Wholesale
31256,Nordstrom Rack,P019w Atlanta Wholesale
31257,Nordstrom US,FC01w Barnsley Wholesale
31258,Nordstrom Rack,FC04w Berlin Wholesale
31259,Dafiti Brazil,P020w Sheffield Wholesale
31260,About You,P019w Atlanta Wholesale
31261,About You,FC01w Barnsley Wholesale
31262,About You,FC04w Berlin Wholesale
31263,Glue,P020w Sheffield Wholesale
31264,Reliance,FC06w Lichfield Wholesale
31265,Reliance OSM,P019w Atlanta Wholesale
31266,Zalora Off Price,FC01w Barnsley Wholesale
31267,Cencosud,FC04w Berlin Wholesale
31268,Nordstrom US,P020w Sheffield Wholesale
31269,Nordstrom US,FC06w Lichfield Wholesale
31270,Nordstrom Rack,P019w Atlanta Wholesale
31271,Nordstrom Rack,FC01w Barnsley Wholesale
31272,Vero Moda,FC04w Berlin Wholesale
31273,La Moda,P020w Sheffield Wholesale
31274,Namshi,FC06w Lichfield Wholesale
31275,Nordstrom US,P019w Atlanta Wholesale
31276,Nordstrom US,FC01w Barnsley Wholesale
31277,Nordstrom US,FC04w Berlin Wholesale
31278,The Iconic,P020w Sheffield Wholesale
31279,Yoox,FC06w Lichfield Wholesale
31280,Zalora,P019w Atlanta Wholesale
31281,Dafiti Chile,FC01w Barnsley Wholesale
31282,Nordstrom Rack,FC04w Berlin Wholesale
31283,Nordstrom Rack,P020w Sheffield Wholesale
31284,Nordstrom Rack,FC06w Lichfield Wholesale
31285,Nordstrom US,P019w Atlanta Wholesale
31286,Nordstrom Rack,FC01w Barnsley Wholesale
31287,Dafiti Brazil,FC04w Berlin Wholesale
31288,About You,FC06w Lichfield Wholesale
31289,About You,P019w Atlanta Wholesale
31290,About You,FC01w Barnsley Wholesale
31291,Glue,FC04w Berlin Wholesale
31292,Reliance,P020w Sheffield Wholesale
31293,Reliance OSM,FC06w Lichfield Wholesale
31294,Zalora Off Price,P019w Atlanta Wholesale
31295,Cencosud,FC01w Barnsley Wholesale
31296,Nordstrom US,FC04w Berlin Wholesale
31297,Nordstrom US,P020w Sheffield Wholesale
31298,Nordstrom Rack,FC06w Lichfield Wholesale
31299,Nordstrom Rack,P019w Atlanta Wholesale
31300,Vero Moda,FC01w Barnsley Wholesale
31301,La Moda,FC04w Berlin Wholesale
31302,Namshi,P020w Sheffield Wholesale
31303,Nordstrom US,FC06w Lichfield Wholesale
31304,Nordstrom US,P019w Atlanta Wholesale
31305,Nordstrom US,FC01w Barnsley Wholesale
31306,The Iconic,FC04w Berlin Wholesale
31307,Yoox,P020w Sheffield Wholesale
31308,Zalora,FC06w Lichfield Wholesale
31309,Dafiti Chile,P019w Atlanta Wholesale
31310,Nordstrom Rack,FC01w Barnsley Wholesale
31311,Nordstrom Rack,FC04w Berlin Wholesale
31312,Nordstrom Rack,P020w Sheffield Wholesale
31313,Nordstrom US,FC06w Lichfield Wholesale
31314,Nordstrom Rack,P019w Atlanta Wholesale
31315,Dafiti Brazil,FC01w Barnsley Wholesale
31316,About You,P020w Sheffield Wholesale
31317,About You,FC06w Lichfield Wholesale
31318,About You,P019w Atlanta Wholesale
31319,Glue,FC01w Barnsley Wholesale
31320,Reliance,FC04w Berlin Wholesale
31321,Reliance OSM,P020w Sheffield Wholesale
31322,Zalora Off Price,FC06w Lichfield Wholesale
31323,Cencosud,P019w Atlanta Wholesale
31324,Nordstrom US,FC01w Barnsley Wholesale
31325,Nordstrom US,FC04w Berlin Wholesale
31326,Nordstrom Rack,P020w Sheffield Wholesale
31327,Nordstrom Rack,FC06w Lichfield Wholesale
31328,Vero Moda,P019w Atlanta Wholesale
31329,La Moda,FC01w Barnsley Wholesale
31330,Namshi,FC04w Berlin Wholesale
31331,Nordstrom US,P020w Sheffield Wholesale
31332,Nordstrom US,FC06w Lichfield Wholesale
31333,Nordstrom US,P019w Atlanta Wholesale
31334,The Iconic,FC01w Barnsley Wholesale
31335,Yoox,FC04w Berlin Wholesale
31336,Zalora,P020w Sheffield Wholesale
31337,Dafiti Chile,FC06w Lichfield Wholesale
31338,Nordstrom Rack,P019w Atlanta Wholesale
31339,Nordstrom Rack,FC01w Barnsley Wholesale
31340,Nordstrom Rack,FC04w Berlin Wholesale
31341,Nordstrom US,P020w Sheffield Wholesale
31342,Nordstrom Rack,FC06w Lichfield Wholesale
31343,Dafiti Brazil,P019w Atlanta Wholesale
31344,About You,FC04w Berlin Wholesale
31345,About You,P020w Sheffield Wholesale
31346,About You,FC06w Lichfield Wholesale
31347,Glue,P019w Atlanta Wholesale
31348,Reliance,FC01w Barnsley Wholesale
31349,Reliance OSM,FC04w Berlin Wholesale
31350,Zalora Off Price,P020w Sheffield Wholesale
31351,Cencosud,FC06w Lichfield Wholesale
31352,Nordstrom US,P019w Atlanta Wholesale
31353,Nordstrom US,FC01w Barnsley Wholesale
31354,Nordstrom Rack,FC04w Berlin Wholesale
31355,Nordstrom Rack,P020w Sheffield Wholesale
31356,Vero Moda,FC06w Lichfield Wholesale
31357,La Moda,P019w Atlanta Wholesale
31358,Namshi,FC01w Barnsley Wholesale
31359,Nordstrom US,FC04w Berlin Wholesale
31360,Nordstrom US,P020w Sheffield Wholesale
31361,Nordstrom US,FC06w Lichfield Wholesale
31362,The Iconic,P019w Atlanta Wholesale
31363,Yoox,FC01w Barnsley Wholesale
31364,Zalora,FC04w Berlin Wholesale
31365,Dafiti Chile,P020w Sheffield Wholesale
31366,Nordstrom Rack,FC06w Lichfield Wholesale
31367,Nordstrom Rack,P019w Atlanta Wholesale
31368,Nordstrom Rack,FC01w Barnsley Wholesale
31369,Nordstrom US,FC04w Berlin Wholesale
31370,Nordstrom Rack,P020w Sheffield Wholesale
31371,Dafiti Brazil,FC06w Lichfield Wholesale
31372,About You,FC01w Barnsley Wholesale
31373,About You,FC04w Berlin Wholesale
31374,About You,P020w Sheffield Wholesale
31375,Glue,FC06w Lichfield Wholesale
31376,Reliance,P019w Atlanta Wholesale
31377,Reliance OSM,FC01w Barnsley Wholesale
31378,Zalora Off Price,FC04w Berlin Wholesale
31379,Cencosud,P020w Sheffield Wholesale
31380,Nordstrom US,FC06w Lichfield Wholesale
31381,Nordstrom US,P019w Atlanta Wholesale
31382,Nordstrom Rack,FC01w Barnsley Wholesale
31383,Nordstrom Rack,FC04w Berlin Wholesale
31384,Vero Moda,P020w Sheffield Wholesale
31385,La Moda,FC06w Lichfield Wholesale
31386,Namshi,P019w Atlanta Wholesale
31387,Nordstrom US,FC01w Barnsley Wholesale
31388,Nordstrom US,FC04w Berlin Wholesale
31389,Nordstrom US,P020w Sheffield Wholesale
31390,The Iconic,FC06w Lichfield Wholesale
31391,Yoox,P019w Atlanta Wholesale
31392,Zalora,FC01w Barnsley Wholesale
31393,Dafiti Chile,FC04w Berlin Wholesale
31394,Nordstrom Rack,P020w Sheffield Wholesale
31395,Nordstrom Rack,FC06w Lichfield Wholesale
31396,Nordstrom Rack,P019w Atlanta Wholesale
31397,Nordstrom US,FC01w Barnsley Wholesale
31398,Nordstrom Rack,FC04w Berlin Wholesale
31399,Dafiti Brazil,P020w Sheffield Wholesale
31400,About You,P019w Atlanta Wholesale
31401,About You,FC01w Barnsley Wholesale
31402,About You,FC04w Berlin Wholesale
31403,Glue,P020w Sheffield Wholesale
31404,Reliance,FC06w Lichfield Wholesale
31405,Reliance OSM,P019w Atlanta Wholesale
31406,Zalora Off Price,FC01w Barnsley Wholesale
31407,Cencosud,FC04w Berlin Wholesale
31408,Nordstrom US,P020w Sheffield Wholesale
31409,Nordstrom US,FC06w Lichfield Wholesale
31410,Nordstrom Rack,P019w Atlanta Wholesale
31411,Nordstrom Rack,FC01w Barnsley Wholesale
31412,Vero Moda,FC04w Berlin Wholesale
31413,La Moda,P020w Sheffield Wholesale
31414,Namshi,FC06w Lichfield Wholesale
31415,Nordstrom US,P019w Atlanta Wholesale
31416,Nordstrom US,FC01w Barnsley Wholesale
31417,Nordstrom US,FC04w Berlin Wholesale
31418,The Iconic,P020w Sheffield Wholesale
31419,Yoox,FC06w Lichfield Wholesale
31420,Zalora,P019w Atlanta Wholesale
31421,Dafiti Chile,FC01w Barnsley Wholesale
31422,Nordstrom Rack,FC04w Berlin Wholesale
31423,Nordstrom Rack,P020w Sheffield Wholesale
31424,Nordstrom Rack,FC06w Lichfield Wholesale
31425,Nordstrom US,P019w Atlanta Wholesale
31426,Nordstrom Rack,FC01w Barnsley Wholesale
31427,Dafiti Brazil,FC04w Berlin Wholesale
31428,About You,FC06w Lichfield Wholesale
31429,About You,P019w Atlanta Wholesale
31430,About You,FC01w Barnsley Wholesale
31431,Glue,FC04w Berlin Wholesale
31432,Reliance,P020w Sheffield Wholesale
31433,Reliance OSM,FC06w Lichfield Wholesale
31434,Zalora Off Price,P019w Atlanta Wholesale
31435,Cencosud,FC01w Barnsley Wholesale
31436,Nordstrom US,FC04w Berlin Wholesale
31437,Nordstrom US,P020w Sheffield Wholesale
31438,Nordstrom Rack,FC06w Lichfield Wholesale
31439,Nordstrom Rack,P019w Atlanta Wholesale
31440,Vero Moda,FC01w Barnsley Wholesale
31441,La Moda,FC04w Berlin Wholesale
31442,Namshi,P020w Sheffield Wholesale
31443,Nordstrom US,FC06w Lichfield Wholesale
31444,Nordstrom US,P019w Atlanta Wholesale
31445,Nordstrom US,FC01w Barnsley Wholesale
31446,The Iconic,FC04w Berlin Wholesale
31447,Yoox,P020w Sheffield Wholesale
31448,Zalora,FC06w Lichfield Wholesale
31449,Dafiti Chile,P019w Atlanta Wholesale
31450,Nordstrom Rack,FC01w Barnsley Wholesale
31451,Nordstrom Rack,FC04w Berlin Wholesale
31452,Nordstrom Rack,P020w Sheffield Wholesale
31453,Nordstrom US,FC06w Lichfield Wholesale
31454,Nordstrom Rack,P019w Atlanta Wholesale
31455,Dafiti Brazil,FC01w Barnsley Wholesale
31456,About You,P020w Sheffield Wholesale
31457,About You,FC06w Lichfield Wholesale
31458,About You,P019w Atlanta Wholesale
31459,Glue,FC01w Barnsley Wholesale
31460,Reliance,FC04w Berlin Wholesale
31461,Reliance OSM,P020w Sheffield Wholesale
31462,Zalora Off Price,FC06w Lichfield Wholesale
31463,Cencosud,P019w Atlanta Wholesale
31464,Nordstrom US,FC01w Barnsley Wholesale
31465,Nordstrom US,FC04w Berlin Wholesale
31466,Nordstrom Rack,P020w Sheffield Wholesale
31467,Nordstrom Rack,FC06w Lichfield Wholesale
31468,Vero Moda,P019w Atlanta Wholesale
31469,La Moda,FC01w Barnsley Wholesale
31470,Namshi,FC04w Berlin Wholesale
31471,Nordstrom US,P020w Sheffield Wholesale
31472,Nordstrom US,FC06w Lichfield Wholesale
31473,Nordstrom US,P019w Atlanta Wholesale
31474,The Iconic,FC01w Barnsley Wholesale
31475,Yoox,FC04w Berlin Wholesale
31476,Zalora,P020w Sheffield Wholesale
31477,Dafiti Chile,FC06w Lichfield Wholesale
31478,Nordstrom Rack,P019w Atlanta Wholesale
31479,Nordstrom Rack,FC01w Barnsley Wholesale
31480,Nordstrom Rack,FC04w Berlin Wholesale
31481,Nordstrom US,P020w Sheffield Wholesale
31482,Nordstrom Rack,FC06w Lichfield Wholesale
31483,Dafiti Brazil,P019w Atlanta Wholesale
31484,About You,FC04w Berlin Wholesale
31485,About You,P020w Sheffield Wholesale
31486,About You,FC06w Lichfield Wholesale
31487,Glue,P019w Atlanta Wholesale
31488,Reliance,FC01w Barnsley Wholesale
31489,Reliance OSM,FC04w Berlin Wholesale
31490,Zalora Off Price,P020w Sheffield Wholesale
31491,Cencosud,FC06w Lichfield Wholesale
31492,Nordstrom US,P019w Atlanta Wholesale
31493,Nordstrom US,FC01w Barnsley Wholesale
31494,Nordstrom Rack,FC04w Berlin Wholesale
31495,Nordstrom Rack,P020w Sheffield Wholesale
31496,Vero Moda,FC06w Lichfield Wholesale
31497,La Moda,P019w Atlanta Wholesale
31498,Namshi,FC01w Barnsley Wholesale
31499,Nordstrom US,FC04w Berlin Wholesale
31500,Nordstrom US,P020w Sheffield Wholesale
31501,Nordstrom US,FC06w Lichfield Wholesale
31502,The Iconic,P019w Atlanta Wholesale
31503,Yoox,FC01w Barnsley Wholesale
31504,Zalora,FC04w Berlin Wholesale
31505,Dafiti Chile,P020w Sheffield Wholesale
31506,Nordstrom Rack,FC06w Lichfield Wholesale
31507,Nordstrom Rack,P019w Atlanta Wholesale
31508,Nordstrom Rack,FC01w Barnsley Wholesale
31509,Nordstrom US,FC04w Berlin Wholesale
31510,Nordstrom Rack,P020w Sheffield Wholesale
31511,Dafiti Brazil,FC06w Lichfield Wholesale
31512,About You,FC01w Barnsley Wholesale
31513,About You,FC04w Berlin Wholesale
31514,About You,P020w Sheffield Wholesale
31515,Glue,FC06w Lichfield Wholesale
31516,Reliance,P019w Atlanta Wholesale
31517,Reliance OSM,FC01w Barnsley Wholesale
31518,Zalora Off Price,FC04w Berlin Wholesale
31519,Cencosud,P020w Sheffield Wholesale
31520,Nordstrom US,FC06w Lichfield Wholesale
31521,Nordstrom US,P019w Atlanta Wholesale
31522,Nordstrom Rack,FC01w Barnsley Wholesale
31523,Nordstrom Rack,FC04w Berlin Wholesale
31524,Vero Moda,P020w Sheffield Wholesale
31525,La Moda,FC06w Lichfield Wholesale
31526,Namshi,P019w Atlanta Wholesale
31527,Nordstrom US,FC01w Barnsley Wholesale
31528,Nordstrom US,FC04w Berlin Wholesale
31529,Nordstrom US,P020w Sheffield Wholesale
31530,The Iconic,FC06w Lichfield Wholesale
31531,Yoox,P019w Atlanta Wholesale
31532,Zalora,FC01w Barnsley Wholesale
31533,Dafiti Chile,FC04w Berlin Wholesale
31534,Nordstrom Rack,P020w Sheffield Wholesale
31535,Nordstrom Rack,FC06w Lichfield Wholesale
31536,Nordstrom Rack,P019w Atlanta Wholesale
31537,Nordstrom US,FC01w Barnsley Wholesale
31538,Nordstrom Rack,FC04w Berlin Wholesale
31539,Dafiti Brazil,P020w Sheffield Wholesale
31540,About You,P019w Atlanta Wholesale
31541,About You,FC01w Barnsley Wholesale
31542,About You,FC04w Berlin Wholesale
31543,Glue,P020w Sheffield Wholesale
31544,Reliance,FC06w Lichfield Wholesale
31545,Reliance OSM,P019w Atlanta Wholesale
31546,Zalora Off Price,FC01w Barnsley Wholesale
31547,Cencosud,FC04w Berlin Wholesale
31548,Nordstrom US,P020w Sheffield Wholesale
31549,Nordstrom US,FC06w Lichfield Wholesale
31550,Nordstrom Rack,P019w Atlanta Wholesale
31551,Nordstrom Rack,FC01w Barnsley Wholesale
31552,Vero Moda,FC04w Berlin Wholesale
31553,La Moda,P020w Sheffield Wholesale
31554,Namshi,FC06w Lichfield Wholesale
31555,Nordstrom US,P019w Atlanta Wholesale
31556,Nordstrom US,FC01w Barnsley Wholesale
31557,Nordstrom US,FC04w Berlin Wholesale
31558,The Iconic,P020w Sheffield Wholesale
31559,Yoox,FC06w Lichfield Wholesale
31560,Zalora,P019w Atlanta Wholesale
31561,Dafiti Chile,FC01w Barnsley Wholesale
31562,Nordstrom Rack,FC04w Berlin Wholesale
31563,Nordstrom Rack,P020w Sheffield Wholesale
31564,Nordstrom Rack,FC06w Lichfield Wholesale
31565,Nordstrom US,P019w Atlanta Wholesale
31566,Nordstrom Rack,FC01w Barnsley Wholesale
31567,Dafiti Brazil,FC04w Berlin Wholesale
31568,About You,FC06w Lichfield Wholesale
31569,About You,P019w Atlanta Wholesale
31570,About You,FC01w Barnsley Wholesale
31571,Glue,FC04w Berlin Wholesale
31572,Reliance,P020w Sheffield Wholesale
31573,Reliance OSM,FC06w Lichfield Wholesale
31574,Zalora Off Price,P019w Atlanta Wholesale
31575,Cencosud,FC01w Barnsley Wholesale
31576,Nordstrom US,FC04w Berlin Wholesale
31577,Nordstrom US,P020w Sheffield Wholesale
31578,Nordstrom Rack,FC06w Lichfield Wholesale
31579,Nordstrom Rack,P019w Atlanta Wholesale
31580,Vero Moda,FC01w Barnsley Wholesale
31581,La Moda,FC04w Berlin Wholesale
31582,Namshi,P020w Sheffield Wholesale
31583,Nordstrom US,FC06w Lichfield Wholesale
31584,Nordstrom US,P019w Atlanta Wholesale
31585,Nordstrom US,FC01w Barnsley Wholesale
31586,The Iconic,FC04w Berlin Wholesale
31587,Yoox,P020w Sheffield Wholesale
31588,Zalora,FC06w Lichfield Wholesale
31589,Dafiti Chile,P019w Atlanta Wholesale
31590,Nordstrom Rack,FC01w Barnsley Wholesale
31591,Nordstrom Rack,FC04w Berlin Wholesale
31592,Nordstrom Rack,P020w Sheffield Wholesale
31593,Nordstrom US,FC06w Lichfield Wholesale
31594,Nordstrom Rack,P019w Atlanta Wholesale
31595,Dafiti Brazil,FC01w Barnsley Wholesale
31596,About You,P020w Sheffield Wholesale
31597,About You,FC06w Lichfield Wholesale
31598,About You,P019w Atlanta Wholesale
31599,Glue,FC01w Barnsley Wholesale
31600,Reliance,FC04w Berlin Wholesale
31601,Reliance OSM,P020w Sheffield Wholesale
31602,Zalora Off Price,FC06w Lichfield Wholesale
31603,Cencosud,P019w Atlanta Wholesale
31604,Nordstrom US,FC01w Barnsley Wholesale
31605,Nordstrom US,FC04w Berlin Wholesale
31606,Nordstrom Rack,P020w Sheffield Wholesale
31607,Nordstrom Rack,FC06w Lichfield Wholesale
31608,Vero Moda,P019w Atlanta Wholesale
31609,La Moda,FC01w Barnsley Wholesale
31610,Namshi,FC04w Berlin Wholesale
31611,Nordstrom US,P020w Sheffield Wholesale
31612,Nordstrom US,FC06w Lichfield Wholesale
31613,Nordstrom US,P019w Atlanta Wholesale
31614,The Iconic,FC01w Barnsley Wholesale
31615,Yoox,FC04w Berlin Wholesale
31616,Zalora,P020w Sheffield Wholesale
31617,Dafiti Chile,FC06w Lichfield Wholesale
31618,Nordstrom Rack,P019w Atlanta Wholesale
31619,Nordstrom Rack,FC01w Barnsley Wholesale
31620,Nordstrom Rack,FC04w Berlin Wholesale
31621,Nordstrom US,P020w Sheffield Wholesale
31622,Nordstrom Rack,FC06w Lichfield Wholesale
31623,Dafiti Brazil,P019w Atlanta Wholesale
31624,About You,FC04w Berlin Wholesale
31625,About You,P020w Sheffield Wholesale
31626,About You,FC06w Lichfield Wholesale
31627,Glue,P019w Atlanta Wholesale
31628,Reliance,FC01w Barnsley Wholesale
31629,Reliance OSM,FC04w Berlin Wholesale
31630,Zalora Off Price,P020w Sheffield Wholesale
31631,Cencosud,FC06w Lichfield Wholesale
31632,Nordstrom US,P019w Atlanta Wholesale
31633,Nordstrom US,FC01w Barnsley Wholesale
31634,Nordstrom Rack,FC04w Berlin Wholesale
31635,Nordstrom Rack,P020w Sheffield Wholesale
31636,Vero Moda,FC06w Lichfield Wholesale
31637,La Moda,P019w Atlanta Wholesale
31638,Namshi,FC01w Barnsley Wholesale
31639,Nordstrom US,FC04w Berlin Wholesale
31640,Nordstrom US,P020w Sheffield Wholesale
31641,Nordstrom US,FC06w Lichfield Wholesale
31642,The Iconic,P019w Atlanta Wholesale
31643,Yoox,FC01w Barnsley Wholesale
31644,Zalora,FC04w Berlin Wholesale
31645,Dafiti Chile,P020w Sheffield Wholesale
31646,Nordstrom Rack,FC06w Lichfield Wholesale
31647,Nordstrom Rack,P019w Atlanta Wholesale
31648,Nordstrom Rack,FC01w Barnsley Wholesale
31649,Nordstrom US,FC04w Berlin Wholesale
31650,Nordstrom Rack,P020w Sheffield Wholesale
31651,Dafiti Brazil,FC06w Lichfield Wholesale
31652,About You,FC01w Barnsley Wholesale
31653,About You,FC04w Berlin Wholesale
31654,About You,P020w Sheffield Wholesale
31655,Glue,FC06w Lichfield Wholesale
31656,Reliance,P019w Atlanta Wholesale
31657,Reliance OSM,FC01w Barnsley Wholesale
31658,Zalora Off Price,FC04w Berlin Wholesale
31659,Cencosud,P020w Sheffield Wholesale
31660,Nordstrom US,FC06w Lichfield Wholesale
31661,Nordstrom US,P019w Atlanta Wholesale
31662,Nordstrom Rack,FC01w Barnsley Wholesale
31663,Nordstrom Rack,FC04w Berlin Wholesale
31664,Vero Moda,P020w Sheffield Wholesale
31665,La Moda,FC06w Lichfield Wholesale
31666,Namshi,P019w Atlanta Wholesale
31667,Nordstrom US,FC01w Barnsley Wholesale
31668,Nordstrom US,FC04w Berlin Wholesale
31669,Nordstrom US,P020w Sheffield Wholesale
31670,The Iconic,FC06w Lichfield Wholesale
31671,Yoox,P019w Atlanta Wholesale
31672,Zalora,FC01w Barnsley Wholesale
31673,Dafiti Chile,FC04w Berlin Wholesale
31674,Nordstrom Rack,P020w Sheffield Wholesale
31675,Nordstrom Rack,FC06w Lichfield Wholesale
31676,Nordstrom Rack,P019w Atlanta Wholesale
31677,Nordstrom US,FC01w Barnsley Wholesale
31678,Nordstrom Rack,FC04w Berlin Wholesale
31679,Dafiti Brazil,P020w Sheffield Wholesale
31680,About You,P019w Atlanta Wholesale
31681,About You,FC01w Barnsley Wholesale
31682,About You,FC04w Berlin Wholesale
31683,Glue,P020w Sheffield Wholesale
31684,Reliance,FC06w Lichfield Wholesale
31685,Reliance OSM,P019w Atlanta Wholesale
31686,Zalora Off Price,FC01w Barnsley Wholesale
31687,Cencosud,FC04w Berlin Wholesale
31688,Nordstrom US,P020w Sheffield Wholesale
31689,Nordstrom US,FC06w Lichfield Wholesale
31690,Nordstrom Rack,P019w Atlanta Wholesale
31691,Nordstrom Rack,FC01w Barnsley Wholesale
31692,Vero Moda,FC04w Berlin Wholesale
31693,La Moda,P020w Sheffield Wholesale
31694,Namshi,FC06w Lichfield Wholesale
31695,Nordstrom US,P019w Atlanta Wholesale
31696,Nordstrom US,FC01w Barnsley Wholesale
31697,Nordstrom US,FC04w Berlin Wholesale
31698,The Iconic,P020w Sheffield Wholesale
31699,Yoox,FC06w Lichfield Wholesale
31700,Zalora,P019w Atlanta Wholesale
31701,Dafiti Chile,FC01w Barnsley Wholesale
31702,Nordstrom Rack,FC04w Berlin Wholesale
31703,Nordstrom Rack,P020w Sheffield Wholesale
31704,Nordstrom Rack,FC06w Lichfield Wholesale
31705,Nordstrom US,P019w Atlanta Wholesale
31706,Nordstrom Rack,FC01w Barnsley Wholesale
31707,Dafiti Brazil,FC04w Berlin Wholesale
31708,About You,FC06w Lichfield Wholesale
31709,About You,P019w Atlanta Wholesale
31710,About You,FC01w Barnsley Wholesale
31711,Glue,FC04w Berlin Wholesale
31712,Reliance,P020w Sheffield Wholesale
31713,Reliance OSM,FC06w Lichfield Wholesale
31714,Zalora Off Price,P019w Atlanta Wholesale
31715,Cencosud,FC01w Barnsley Wholesale
31716,Nordstrom US,FC04w Berlin Wholesale
31717,Nordstrom US,P020w Sheffield Wholesale
31718,Nordstrom Rack,FC06w Lichfield Wholesale
31719,Nordstrom Rack,P019w Atlanta Wholesale
31720,Vero Moda,FC01w Barnsley Wholesale
31721,La Moda,FC04w Berlin Wholesale
31722,Namshi,P020w Sheffield Wholesale
31723,Nordstrom US,FC06w Lichfield Wholesale
31724,Nordstrom US,P019w Atlanta Wholesale
31725,Nordstrom US,FC01w Barnsley Wholesale
31726,The Iconic,FC04w Berlin Wholesale
31727,Yoox,P020w Sheffield Wholesale
31728,Zalora,FC06w Lichfield Wholesale
31729,Dafiti Chile,P019w Atlanta Wholesale
31730,Nordstrom Rack,FC01w Barnsley Wholesale
31731,Nordstrom Rack,FC04w Berlin Wholesale
31732,Nordstrom Rack,P020w Sheffield Wholesale
31733,Nordstrom US,FC06w Lichfield Wholesale
31734,Nordstrom Rack,P019w Atlanta Wholesale
31735,Dafiti Brazil,FC01w Barnsley Wholesale
31736,About You,P020w Sheffield Wholesale
31737,About You,FC06w Lichfield Wholesale
31738,About You,P019w Atlanta Wholesale
31739,Glue,FC01w Barnsley Wholesale
31740,Reliance,FC04w Berlin Wholesale
31741,Reliance OSM,P020w Sheffield Wholesale
31742,Zalora Off Price,FC06w Lichfield Wholesale
31743,Cencosud,P019w Atlanta Wholesale
31744,Nordstrom US,FC01w Barnsley Wholesale
31745,Nordstrom US,FC04w Berlin Wholesale
31746,Nordstrom Rack,P020w Sheffield Wholesale
31747,Nordstrom Rack,FC06w Lichfield Wholesale
31748,Vero Moda,P019w Atlanta Wholesale
31749,La Moda,FC01w Barnsley Wholesale
31750,Namshi,FC04w Berlin Wholesale
31751,Nordstrom US,P020w Sheffield Wholesale
31752,Nordstrom US,FC06w Lichfield Wholesale
31753,Nordstrom US,P019w Atlanta Wholesale
31754,The Iconic,FC01w Barnsley Wholesale
31755,Yoox,FC04w Berlin Wholesale
31756,Zalora,P020w Sheffield Wholesale
31757,Dafiti Chile,FC06w Lichfield Wholesale
31758,Nordstrom Rack,P019w Atlanta Wholesale
31759,Nordstrom Rack,FC01w Barnsley Wholesale
31760,Nordstrom Rack,FC04w Berlin Wholesale
31761,Nordstrom US,P020w Sheffield Wholesale
31762,Nordstrom Rack,FC06w Lichfield Wholesale
31763,Dafiti Brazil,P019w Atlanta Wholesale
31764,About You,FC04w Berlin Wholesale
31765,About You,P020w Sheffield Wholesale
31766,About You,FC06w Lichfield Wholesale
31767,Glue,P019w Atlanta Wholesale
31768,Reliance,FC01w Barnsley Wholesale
31769,Reliance OSM,FC04w Berlin Wholesale
31770,Zalora Off Price,P020w Sheffield Wholesale
31771,Cencosud,FC06w Lichfield Wholesale
31772,Nordstrom US,P019w Atlanta Wholesale
31773,Nordstrom US,FC01w Barnsley Wholesale
31774,Nordstrom Rack,FC04w Berlin Wholesale
31775,Nordstrom Rack,P020w Sheffield Wholesale
31776,Vero Moda,FC06w Lichfield Wholesale
31777,La Moda,P019w Atlanta Wholesale
31778,Namshi,FC01w Barnsley Wholesale
31779,Nordstrom US,FC04w Berlin Wholesale
31780,Nordstrom US,P020w Sheffield Wholesale
31781,Nordstrom US,FC06w Lichfield Wholesale
31782,The Iconic,P019w Atlanta Wholesale
31783,Yoox,FC01w Barnsley Wholesale
31784,Zalora,FC04w Berlin Wholesale
31785,Dafiti Chile,P020w Sheffield Wholesale
31786,Nordstrom Rack,FC06w Lichfield Wholesale
31787,Nordstrom Rack,P019w Atlanta Wholesale
31788,Nordstrom Rack,FC01w Barnsley Wholesale
31789,Nordstrom US,FC04w Berlin Wholesale
31790,Nordstrom Rack,P020w Sheffield Wholesale
31791,Dafiti Brazil,FC06w Lichfield Wholesale
31792,About You,FC01w Barnsley Wholesale
31793,About You,FC04w Berlin Wholesale
31794,About You,P020w Sheffield Wholesale
31795,Glue,FC06w Lichfield Wholesale
31796,Reliance,P019w Atlanta Wholesale
31797,Reliance OSM,FC01w Barnsley Wholesale
31798,Zalora Off Price,FC04w Berlin Wholesale
31799,Cencosud,P020w Sheffield Wholesale
31800,Nordstrom US,FC06w Lichfield Wholesale
31801,Nordstrom US,P019w Atlanta Wholesale
31802,Nordstrom Rack,FC01w Barnsley Wholesale
31803,Nordstrom Rack,FC04w Berlin Wholesale
31804,Vero Moda,P020w Sheffield Wholesale
31805,La Moda,FC06w Lichfield Wholesale
31806,Namshi,P019w Atlanta Wholesale
31807,Nordstrom US,FC01w Barnsley Wholesale
31808,Nordstrom US,FC04w Berlin Wholesale
31809,Nordstrom US,P020w Sheffield Wholesale
31810,The Iconic,FC06w Lichfield Wholesale
31811,Yoox,P019w Atlanta Wholesale
31812,Zalora,FC01w Barnsley Wholesale
31813,Dafiti Chile,FC04w Berlin Wholesale
31814,Nordstrom Rack,P020w Sheffield Wholesale
31815,Nordstrom Rack,FC06w Lichfield Wholesale
31816,Nordstrom Rack,P019w Atlanta Wholesale
31817,Nordstrom US,FC01w Barnsley Wholesale
31818,Nordstrom Rack,FC04w Berlin Wholesale
31819,Dafiti Brazil,P020w Sheffield Wholesale
31820,About You,P019w Atlanta Wholesale
31821,About You,FC01w Barnsley Wholesale
31822,About You,FC04w Berlin Wholesale
31823,Glue,P020w Sheffield Wholesale
31824,Reliance,FC06w Lichfield Wholesale
31825,Reliance OSM,P019w Atlanta Wholesale
31826,Zalora Off Price,FC01w Barnsley Wholesale
31827,Cencosud,FC04w Berlin Wholesale
31828,Nordstrom US,P020w Sheffield Wholesale
31829,Nordstrom US,FC06w Lichfield Wholesale
31830,Nordstrom Rack,P019w Atlanta Wholesale
31831,Nordstrom Rack,FC01w Barnsley Wholesale
31832,Vero Moda,FC04w Berlin Wholesale
31833,La Moda,P020w Sheffield Wholesale
31834,Namshi,FC06w Lichfield Wholesale
31835,Nordstrom US,P019w Atlanta Wholesale
31836,Nordstrom US,FC01w Barnsley Wholesale
31837,Nordstrom US,FC04w Berlin Wholesale
31838,The Iconic,P020w Sheffield Wholesale
31839,Yoox,FC06w Lichfield Wholesale
31840,Zalora,P019w Atlanta Wholesale
31841,Dafiti Chile,FC01w Barnsley Wholesale
31842,Nordstrom Rack,FC04w Berlin Wholesale
31843,Nordstrom Rack,P020w Sheffield Wholesale
31844,Nordstrom Rack,FC06w Lichfield Wholesale
31845,Nordstrom US,P019w Atlanta Wholesale
31846,Nordstrom Rack,FC01w Barnsley Wholesale
31847,Dafiti Brazil,FC04w Berlin Wholesale
31848,About You,FC06w Lichfield Wholesale
31849,About You,P019w Atlanta Wholesale
31850,About You,FC01w Barnsley Wholesale
31851,Glue,FC04w Berlin Wholesale
31852,Reliance,P020w Sheffield Wholesale
31853,Reliance OSM,FC06w Lichfield Wholesale
31854,Zalora Off Price,P019w Atlanta Wholesale
31855,Cencosud,FC01w Barnsley Wholesale
31856,Nordstrom US,FC04w Berlin Wholesale
31857,Nordstrom US,P020w Sheffield Wholesale
31858,Nordstrom Rack,FC06w Lichfield Wholesale
31859,Nordstrom Rack,P019w Atlanta Wholesale
38773,La Moda,FC01 Barnsley
38774,Namshi,FC01 Barnsley
38775,Nordstrom US,FC01 Barnsley
38776,Nordstrom US,FC01 Barnsley
38777,Nordstrom US,FC01 Barnsley
38778,The Iconic,FC01 Barnsley
38779,Yoox,FC01 Barnsley
38780,Zalora,FC01 Barnsley
38781,Dafiti Chile,FC01 Barnsley
38782,Nordstrom Rack,FC01 Barnsley
38783,Nordstrom Rack,FC01 Barnsley
38784,Nordstrom Rack,FC01 Barnsley
38785,Nordstrom US,FC01 Barnsley
38786,Nordstrom Rack,FC01 Barnsley
38787,Dafiti Brazil,FC01 Barnsley
38788,About You,FC01 Barnsley
38789,About You,FC01 Barnsley
38790,About You,FC01 Barnsley
38791,Glue,FC01 Barnsley
38792,Reliance,FC01 Barnsley
38793,Reliance OSM,FC01 Barnsley
38794,Zalora Off Price,FC01 Barnsley
38795,Cencosud,FC01 Barnsley
38796,Nordstrom US,FC01 Barnsley
38797,Nordstrom US,FC01 Barnsley
38798,Nordstrom Rack,FC01 Barnsley
38799,Nordstrom Rack,FC01 Barnsley
38800,Vero Moda,FC01 Barnsley
38801,La Moda,FC01 Barnsley
38802,Namshi,FC01 Barnsley
38803,Nordstrom US,FC01 Barnsley
38804,Nordstrom US,FC01 Barnsley
38805,Nordstrom US,FC01 Barnsley
38806,The Iconic,FC01 Barnsley
38807,Yoox,FC01 Barnsley
38808,Zalora,FC01 Barnsley
38809,Dafiti Chile,FC01 Barnsley
38810,Nordstrom Rack,FC01 Barnsley
38811,Nordstrom Rack,FC01 Barnsley
38812,Nordstrom Rack,FC01 Barnsley
38813,Nordstrom US,FC01 Barnsley
38814,Nordstrom Rack,FC01 Barnsley
38815,Dafiti Brazil,FC01 Barnsley
38816,About You,FC01 Barnsley
38817,About You,FC01 Barnsley
38818,About You,FC01 Barnsley
38819,Glue,FC01 Barnsley
38820,Reliance,FC01 Barnsley
38821,Reliance OSM,FC01 Barnsley
38822,Zalora Off Price,FC01 Barnsley
38823,Cencosud,FC01 Barnsley
38824,Nordstrom US,FC01 Barnsley
38825,Nordstrom US,FC01 Barnsley
38826,Nordstrom Rack,FC01 Barnsley
38827,Nordstrom Rack,FC01 Barnsley
38828,Vero Moda,FC01 Barnsley
38829,La Moda,FC01 Barnsley
38830,Namshi,FC01 Barnsley
38831,Nordstrom US,FC01 Barnsley
38832,Nordstrom US,FC01 Barnsley
38833,Nordstrom US,FC01 Barnsley
38834,The Iconic,FC01 Barnsley
38835,Yoox,FC01 Barnsley
38836,Zalora,FC01 Barnsley
38837,Dafiti Chile,FC01 Barnsley
38838,Nordstrom Rack,FC01 Barnsley
38839,Nordstrom Rack,FC01 Barnsley
38840,Nordstrom Rack,FC01 Barnsley
38841,Nordstrom US,FC01 Barnsley
38842,Nordstrom Rack,FC01 Barnsley
38843,Dafiti Brazil,FC01 Barnsley
38844,About You,FC01 Barnsley
38845,About You,FC01 Barnsley
38846,About You,FC01 Barnsley
38847,Glue,FC01 Barnsley
38848,Reliance,FC01 Barnsley
38849,Reliance OSM,FC01 Barnsley
38850,Zalora Off Price,FC01 Barnsley
38851,Cencosud,FC01 Barnsley
38852,Nordstrom US,FC01 Barnsley
38853,Nordstrom US,FC01 Barnsley
38854,Nordstrom Rack,FC01 Barnsley
38855,Nordstrom Rack,FC01 Barnsley
38856,Vero Moda,FC01 Barnsley
38857,La Moda,FC01 Barnsley
38858,Namshi,FC01 Barnsley
38859,Nordstrom US,FC01 Barnsley
38860,Nordstrom US,FC01 Barnsley
38861,Nordstrom US,FC01 Barnsley
38862,The Iconic,FC01 Barnsley
38863,Yoox,FC01 Barnsley
38864,Zalora,FC01 Barnsley
38865,Dafiti Chile,FC01 Barnsley
38866,Nordstrom Rack,FC01 Barnsley
38867,Nordstrom Rack,FC01 Barnsley
38868,Nordstrom Rack,FC01 Barnsley
38869,Nordstrom US,FC01 Barnsley
38870,Nordstrom Rack,FC01 Barnsley
38871,Dafiti Brazil,FC01 Barnsley
38872,About You,FC01 Barnsley
38873,About You,FC01 Barnsley
38874,About You,FC01 Barnsley
38875,Glue,FC01 Barnsley
38876,Reliance,FC01 Barnsley
38877,Reliance OSM,FC01 Barnsley
38878,Zalora Off Price,FC01 Barnsley
38879,Cencosud,FC01 Barnsley
38880,Nordstrom US,FC01 Barnsley
38881,Nordstrom US,FC01 Barnsley
38882,Nordstrom Rack,FC01 Barnsley
38883,Nordstrom Rack,FC01 Barnsley
38884,Vero Moda,FC01 Barnsley
38885,La Moda,FC01 Barnsley
38886,Namshi,FC01 Barnsley
38887,Nordstrom US,FC01 Barnsley
38888,Nordstrom US,FC01 Barnsley
38889,Nordstrom US,FC01 Barnsley
38890,The Iconic,FC01 Barnsley
38891,Yoox,FC01 Barnsley
38892,Zalora,FC01 Barnsley
38893,Dafiti Chile,FC01 Barnsley
38894,Nordstrom Rack,FC01 Barnsley
38895,Nordstrom Rack,FC01 Barnsley
38896,Nordstrom Rack,FC01 Barnsley
38897,Nordstrom US,FC01 Barnsley
38898,Nordstrom Rack,FC01 Barnsley
38899,Dafiti Brazil,FC01 Barnsley
38900,About You,FC01 Barnsley
38901,About You,FC01 Barnsley
38902,About You,FC01 Barnsley
38903,Glue,FC01 Barnsley
38904,Reliance,FC01 Barnsley
38905,Reliance OSM,FC01 Barnsley
38906,Zalora Off Price,FC01 Barnsley
38907,Cencosud,FC01 Barnsley
38908,Nordstrom US,FC01 Barnsley
38909,Nordstrom US,FC01 Barnsley
38910,Nordstrom Rack,FC01 Barnsley
38911,Nordstrom Rack,FC01 Barnsley
38912,Vero Moda,FC01 Barnsley
38913,La Moda,FC01 Barnsley
38914,Namshi,FC01 Barnsley
38915,Nordstrom US,FC01 Barnsley
38916,Nordstrom US,FC01 Barnsley
38917,Nordstrom US,FC01 Barnsley
38918,The Iconic,FC01 Barnsley
38919,Yoox,FC01 Barnsley
38920,Zalora,FC01 Barnsley
38921,Dafiti Chile,FC01 Barnsley
38922,Nordstrom Rack,FC01 Barnsley
38923,Nordstrom Rack,FC01 Barnsley
38924,Nordstrom Rack,FC01 Barnsley
38925,Nordstrom US,FC01 Barnsley
38926,Nordstrom Rack,FC01 Barnsley
38927,Dafiti Brazil,FC01 Barnsley
38928,About You,FC01 Barnsley
38929,About You,FC01 Barnsley
38930,About You,FC01 Barnsley
38931,Glue,FC01 Barnsley
38932,Reliance,FC01 Barnsley
38933,Reliance OSM,FC01 Barnsley
38934,Zalora Off Price,FC01 Barnsley
38935,Cencosud,FC01 Barnsley
38936,Nordstrom US,FC01 Barnsley
38937,Nordstrom US,FC01 Barnsley
38938,Nordstrom Rack,FC01 Barnsley
38939,Nordstrom Rack,FC01 Barnsley
38940,Vero Moda,FC01 Barnsley
38941,La Moda,FC01 Barnsley
38942,Namshi,FC01 Barnsley
38943,Nordstrom US,FC01 Barnsley
38944,Nordstrom US,FC01 Barnsley
38945,Nordstrom US,FC01 Barnsley
38946,The Iconic,FC01 Barnsley
38947,Yoox,FC01 Barnsley
38948,Zalora,FC01 Barnsley
38949,Dafiti Chile,FC01 Barnsley
38950,Nordstrom Rack,FC01 Barnsley
38951,Nordstrom Rack,FC01 Barnsley
38952,Nordstrom Rack,FC01 Barnsley
38953,Nordstrom US,FC01 Barnsley
38954,Nordstrom Rack,FC01 Barnsley
38955,Dafiti Brazil,FC01 Barnsley
38956,About You,FC01 Barnsley
38957,About You,FC01 Barnsley
38958,About You,FC01 Barnsley
38959,Glue,FC01 Barnsley
38960,Reliance,FC01 Barnsley
38961,Reliance OSM,FC01 Barnsley
38962,Zalora Off Price,FC01 Barnsley
38963,Cencosud,FC01 Barnsley
38964,Nordstrom US,FC01 Barnsley
38965,Nordstrom US,FC01 Barnsley
38966,Nordstrom Rack,FC01 Barnsley
38967,Nordstrom Rack,FC01 Barnsley
38968,Vero Moda,FC01 Barnsley
38969,La Moda,FC01 Barnsley
38970,Namshi,FC01 Barnsley
38971,Nordstrom US,FC01 Barnsley
38972,Nordstrom US,FC01 Barnsley
38973,Nordstrom US,FC01 Barnsley
38974,The Iconic,FC01 Barnsley
38975,Yoox,FC01 Barnsley
38976,Zalora,FC01 Barnsley
38977,Dafiti Chile,FC01 Barnsley
38978,Nordstrom Rack,FC01 Barnsley
38979,Nordstrom Rack,FC01 Barnsley
38980,Nordstrom Rack,FC01 Barnsley
38981,Nordstrom US,FC01 Barnsley
38982,Nordstrom Rack,FC01 Barnsley
38983,Dafiti Brazil,FC01 Barnsley
38984,About You,FC01 Barnsley
38985,About You,FC01 Barnsley
38986,About You,FC01 Barnsley
38987,Glue,FC01 Barnsley
38988,Reliance,FC01 Barnsley
38989,Reliance OSM,FC01 Barnsley
38990,Zalora Off Price,FC01 Barnsley
38991,Cencosud,FC01 Barnsley
38992,Nordstrom US,FC01 Barnsley
38993,Nordstrom US,FC01 Barnsley
38994,Nordstrom Rack,FC01 Barnsley
38995,Nordstrom Rack,FC01 Barnsley
38996,Vero Moda,FC01 Barnsley
38997,La Moda,FC01 Barnsley
38998,Namshi,FC01 Barnsley
38999,Nordstrom US,FC01 Barnsley
39000,Nordstrom US,FC01 Barnsley
39001,Nordstrom US,FC01 Barnsley
39002,The Iconic,FC01 Barnsley
39003,Yoox,FC01 Barnsley
39004,Zalora,FC01 Barnsley
39005,Dafiti Chile,FC01 Barnsley
39006,Nordstrom Rack,FC01 Barnsley
39007,Nordstrom Rack,FC01 Barnsley
39008,Nordstrom Rack,FC01 Barnsley
39009,Nordstrom US,FC01 Barnsley
39010,Nordstrom Rack,FC01 Barnsley
39011,Dafiti Brazil,FC01 Barnsley
39012,About You,FC01 Barnsley
39013,About You,FC01 Barnsley
39014,About You,FC01 Barnsley
39015,Glue,FC01 Barnsley
39016,Reliance,FC01 Barnsley
39017,Reliance OSM,FC01 Barnsley
39018,Zalora Off Price,FC01 Barnsley
39019,Cencosud,FC01 Barnsley
39020,Nordstrom US,FC01 Barnsley
39021,Nordstrom US,FC01 Barnsley
39022,Nordstrom Rack,FC01 Barnsley
39023,Nordstrom Rack,FC01 Barnsley
39024,Vero Moda,FC01 Barnsley
39025,La Moda,FC01 Barnsley
39026,Namshi,FC01 Barnsley
39027,Nordstrom US,FC01 Barnsley
39028,Nordstrom US,FC01 Barnsley
39029,Nordstrom US,FC01 Barnsley
39030,The Iconic,FC01 Barnsley
39031,Yoox,FC01 Barnsley
39032,Zalora,FC01 Barnsley
39033,Dafiti Chile,FC01 Barnsley
39034,Nordstrom Rack,FC01 Barnsley
39035,Nordstrom Rack,FC01 Barnsley
39036,Nordstrom Rack,FC01 Barnsley
39037,Nordstrom US,FC01 Barnsley
39038,Nordstrom Rack,FC01 Barnsley
39039,Dafiti Brazil,FC01 Barnsley
39040,About You,FC01 Barnsley
39041,About You,FC01 Barnsley
39042,About You,FC01 Barnsley
39043,Glue,FC01 Barnsley
39044,Reliance,FC01 Barnsley
39045,Reliance OSM,FC01 Barnsley
39046,Zalora Off Price,FC01 Barnsley
39047,Cencosud,FC01 Barnsley
39048,Nordstrom US,FC01 Barnsley
39049,Nordstrom US,FC01 Barnsley
39050,Nordstrom Rack,FC01 Barnsley
39051,Nordstrom Rack,FC01 Barnsley
39052,Vero Moda,FC01 Barnsley
39053,La Moda,FC01 Barnsley
39054,Namshi,FC01 Barnsley
39055,Nordstrom US,FC01 Barnsley
39056,Nordstrom US,FC01 Barnsley
39057,Nordstrom US,FC01 Barnsley
39058,The Iconic,FC01 Barnsley
39059,Yoox,FC01 Barnsley
39060,Zalora,FC01 Barnsley
39061,Dafiti Chile,FC01 Barnsley
39062,Nordstrom Rack,FC01 Barnsley
39063,Nordstrom Rack,FC01 Barnsley
39064,Nordstrom Rack,FC01 Barnsley
39065,Nordstrom US,FC01 Barnsley
39066,Nordstrom Rack,FC01 Barnsley
39067,Dafiti Brazil,FC01 Barnsley
39068,About You,FC01 Barnsley
39069,About You,FC01 Barnsley
39070,About You,FC01 Barnsley
39071,Glue,FC01 Barnsley
39072,Reliance,FC01 Barnsley
39073,Reliance OSM,FC01 Barnsley
39074,Zalora Off Price,FC01 Barnsley
39075,Cencosud,FC01 Barnsley
39076,Nordstrom US,FC01 Barnsley
39077,Nordstrom US,FC01 Barnsley
39078,Nordstrom Rack,FC01 Barnsley
39079,Nordstrom Rack,FC01 Barnsley
39080,Vero Moda,FC01 Barnsley
39081,La Moda,FC01 Barnsley
39082,Namshi,FC01 Barnsley
39083,Nordstrom US,FC01 Barnsley
39084,Nordstrom US,FC01 Barnsley
39085,Nordstrom US,FC01 Barnsley
39086,The Iconic,FC01 Barnsley
39087,Yoox,FC01 Barnsley
39088,Zalora,FC01 Barnsley
39089,Dafiti Chile,FC01 Barnsley
39090,Nordstrom Rack,FC01 Barnsley
39091,Nordstrom Rack,FC01 Barnsley
39092,Nordstrom Rack,FC01 Barnsley
39093,Nordstrom US,FC01 Barnsley
39094,Nordstrom Rack,FC01 Barnsley
39095,Dafiti Brazil,FC01 Barnsley
39096,About You,FC01 Barnsley
39097,About You,FC01 Barnsley
39098,About You,FC01 Barnsley
39099,Glue,FC01 Barnsley
39100,Reliance,FC01 Barnsley
39101,Reliance OSM,FC01 Barnsley
39102,Zalora Off Price,FC01 Barnsley
39103,Cencosud,FC01 Barnsley
39104,Nordstrom US,FC01 Barnsley
39105,Nordstrom US,FC01 Barnsley
39106,Nordstrom Rack,FC01 Barnsley
39107,Nordstrom Rack,FC01 Barnsley
39108,Vero Moda,FC01 Barnsley
39109,La Moda,FC01 Barnsley
39110,Namshi,FC01 Barnsley
39111,Nordstrom US,FC01 Barnsley
39112,Nordstrom US,FC01 Barnsley
39113,Nordstrom US,FC01 Barnsley
39114,The Iconic,FC01 Barnsley
39115,Yoox,FC01 Barnsley
39116,Zalora,FC01 Barnsley
39117,Dafiti Chile,FC01 Barnsley
39118,Nordstrom Rack,FC01 Barnsley
39119,Nordstrom Rack,FC01 Barnsley
39120,Nordstrom Rack,FC01 Barnsley
39121,Nordstrom US,FC01 Barnsley
39122,Nordstrom Rack,FC01 Barnsley
39123,Dafiti Brazil,FC01 Barnsley
39124,About You,FC01 Barnsley
39125,About You,FC01 Barnsley
39126,About You,FC01 Barnsley
39127,Glue,FC01 Barnsley
39128,Reliance,FC01 Barnsley
39129,Reliance OSM,FC01 Barnsley
39130,Zalora Off Price,FC01 Barnsley
39131,Cencosud,FC01 Barnsley
39132,Nordstrom US,FC01 Barnsley
39133,Nordstrom US,FC01 Barnsley
39134,Nordstrom Rack,FC01 Barnsley
39135,Nordstrom Rack,FC01 Barnsley
39136,Vero Moda,FC01 Barnsley
39137,La Moda,FC01 Barnsley
39138,Namshi,FC01 Barnsley
39139,Nordstrom US,FC01 Barnsley
39140,Nordstrom US,FC01 Barnsley
39141,Nordstrom US,FC01 Barnsley
39142,The Iconic,FC01 Barnsley
39143,Yoox,FC01 Barnsley
39144,Zalora,FC01 Barnsley
39145,Dafiti Chile,FC01 Barnsley
39146,Nordstrom Rack,FC01 Barnsley
39147,Nordstrom Rack,FC01 Barnsley
39148,Nordstrom Rack,FC01 Barnsley
39149,Nordstrom US,FC01 Barnsley
39150,Nordstrom Rack,FC01 Barnsley
39151,Dafiti Brazil,FC01 Barnsley
39152,About You,FC01 Barnsley
39153,About You,FC01 Barnsley
39154,About You,FC01 Barnsley
39155,Glue,FC01 Barnsley
39156,Reliance,FC01 Barnsley
39157,Reliance OSM,FC01 Barnsley
39158,Zalora Off Price,FC01 Barnsley
39159,Cencosud,FC01 Barnsley
39160,Nordstrom US,FC01 Barnsley
39161,Nordstrom US,FC01 Barnsley
39162,Nordstrom Rack,FC01 Barnsley
39163,Nordstrom Rack,FC01 Barnsley
39164,Vero Moda,FC01 Barnsley
39165,La Moda,FC01 Barnsley
39166,Namshi,FC01 Barnsley
39167,Nordstrom US,FC01 Barnsley
39168,Nordstrom US,FC01 Barnsley
39169,Nordstrom US,FC01 Barnsley
39170,The Iconic,FC01 Barnsley
39171,Yoox,FC01 Barnsley
39172,Zalora,FC01 Barnsley
39173,Dafiti Chile,FC01 Barnsley
39174,Nordstrom Rack,FC01 Barnsley
39175,Nordstrom Rack,FC01 Barnsley
39176,Nordstrom Rack,FC01 Barnsley
39177,Nordstrom US,FC01 Barnsley
39178,Nordstrom Rack,FC01 Barnsley
39179,Dafiti Brazil,FC01 Barnsley
39180,About You,FC01 Barnsley
39181,About You,FC01 Barnsley
39182,About You,FC01 Barnsley
39183,Glue,FC01 Barnsley
39184,Reliance,FC01 Barnsley
39185,Reliance OSM,FC01 Barnsley
39186,Zalora Off Price,FC01 Barnsley
39187,Cencosud,FC01 Barnsley
39188,Nordstrom US,FC01 Barnsley
39189,Nordstrom US,FC01 Barnsley
39190,Nordstrom Rack,FC01 Barnsley
39191,Nordstrom Rack,FC01 Barnsley
39192,Vero Moda,FC01 Barnsley
39193,La Moda,FC01 Barnsley
39194,Namshi,FC01 Barnsley
39195,Nordstrom US,FC01 Barnsley
39196,Nordstrom US,FC01 Barnsley
39197,Nordstrom US,FC01 Barnsley
39198,The Iconic,FC01 Barnsley
39199,Yoox,FC01 Barnsley
39200,Zalora,FC01 Barnsley
39201,Dafiti Chile,FC01 Barnsley
39202,Nordstrom Rack,FC01 Barnsley
39203,Nordstrom Rack,FC01 Barnsley
39204,Nordstrom Rack,FC01 Barnsley
39205,Nordstrom US,FC01 Barnsley
39206,Nordstrom Rack,FC01 Barnsley
39207,Dafiti Brazil,FC01 Barnsley
39208,About You,FC01 Barnsley
39209,About You,FC01 Barnsley
39210,About You,FC01 Barnsley
39211,Glue,FC01 Barnsley
39212,Reliance,FC01 Barnsley
39213,Reliance OSM,FC01 Barnsley
39214,Zalora Off Price,FC01 Barnsley
39215,Cencosud,FC01 Barnsley
39216,Nordstrom US,FC01 Barnsley
39217,Nordstrom US,FC01 Barnsley
39218,Nordstrom Rack,FC01 Barnsley
39219,Nordstrom Rack,FC01 Barnsley
39220,Vero Moda,FC01 Barnsley
39221,La Moda,FC01 Barnsley
39222,Namshi,FC01 Barnsley
39223,Nordstrom US,FC01 Barnsley
39224,Nordstrom US,FC01 Barnsley
39225,Nordstrom US,FC01 Barnsley
39226,The Iconic,FC01 Barnsley
39227,Yoox,FC01 Barnsley
39228,Zalora,FC01 Barnsley
39229,Dafiti Chile,FC01 Barnsley
39230,Nordstrom Rack,FC01 Barnsley
39231,Nordstrom Rack,FC01 Barnsley
39232,Nordstrom Rack,FC01 Barnsley
39233,Nordstrom US,FC01 Barnsley
39234,Nordstrom Rack,FC01 Barnsley
39235,Dafiti Brazil,FC01 Barnsley
39236,About You,FC01 Barnsley
39237,About You,FC01 Barnsley
39238,About You,FC01 Barnsley
39239,Glue,FC01 Barnsley
39240,Reliance,FC01 Barnsley
39241,Reliance OSM,FC01 Barnsley
39242,Zalora Off Price,FC01 Barnsley
39243,Cencosud,FC01 Barnsley
39244,Nordstrom US,FC01 Barnsley
39245,Nordstrom US,FC01 Barnsley
39246,Nordstrom Rack,FC01 Barnsley
39247,Nordstrom Rack,FC01 Barnsley
39248,Vero Moda,FC01 Barnsley
39249,La Moda,FC01 Barnsley
39250,Namshi,FC01 Barnsley
39251,Nordstrom US,FC01 Barnsley
39252,Nordstrom US,FC01 Barnsley
39253,Nordstrom US,FC01 Barnsley
39254,The Iconic,FC01 Barnsley
39255,Yoox,FC01 Barnsley
39256,La Moda,FC01 Barnsley
39257,Namshi,FC01 Barnsley
39258,Nordstrom US,FC01 Barnsley
39259,Nordstrom US,FC01 Barnsley
39260,Nordstrom US,FC01 Barnsley
39261,The Iconic,FC01 Barnsley
39262,Yoox,FC01 Barnsley
39263,Zalora,FC01 Barnsley
39264,Dafiti Chile,FC01 Barnsley
39265,Nordstrom Rack,FC01 Barnsley
39266,Nordstrom Rack,FC01 Barnsley
39267,Nordstrom Rack,FC01 Barnsley
39268,Nordstrom US,FC01 Barnsley
39269,Nordstrom Rack,FC01 Barnsley
39270,Dafiti Brazil,FC01 Barnsley
39271,About You,FC01 Barnsley
39272,About You,FC01 Barnsley
39273,About You,FC01 Barnsley
39274,Glue,FC01 Barnsley
39275,Reliance,FC01 Barnsley
39276,Reliance OSM,FC01 Barnsley
39277,Zalora Off Price,FC01 Barnsley
39278,Cencosud,FC01 Barnsley
39279,Nordstrom US,FC01 Barnsley
39280,Nordstrom US,FC01 Barnsley
39281,Nordstrom Rack,FC01 Barnsley
39282,Nordstrom Rack,FC01 Barnsley
39283,Vero Moda,FC01 Barnsley
39284,La Moda,FC01 Barnsley
39285,Namshi,FC01 Barnsley
39286,Nordstrom US,FC01 Barnsley
39287,Nordstrom US,FC01 Barnsley
39288,Nordstrom US,FC01 Barnsley
39289,The Iconic,FC01 Barnsley
39290,Yoox,FC01 Barnsley
39291,Zalora,FC01 Barnsley
39292,Dafiti Chile,FC01 Barnsley
39293,Nordstrom Rack,FC01 Barnsley
39294,Nordstrom Rack,FC01 Barnsley
39295,Nordstrom Rack,FC01 Barnsley
39296,Nordstrom US,FC01 Barnsley
39297,Nordstrom Rack,FC01 Barnsley
39298,Dafiti Brazil,FC01 Barnsley
39299,About You,FC01 Barnsley
39300,About You,FC01 Barnsley
39301,About You,FC01 Barnsley
39302,Glue,FC01 Barnsley
39303,Reliance,FC01 Barnsley
39304,Reliance OSM,FC01 Barnsley
39305,Zalora Off Price,FC01 Barnsley
39306,Cencosud,FC01 Barnsley
39307,Nordstrom US,FC01 Barnsley
39308,Nordstrom US,FC01 Barnsley
39309,Nordstrom Rack,FC01 Barnsley
39310,Nordstrom Rack,FC01 Barnsley
39311,Vero Moda,FC01 Barnsley
39312,La Moda,FC01 Barnsley
39313,Namshi,FC01 Barnsley
39314,Nordstrom US,FC01 Barnsley
39315,Nordstrom US,FC01 Barnsley
39316,Nordstrom US,FC01 Barnsley
39317,The Iconic,FC01 Barnsley
39318,Yoox,FC01 Barnsley
39319,Zalora,FC01 Barnsley
39320,Dafiti Chile,FC01 Barnsley
39321,Nordstrom Rack,FC01 Barnsley
39322,Nordstrom Rack,FC01 Barnsley
39323,Nordstrom Rack,FC01 Barnsley
39324,Nordstrom US,FC01 Barnsley
39325,Nordstrom Rack,FC01 Barnsley
39326,Dafiti Brazil,FC01 Barnsley
39327,About You,FC01 Barnsley
39328,About You,FC01 Barnsley
39329,About You,FC01 Barnsley
39330,Glue,FC01 Barnsley
39331,Reliance,FC01 Barnsley
39332,Reliance OSM,FC01 Barnsley
39333,Zalora Off Price,FC01 Barnsley
39334,Cencosud,FC01 Barnsley
39335,Nordstrom US,FC01 Barnsley
39336,Nordstrom US,FC01 Barnsley
39337,Nordstrom Rack,FC01 Barnsley
39338,Nordstrom Rack,FC01 Barnsley
39339,Vero Moda,FC01 Barnsley
39340,La Moda,FC01 Barnsley