260001,"2022-09-15 08:39:53.45","#CCC001",50.00,68.00,93.00,120.90,"2022-12-10","127569014","WH",4,,,,"",,"CCC001A1",30045,1002,"2022-12-10","2023-01-10","USD",93.00,100,"3XS:20|2XS:20|XS:20|S:10|M:10|L:10|XL:10"
260002,"2022-09-15 08:39:53.45","#CCC002",50.00,68.00,93.00,120.90,"2022-12-10","127569023","WH",4,,,,"",,"CCC002A0",30029,3002,"2022-12-10","2023-01-10","USD",93.00,100,"3XS:20|2XS:20|XS:20|S:10|M:10|L:10|XL:10"
260003,"2022-09-15 08:39:53.45","#CCC003",50.00,68.00,93.00,120.90,"2022-12-10","127568691","WH",4,,,,"",,"CCC003A1",30045,5002,"2022-12-10","2023-01-10","USD",93.00,100,"3XS:20|2XS:20|XS:20|S:10|M:10|L:10|XL:10"
260004,"2022-09-15 08:39:53.45","#CCC004",50.00,68.00,93.00,120.90,"2022-12-10","127568902","WH",4,,,,"",,"CCC004A0",30029,6002,"2022-12-10","2023-01-10","USD",93.00,100,"3XS:20|2XS:20|XS:20|S:10|M:10|L:10|XL:10"
260005,"2022-09-15 08:39:53.45","#CCC005",50.00,68.00,93.00,120.90,"2022-12-10","127569199","WH",4,,,,"",,"CCC005A1",30045,8002,"2022-12-10","2023-01-10","USD",93.00,100,"3XS:20|2XS:20|XS:20|S:10|M:10|L:10|XL:10"
260006,"2022-09-15 08:39:53.45","#CCC006",50.00,68.00,93.00,120.90,"2022-12-10","127569350","WH",4,,,,"",,"CCC006A1",30045,1002,"2022-12-10","2023-01-10","USD",93.00,100,"3XS:20|2XS:20|XS:20|S:10|M:10|L:10|XL:10"
260007,"2022-09-15 08:39:53.45","#CCC007",50.00,68.00,93.00,120.90,"2022-12-10","127568905","WH",4,,,,"",,"CCC007A0",30029,3002,"2022-12-10","2023-01-10","USD",93.00,100,"3XS:20|2XS:20|XS:20|S:10|M:10|L:10|XL:10"
260008,"2022-09-15 08:39:53.45","#CCC008",50.00,68.00,93.00,120.90,"2022-12-10","127568705","WH",4,,,,"",,"CCC008A1",30045,5002,"2022-12-10","2023-01-10","USD",93.00,100,"3XS:20|2XS:20|XS:20|S:10|M:10|L:10|XL:10"
260009,"2022-09-15 08:39:53.45","#CCC009",50.00,68.00,93.00,120.90,"2022-12-10","127568829","WH",4,,,,"",,"CCC009A0",30029,6002,"2022-12-10","2023-01-10","USD",93.00,100,"3XS:20|2XS:20|XS:20|S:10|M:10|L:10|XL:10"
260010,"2022-09-15 08:39:53.45","#CCC010",50.00,68.00,93.00,120.90,"2022-12-10","127568636","WH",4,,,,"",,"CCC010A1",30045,8002,"2022-12-10","2023-01-10","USD",93.00,100,"3XS:20|2XS:20|XS:20|S:10|M:10|L:10|XL:10"
260011,"2022-09-15 08:39:53.45","#CCC011",50.00,68.00,93.00,120.90,"2022-12-10","127568878","WH",4,,,,"",,"CCC011A1",30045,1002,"2022-12-10","2023-01-10","USD",93.00,100,"3XS:20|2XS:20|XS:20|S:10|M:10|L:10|XL:10"
260012,"2022-09-15 08:39:53.45","#CCC012",50.00,68.00,93.00,120.90,"2022-12-10","127569004","WH",4,,,,"",,"CCC012A0",30029,3002,"2022-12-10","2023-01-10","USD",93.00,100,"3XS:20|2XS:20|XS:20|S:10|M:10|L:10|XL:10"
260013,"2022-09-15 08:39:53.45","#CCC013",50.00,68.00,93.00,120.90,"2022-12-10","127568651","WH",4,,,,"",,"CCC013A1",30045,5002,"2022-12-10","2023-01-10","USD",93.00,100,"3XS:20|2XS:20|XS:20|S:10|M:10|L:10|XL:10"
260014,"2022-09-15 08:39:53.45","#CCC014",50.00,68.00,93.00,120.90,"2022-12-10","127569128","WH",4,,,,"",,"CCC014A0",30029,6002,"2022-12-10","2023-01-10","USD",93.00,100,"3XS:20|2XS:20|XS:20|S:10|M:10|L:10|XL:10"
260015,"2022-09-15 08:39:53.45","#CCC015",50.00,68.00,93.00,120.90,"2022-12-10","127569159","WH",4,,,,"",,"CCC015A1",30045,8002,"2022-12-10","2023-01-10","USD",93.00,100,"3XS:20|2XS:20|XS:20|S:10|M:10|L:10|XL:10"
260016,"2022-09-15 08:39:53.45","#CCC016",50.00,68.00,93.00,120.90,"2022-12-10","127569200","WH",4,,,,"",,"CCC016A1",30045,1002,"2022-12-10","2023-01-10","USD",93.00,100,"3XS:20|2XS:20|XS:20|S:10|M:10|L:10|XL:10"
260017,"2022-09-15 08:39:53.45","#CCC017",50.00,68.00,93.00,120.90,"2022-12-10","127568652","WH",4,,,,"",,"CCC017A0",30029,3002,"2022-12-10","2023-01-10","USD",93.00,100,"3XS:20|2XS:20|XS:20|S:10|M:10|L:10|XL:10"
260018,"2022-09-15 08:39:53.45","#CCC018",50.00,68.00,93.00,120.90,"2022-12-10","127568668","WH",4,,,,"",,"CCC018A1",30045,5002,"2022-12-10","2023-01-10","USD",93.00,100,"3XS:20|2XS:20|XS:20|S:10|M:10|L:10|XL:10"
260019,"2022-09-15 08:39:53.45","#CCC019",50.00,68.00,93.00,120.90,"2022-12-10","127569012","WH",4,,,,"",,"CCC019A0",30029,6002,"2022-12-10","2023-01-10","USD",93.00,100,"3XS:20|2XS:20|XS:20|S:10|M:10|L:10|XL:10"
260020,"2022-09-15 08:39:53.45","#CCC020",50.00,68.00,93.00,120.90,"2022-12-10","127569316","WH",4,,,,"",,"CCC020A1",30045,8002,"2022-12-10","2023-01-10","USD",93.00,100,"3XS:20|2XS:20|XS:20|S:10|M:10|L:10|XL:10"
260021,"2022-09-15 08:39:53.45","#CCC021",50.00,68.00,93.00,120.90,"2022-12-10","127569493","WH",4,,,,"",,"CCC021A1",30045,1002,"2022-12-10","2023-01-10","USD",93.00,100,"3XS:20|2XS:20|XS:20|S:10|M:10|L:10|XL:10"
260022,"2022-09-15 08:39:53.45","#CCC022",50.00,68.00,93.00,120.90,"2022-12-10","127569531","WH",4,,,,"",,"CCC022A0",30029,3002,"2022-12-10","2023-01-10","USD",93.00,100,"3XS:20|2XS:20|XS:20|S:10|M:10|L:10|XL:10"
260023,"2022-09-15 08:39:53.45","#CCC023",50.00,68.00,93.00,120.90,"2022-12-10","127569573","WH",4,,,,"",,"CCC023A1",30045,5002,"2022-12-10","2023-01-10","USD",93.00,100,"3XS:20|2XS:20|XS:20|S:10|M:10|L:10|XL:10"
260024,"2022-09-15 08:39:53.45","#CCC024",50.00,68.00,93.00,120.90,"2022-12-10","127569612","WH",4,,,,"",,"CCC024A0",30029,6002,"2022-12-10","2023-01-10","USD",93.00,100,"3XS:20|2XS:20|XS:20|S:10|M:10|L:10|XL:10"
260025,"2022-09-15 08:39:53.45","#CCC025",50.00,68.00,93.00,120.90,"2022-12-10","127569653","WH",4,,,,"",,"CCC025A1",30045,8002,"2022-12-10","2023-01-10","USD",93.00,100,"3XS:20|2XS:20|XS:20|S:10|M:10|L:10|XL:10"
260026,"2022-09-15 08:39:53.45","#CCC026",50.00,68.00,93.00,120.90,"2022-12-10","127569692","WH",4,,,,"",,"CCC026A1",30045,1002,"2022-12-10","2023-01-10","USD",93.00,100,"3XS:20|2XS:20|XS:20|S:10|M:10|L:10|XL:10"
260027,"2022-09-15 08:39:53.45","#CCC027",50.00,68.00,93.00,120.90,"2022-12-10","127569732","WH",4,,,,"",,"CCC027A0",30029,3002,"2022-12-10","2023-01-10","USD",93.00,100,"3XS:20|2XS:20|XS:20|S:10|M:10|L:10|XL:10"
260028,"2022-09-15 08:39:53.45","#CCC028",50.00,68.00,93.00,120.90,"2022-12-10","127569773","WH",4,,,,"",,"CCC028A1",30045,5002,"2022-12-10","2023-01-10","USD",93.00,100,"3XS:20|2XS:20|XS:20|S:10|M:10|L:10|XL:10"
260029,"2022-09-15 08:39:53.45","#CCC029",50.00,68.00,93.00,120.90,"2022-12-10","127569811","WH",4,,,,"",,"CCC029A0",30029,6002,"2022-12-10","2023-01-10","USD",93.00,100,"3XS:20|2XS:20|XS:20|S:10|M:10|L:10|XL:10"
260030,"2022-09-15 08:39:53.45","#CCC030",50.00,68.00,93.00,120.90,"2022-12-10","127569837","WH",4,,,,"",,"CCC030A1",30045,8002,"2022-12-10","2023-01-10","USD",93.00,100,"3XS:20|2XS:20|XS:20|S:10|M:10|L:10|XL:10"
260031,"2022-09-15 08:39:53.45","#CCC031",50.00,68.00,93.00,120.90,"2022-12-10","127569381","WH",4,,,,"",,"CCC031A1",30045,1002,"2022-12-10","2023-01-10","USD",93.00,100,"3XS:20|2XS:20|XS:20|S:10|M:10|L:10|XL:10"
260032,"2022-09-15 08:39:53.45","#CCC032",50.00,68.00,93.00,120.90,"2022-12-10","127568744","WH",4,,,,"",,"CCC032A0",30029,3002,"2022-12-10","2023-01-10","USD",93.00,100,"3XS:20|2XS:20|XS:20|S:10|M:10|L:10|XL:10"
260033,"2022-09-15 08:39:53.45","#CCC033",50.00,68.00,93.00,120.90,"2022-12-10","127569244","WH",4,,,,"",,"CCC033A1",30045,5002,"2022-12-10","2023-01-10","USD",93.00,100,"3XS:20|2XS:20|XS:20|S:10|M:10|L:10|XL:10"
260034,"2022-09-15 08:39:53.45","#CCC034",50.00,68.00,93.00,120.90,"2022-12-10","127569397","WH",4,,,,"",,"CCC034A0",30029,6002,"2022-12-10","2023-01-10","USD",93.00,100,"3XS:20|2XS:20|XS:20|S:10|M:10|L:10|XL:10"
260035,"2022-09-15 08:39:53.45","#CCC035",50.00,68.00,93.00,120.90,"2022-12-10","127568790","WH",4,,,,"",,"CCC035A1",30045,8002,"2022-12-10","2023-01-10","USD",93.00,100,"3XS:20|2XS:20|XS:20|S:10|M:10|L:10|XL:10"
260036,"2022-09-15 08:39:53.45","#CCC036",50.00,68.00,93.00,120.90,"2022-12-10","127569117","WH",4,,,,"",,"CCC036A1",30045,1002,"2022-12-10","2023-01-10","USD",93.00,100,"3XS:20|2XS:20|XS:20|S:10|M:10|L:10|XL:10"
260037,"2022-09-15 08:39:53.45","#CCC037",50.00,68.00,93.00,120.90,"2022-12-10","127569515","WH",4,,,,"",,"CCC037A0",30029,3002,"2022-12-10","2023-01-10","USD",93.00,100,"3XS:20|2XS:20|XS:20|S:10|M:10|L:10|XL:10"
260038,"2022-09-15 08:39:53.45","#CCC038",50.00,68.00,93.00,120.90,"2022-12-10","127569555","WH",4,,,,"",,"CCC038A1",30045,5002,"2022-12-10","2023-01-10","USD",93.00,100,"3XS:20|2XS:20|XS:20|S:10|M:10|L:10|XL:10"
260039,"2022-09-15 08:39:53.45","#CCC039",50.00,68.00,93.00,120.90,"2022-12-10","127569405","WH",4,,,,"",,"CCC039A0",30029,6002,"2022-12-10","2023-01-10","USD",93.00,100,"3XS:20|2XS:20|XS:20|S:10|M:10|L:10|XL:10"
260040,"2022-09-15 08:39:53.45","#CCC040",50.00,68.00,93.00,120.90,"2022-12-10","127569595","WH",4,,,,"",,"CCC040A1",30045,8002,"2022-12-10","2023-01-10","USD",93.00,100,"3XS:20|2XS:20|XS:20|S:10|M:10|L:10|XL:10"
260041,"2022-09-15 08:39:53.45","#CCC041",50.00,68.00,93.00,120.90,"2022-12-10","127569636","WH",4,,,,"",,"CCC041A1",30045,1002,"2022-12-10","2023-01-10","USD",93.00,100,"3XS:20|2XS:20|XS:20|S:10|M:10|L:10|XL:10"
260042,"2022-09-15 08:39:53.45","#CCC042",50.00,68.00,93.00,120.90,"2022-12-10","127569675","WH",4,,,,"",,"CCC042A0",30029,3002,"2022-12-10","2023-01-10","USD",93.00,100,"3XS:20|2XS:20|XS:20|S:10|M:10|L:10|XL:10"
260043,"2022-09-15 08:39:53.45","#CCC043",50.00,68.00,93.00,120.90,"2022-12-10","127569715","WH",4,,,,"",,"CCC043A1",30045,5002,"2022-12-10","2023-01-10","USD",93.00,100,"3XS:20|2XS:20|XS:20|S:10|M:10|L:10|XL:10"
260044,"2022-09-15 08:39:53.45","#CCC044",50.00,68.00,93.00,120.90,"2022-12-10","127569756","WH",4,,,,"",,"CCC044A0",30029,6002,"2022-12-10","2023-01-10","USD",93.00,100,"3XS:20|2XS:20|XS:20|S:10|M:10|L:10|XL:10"
260045,"2022-09-15 08:39:53.45","#CCC045",50.00,68.00,93.00,120.90,"2022-12-10","127568819","WH",4,,,,"",,"CCC045A1",30045,8002,"2022-12-10","2023-01-10","USD",93.00,100,"3XS:20|2XS:20|XS:20|S:10|M:10|L:10|XL:10"
260046,"2022-09-15 08:39:53.45","#CCC046",50.00,68.00,93.00,120.90,"2022-12-10","127569214","WH",4,,,,"",,"CCC046A1",30045,1002,"2022-12-10","2023-01-10","USD",93.00,100,"3XS:20|2XS:20|XS:20|S:10|M:10|L:10|XL:10"
260047,"2022-09-15 08:39:53.45","#CCC047",50.00,68.00,93.00,120.90,"2022-12-10","127569396","WH",4,,,,"",,"CCC047A0",30029,3002,"2022-12-10","2023-01-10","USD",93.00,100,"3XS:20|2XS:20|XS:20|S:10|M:10|L:10|XL:10"
260048,"2022-09-15 08:39:53.45","#CCC048",50.00,68.00,93.00,120.90,"2022-12-10","127569413","WH",4,,,,"",,"CCC048A1",30045,5002,"2022-12-10","2023-01-10","USD",93.00,100,"3XS:20|2XS:20|XS:20|S:10|M:10|L:10|XL:10"
260049,"2022-09-15 08:39:53.45","#CCC049",50.00,68.00,93.00,120.90,"2022-12-10","127569796","WH",4,,,,"",,"CCC049A0",30029,6002,"2022-12-10","2023-01-10","USD",93.00,100,"3XS:20|2XS:20|XS:20|S:10|M:10|L:10|XL:10"
260050,"2022-09-15 08:39:53.45","#CCC050",50.00,68.00,93.00,120.90,"2022-12-10","127569196","WH",4,,,,"",,"CCC050A1",30045,8002,"2022-12-10","2023-01-10","USD",93.00,100,"3XS:20|2XS:20|XS:20|S:10|M:10|L:10|XL:10"
260051,"2022-09-15 08:39:53.45","#CCC051",50.00,68.00,93.00,120.90,"2022-12-10","127568820","WH",4,,,,"",,"CCC051A1",30045,1002,"2022-12-10","2023-01-10","USD",93.00,100,"3XS:20|2XS:20|XS:20|S:10|M:10|L:10|XL:10"
260052,"2022-09-15 08:39:53.45","#CCC052",50.00,68.00,93.00,120.90,"2022-12-10","127569137","WH",4,,,,"",,"CCC052A0",30029,3002,"2022-12-10","2023-01-10","USD",93.00,100,"3XS:20|2XS:20|XS:20|S:10|M:10|L:10|XL:10"
260053,"2022-09-15 08:39:53.45","#CCC053",50.00,68.00,93.00,120.90,"2022-12-10","127569329","WH",4,,,,"",,"CCC053A1",30045,5002,"2022-12-10","2023-01-10","USD",93.00,100,"3XS:20|2XS:20|XS:20|S:10|M:10|L:10|XL:10"
260054,"2022-09-15 08:39:53.45","#CCC054",50.00,68.00,93.00,120.90,"2022-12-10","127569475","WH",4,,,,"",,"CCC054A0",30029,6002,"2022-12-10","2023-01-10","USD",93.00,100,"3XS:20|2XS:20|XS:20|S:10|M:10|L:10|XL:10"
260055,"2022-09-15 08:39:53.45","#CCC055",50.00,68.00,93.00,120.90,"2022-12-10","127568398","WH",4,,,,"",,"CCC055A1",30045,8002,"2022-12-10","2023-01-10","USD",93.00,100,"3XS:20|2XS:20|XS:20|S:10|M:10|L:10|XL:10"
260056,"2022-09-15 08:39:53.45","#CCC056",50.00,68.00,93.00,120.90,"2022-12-10","127568653","WH",4,,,,"",,"CCC056A1",30045,1002,"2022-12-10","2023-01-10","USD",93.00,100,"3XS:20|2XS:20|XS:20|S:10|M:10|L:10|XL:10"
260057,"2022-09-15 08:39:53.45","#CCC057",50.00,68.00,93.00,120.90,"2022-12-10","127568876","WH",4,,,,"",,"CCC057A0",30029,3002,"2022-12-10","2023-01-10","USD",93.00,100,"3XS:20|2XS:20|XS:20|S:10|M:10|L:10|XL:10"
260058,"2022-09-15 08:39:53.45","#CCC058",50.00,68.00,93.00,120.90,"2022-12-10","127568435","WH",4,,,,"",,"CCC058A1",30045,5002,"2022-12-10","2023-01-10","USD",93.00,100,"3XS:20|2XS:20|XS:20|S:10|M:10|L:10|XL:10"
260059,"2022-09-15 08:39:53.45","#CCC059",50.00,68.00,93.00,120.90,"2022-12-10","127568475","WH",4,,,,"",,"CCC059A0",30029,6002,"2022-12-10","2023-01-10","USD",93.00,100,"3XS:20|2XS:20|XS:20|S:10|M:10|L:10|XL:10"
260060,"2022-09-15 08:39:53.45","#CCC060",50.00,68.00,93.00,120.90,"2022-12-10","127568515","WH",4,,,,"",,"CCC060A1",30045,8002,"2022-12-10","2023-01-10","USD",93.00,100,"3XS:20|2XS:20|XS:20|S:10|M:10|L:10|XL:10"
260061,"2022-09-15 08:39:53.45","#CCC061",50.00,68.00,93.00,120.90,"2022-12-10","127568556","WH",4,,,,"",,"CCC061A1",30045,1002,"2022-12-10","2023-01-10","USD",93.00,100,"3XS:20|2XS:20|XS:20|S:10|M:10|L:10|XL:10"
260062,"2022-09-15 08:39:53.45","#CCC062",50.00,68.00,93.00,120.90,"2022-12-10","127568595","WH",4,,,,"",,"CCC062A0",30029,3002,"2022-12-10","2023-01-10","USD",93.00,100,"3XS:20|2XS:20|XS:20|S:10|M:10|L:10|XL:10"
260063,"2022-09-15 08:39:53.45","#CCC063",50.00,68.00,93.00,120.90,"2022-12-10","127568679","WH",4,,,,"",,"CCC063A1",30045,5002,"2022-12-10","2023-01-10","USD",93.00,100,"3XS:20|2XS:20|XS:20|S:10|M:10|L:10|XL:10"
260064,"2022-09-15 08:39:53.45","#CCC064",50.00,68.00,93.00,120.90,"2022-12-10","127568913","WH",4,,,,"",,"CCC064A0",30029,6002,"2022-12-10","2023-01-10","USD",93.00,100,"3XS:20|2XS:20|XS:20|S:10|M:10|L:10|XL:10"
260065,"2022-09-15 08:39:53.45","#CCC065",50.00,68.00,93.00,120.90,"2022-12-10","127568830","WH",4,,,,"",,"CCC065A1",30045,8002,"2022-12-10","2023-01-10","USD",93.00,100,"3XS:20|2XS:20|XS:20|S:10|M:10|L:10|XL:10"
260066,"2022-09-15 08:39:53.45","#CCC066",50.00,68.00,93.00,120.90,"2022-12-10","127568940","WH",4,,,,"",,"CCC066A1",30045,1002,"2022-12-10","2023-01-10","USD",93.00,100,"3XS:20|2XS:20|XS:20|S:10|M:10|L:10|XL:10"
260067,"2022-09-15 08:39:53.45","#CCC067",50.00,68.00,93.00,120.90,"2022-12-10","127569064","WH",4,,,,"",,"CCC067A0",30029,3002,"2022-12-10","2023-01-10","USD",93.00,100,"3XS:20|2XS:20|XS:20|S:10|M:10|L:10|XL:10"
260068,"2022-09-15 08:39:53.45","#CCC068",50.00,68.00,93.00,120.90,"2022-12-10","127569292","WH",4,,,,"",,"CCC068A1",30045,5002,"2022-12-10","2023-01-10","USD",93.00,100,"3XS:20|2XS:20|XS:20|S:10|M:10|L:10|XL:10"
260069,"2022-09-15 08:39:53.45","#CCC069",50.00,68.00,93.00,120.90,"2022-12-10","127568846","WH",4,,,,"",,"CCC069A0",30029,6002,"2022-12-10","2023-01-10","USD",93.00,100,"3XS:20|2XS:20|XS:20|S:10|M:10|L:10|XL:10"
260070,"2022-09-15 08:39:53.45","#CCC070",50.00,68.00,93.00,120.90,"2022-12-10","127568395","WH",4,,,,"",,"CCC070A1",30045,8002,"2022-12-10","2023-01-10","USD",93.00,100,"3XS:20|2XS:20|XS:20|S:10|M:10|L:10|XL:10"
260071,"2022-09-15 08:39:53.45","#CCC071",50.00,68.00,93.00,120.90,"2022-12-10","127568396","WH",4,,,,"",,"CCC071A1",30045,1002,"2022-12-10","2023-01-10","USD",93.00,100,"3XS:20|2XS:20|XS:20|S:10|M:10|L:10|XL:10"
260072,"2022-09-15 08:39:53.45","#CCC072",50.00,68.00,93.00,120.90,"2022-12-10","127568439","WH",4,,,,"",,"CCC072A0",30029,3002,"2022-12-10","2023-01-10","USD",93.00,100,"3XS:20|2XS:20|XS:20|S:10|M:10|L:10|XL:10"
260073,"2022-09-15 08:39:53.45","#CCC073",50.00,68.00,93.00,120.90,"2022-12-10","127568436","WH",4,,,,"",,"CCC073A1",30045,5002,"2022-12-10","2023-01-10","USD",93.00,100,"3XS:20|2XS:20|XS:20|S:10|M:10|L:10|XL:10"
260074,"2022-09-15 08:39:53.45","#CCC074",50.00,68.00,93.00,120.90,"2022-12-10","127568476","WH",4,,,,"",,"CCC074A0",30029,6002,"2022-12-10","2023-01-10","USD",93.00,100,"3XS:20|2XS:20|XS:20|S:10|M:10|L:10|XL:10"
260075,"2022-09-15 08:39:53.45","#CCC075",50.00,68.00,93.00,120.90,"2022-12-10","127568479","WH",4,,,,"",,"CCC075A1",30045,8002,"2022-12-10","2023-01-10","USD",93.00,100,"3XS:20|2XS:20|XS:20|S:10|M:10|L:10|XL:10"
260076,"2022-09-15 08:39:53.45","#CCC076",50.00,68.00,93.00,120.90,"2022-12-10","127568517","WH",4,,,,"",,"CCC076A1",30045,1002,"2022-12-10","2023-01-10","USD",93.00,100,"3XS:20|2XS:20|XS:20|S:10|M:10|L:10|XL:10"
260077,"2022-09-15 08:39:53.45","#CCC077",50.00,68.00,93.00,120.90,"2022-12-10","127568397","WH",4,,,,"",,"CCC077A0",30029,3002,"2022-12-10","2023-01-10","USD",93.00,100,"3XS:20|2XS:20|XS:20|S:10|M:10|L:10|XL:10"
260078,"2022-09-15 08:39:53.45","#CCC078",50.00,68.00,93.00,120.90,"2022-12-10","127568438","WH",4,,,,"",,"CCC078A1",30045,5002,"2022-12-10","2023-01-10","USD",93.00,100,"3XS:20|2XS:20|XS:20|S:10|M:10|L:10|XL:10"
260079,"2022-09-15 08:39:53.45","#CCC079",50.00,68.00,93.00,120.90,"2022-12-10","127569056","WH",4,,,,"",,"CCC079A0",30029,6002,"2022-12-10","2023-01-10","USD",93.00,100,"3XS:20|2XS:20|XS:20|S:10|M:10|L:10|XL:10"
260080,"2022-09-15 08:39:53.45","#CCC080",50.00,68.00,93.00,120.90,"2022-12-10","127569197","WH",4,,,,"",,"CCC080A1",30045,8002,"2022-12-10","2023-01-10","USD",93.00,100,"3XS:20|2XS:20|XS:20|S:10|M:10|L:10|XL:10"
260081,"2022-09-15 08:39:53.45","#CCC081",50.00,68.00,93.00,120.90,"2022-12-10","127568516","WH",4,,,,"",,"CCC081A1",30045,1002,"2022-12-10","2023-01-10","USD",93.00,100,"3XS:20|2XS:20|XS:20|S:10|M:10|L:10|XL:10"
260082,"2022-09-15 08:39:53.45","#CCC082",50.00,68.00,93.00,120.90,"2022-12-10","127568555","WH",4,,,,"",,"CCC082A0",30029,3002,"2022-12-10","2023-01-10","USD",93.00,100,"3XS:20|2XS:20|XS:20|S:10|M:10|L:10|XL:10"
260083,"2022-09-15 08:39:53.45","#CCC083",50.00,68.00,93.00,120.90,"2022-12-10","127568561","WH",4,,,,"",,"CCC083A1",30045,5002,"2022-12-10","2023-01-10","USD",93.00,100,"3XS:20|2XS:20|XS:20|S:10|M:10|L:10|XL:10"
260084,"2022-09-15 08:39:53.45","#CCC084",50.00,68.00,93.00,120.90,"2022-12-10","127568598","WH",4,,,,"",,"CCC084A0",30029,6002,"2022-12-10","2023-01-10","USD",93.00,100,"3XS:20|2XS:20|XS:20|S:10|M:10|L:10|XL:10"
260085,"2022-09-15 08:39:53.45","#CCC085",50.00,68.00,93.00,120.90,"2022-12-10","127568478","WH",4,,,,"",,"CCC085A1",30045,8002,"2022-12-10","2023-01-10","USD",93.00,100,"3XS:20|2XS:20|XS:20|S:10|M:10|L:10|XL:10"
260086,"2022-09-15 08:39:53.45","#CCC086",50.00,68.00,93.00,120.90,"2022-12-10","127568518","WH",4,,,,"",,"CCC086A1",30045,1002,"2022-12-10","2023-01-10","USD",93.00,100,"3XS:20|2XS:20|XS:20|S:10|M:10|L:10|XL:10"
260087,"2022-09-15 08:39:53.45","#CCC087",50.00,68.00,93.00,120.90,"2022-12-10","127568596","WH",4,,,,"",,"CCC087A0",30029,3002,"2022-12-10","2023-01-10","USD",93.00,100,"3XS:20|2XS:20|XS:20|S:10|M:10|L:10|XL:10"
260088,"2022-09-15 08:39:53.45","#CCC088",50.00,68.00,93.00,120.90,"2022-12-10","127569046","WH",4,,,,"",,"CCC088A1",30045,5002,"2022-12-10","2023-01-10","USD",93.00,100,"3XS:20|2XS:20|XS:20|S:10|M:10|L:10|XL:10"
260089,"2022-09-15 08:39:53.45","#CCC089",50.00,68.00,93.00,120.90,"2022-12-10","127569195","WH",4,,,,"",,"CCC089A0",30029,6002,"2022-12-10","2023-01-10","USD",93.00,100,"3XS:20|2XS:20|XS:20|S:10|M:10|L:10|XL:10"
260090,"2022-09-15 08:39:53.45","#CCC090",50.00,68.00,93.00,120.90,"2022-12-10","127568557","WH",4,,,,"",,"CCC090A1",30045,8002,"2022-12-10","2023-01-10","USD",93.00,100,"3XS:20|2XS:20|XS:20|S:10|M:10|L:10|XL:10"
260091,"2022-09-15 08:39:53.45","#CCC091",50.00,68.00,93.00,120.90,"2022-12-10","127568678","WH",4,,,,"",,"CCC091A1",30045,1002,"2022-12-10","2023-01-10","USD",93.00,100,"3XS:20|2XS:20|XS:20|S:10|M:10|L:10|XL:10"
260092,"2022-09-15 08:39:53.45","#CCC092",50.00,68.00,93.00,120.90,"2022-12-10","127568877","WH",4,,,,"",,"CCC092A0",30029,3002,"2022-12-10","2023-01-10","USD",93.00,100,"3XS:20|2XS:20|XS:20|S:10|M:10|L:10|XL:10"
260093,"2022-09-15 08:39:53.45","#CCC093",50.00,68.00,93.00,120.90,"2022-12-10","127569125","WH",4,,,,"",,"CCC093A1",30045,5002,"2022-12-10","2023-01-10","USD",93.00,100,"3XS:20|2XS:20|XS:20|S:10|M:10|L:10|XL:10"
260094,"2022-09-15 08:39:53.45","#CCC094",50.00,68.00,93.00,120.90,"2022-12-10","127568604","WH",4,,,,"",,"CCC094A0",30029,6002,"2022-12-10","2023-01-10","USD",93.00,100,"3XS:20|2XS:20|XS:20|S:10|M:10|L:10|XL:10"
260095,"2022-09-15 08:39:53.45","#CCC095",50.00,68.00,93.00,120.90,"2022-12-10","127568690","WH",4,,,,"",,"CCC095A1",30045,8002,"2022-12-10","2023-01-10","USD",93.00,100,"3XS:20|2XS:20|XS:20|S:10|M:10|L:10|XL:10"
260096,"2022-09-15 08:39:53.45","#CCC096",50.00,68.00,93.00,120.90,"2022-12-10","127568687","WH",4,,,,"",,"CCC096A1",30045,1002,"2022-12-10","2023-01-10","USD",93.00,100,"3XS:20|2XS:20|XS:20|S:10|M:10|L:10|XL:10"
260097,"2022-09-15 08:39:53.45","#CCC097",50.00,68.00,93.00,120.90,"2022-12-10","127568903","WH",4,,,,"",,"CCC097A0",30029,3002,"2022-12-10","2023-01-10","USD",93.00,100,"3XS:20|2XS:20|XS:20|S:10|M:10|L:10|XL:10"
260098,"2022-09-15 08:39:53.45","#CCC098",50.00,68.00,93.00,120.90,"2022-12-10","127569109","WH",4,,,,"",,"CCC098A1",30045,5002,"2022-12-10","2023-01-10","USD",93.00,100,"3XS:20|2XS:20|XS:20|S:10|M:10|L:10|XL:10"
260099,"2022-09-15 08:39:53.45","#CCC099",50.00,68.00,93.00,120.90,"2022-12-10","127568775","WH",4,,,,"",,"CCC099A0",30029,6002,"2022-12-10","2023-01-10","USD",93.00,100,"3XS:20|2XS:20|XS:20|S:10|M:10|L:10|XL:10"
260100,"2022-09-15 08:39:53.45","#CCC100",50.00,68.00,93.00,120.90,"2022-12-10","127568989","WH",4,,,,"",,"CCC100A1",30045,8002,"2022-12-10","2023-01-10","USD",93.00,100,"3XS:20|2XS:20|XS:20|S:10|M:10|L:10|XL:10"