User_Name,Password
PTESTUSER129,p+52AnbDRU~S8zsq7E@L
PTESTUSER130,2~X3>ZHeGx89BZ?b66WQ
PTESTUSER131,ZDndhpKt^QYVEU5^T~4!
PTESTUSER132,%8XWdyB9Ks5?Uz!v7mn3
PTESTUSER133,52p~vFtdKu#TnJQ+@f94
PTESTUSER134,@5GTDzP&@eE6fU2hD3qc
PTESTUSER135,Ww2H4X7?5Z+7D!E3f9Fg
PTESTUSER136,3#Nm2QekfKBYgwuh+DLJ
PTESTUSER137,sXuPE?@dY35pEC2%RDFj
PTESTUSER138,k%+L@Y>P&MyBh~pm#wS7
PTESTUSER139,n@B#%Y236C8dd#S7mr6f
PTESTUSER140,^~#duHxQyMNz+Tep87cw
PTESTUSER141,c^5+zKsh2$t%73HZBHF?
PTESTUSER142,6a8mL&kNy~7!JSW2LQ>?
PTESTUSER143,ShJ4VS!meP7@vq?^XU5+
PTESTUSER144,^ZyTswmU~?897d5cRgxB
PTESTUSER145,urAU2aJctYk!$Py7EM~q
PTESTUSER146,6!#xDdnGwT7KXB5p%Q?R
PTESTUSER147,Mcd79>&YZYKtS^m#jw~e
PTESTUSER148,^dM3bmr2v~>JLk##$@s7