BrandName1,BrandName2
A-MORIR,FOR LOVE A
AAMAYA,FORGET-ME-
ABACO,FORGOTTEN
ABANDON SH,FORNARINA
ABRAMS & C,FOURSQUARE
ABUZE LOND,FRACAP
ACCURIST,FRAN & JAN
ACNE,FRANK DAND
ADA ZANDIT,FRANK WRIG
ADAM BY AD,FRANKDANDY
ADAM DUFFY,FRANKLIN &
ADAM KIMME,FRANKS SWI
ADAM LIPPE,FREAK OF N
ADDICT,FRED & GIN
ADELE MARI,FREDDY
ADIDAS SLV,FREDPERRYC
ADIEU,FREDPERRYL
AERTEX,FREEMONT &
AFENDS,FREESOUL
AFFLICTION,FRENCH SOL
AG DENIM,FREYA
AJ MORGAN,FRIDAY ON
AKA,FRIEND OR
AKI,FRILLY INT
AKONG LOND,FROM SOMEW
ALAS,FRONT ROW
ALEJANDRO,FROST BIRG
ALEX AND C,FUDGE
ALEXAWNG,FULL CIRCL
ALEXMCQ,FULLCIRCLE
ALEXMCQPUM,FULTON
ALICE & OL,FUNKY BLIN
ALICE & YO,FUSION
ALICE FOR,FUTURE CLA
ALICE HANN,G SHOCK
ALICE MCCA,G.H. BASS
ALICE YIM,G.S COX
ALIFE,G-STAR COR
ALIS,G-STAR NY
ALKR,G-STAR ORG
ALL ABOUT,GABICCI
ALL KNITWE,GABICCI VI
ALLEGRA HI,GANDYS
ALLYCAP,GANNI
ALLYCAPDR,GANT
ALMOST FAM,GAP
ALPHA 60,GAR-DE
ALTAMONT,GARDENIA
ALTRU APPA,GARNER GRA
AM EYEWEAR,GASPARD YU
AM GOLHAR,GAT RIMON
AMEKO,GELERT
AMERICAN,GENERIC MA
AMERICAN A,GENERIC SU
AMERICAN G,GENETIC DE
AMERICAN R,GENIE BY E
AMERICANCO,GEORGINA G
AMERICANCR,GESTUZ
AMH,GHD
AMORALIA,GIANFRANCO
AMORE,GIBSON
AMPLIFIED,GIENCHI
AMUSED,GIFTS
AN FOR ASO,GILDA AND
ANA KONDER,GILES & BR
ANATOMICAL,GILES DEAC
ANATOMY OF,GINCHGONCH
AND MARY,GINGER FIZ
ANDERSEN &,GIO GOI
ANDREA GAR,GIPSY
ANDROID HO,GIRL. BY B
ANDY WARHO,GIRLS WITH
ANERKJDENT,GIVENCHY
ANERKJENDT,GLAMOROUS
ANGEL EYE,GLASSING
ANGIE GOOD,GLEN LOSSI
ANIKA,GLOBAL TEC
ANIMAL,GLORIOUS
ANN-SOFIE,GOGO PHILI
ANNA LOU,GOLA
ANNA SHEFF,GOLA BY EB
ANNA SUI,GOLA BY TA
ANNIE GREE,GOLD HAWK
ANNIEL,GOLDHAWK
ANOUK,GOLDIE
ANOUSKA,GOLDIE LON
ANTHONY PE,GOLDNECHIL
ANTICULTUR,GOLDSIGN
ANTIPODES,GOLIATH
ANTIPODIUM,GOMEZ-GRAC
ANTOINE AN,GOORIN
ANTON HEUN,GORJANA
ANTONY MOR,GOSSARD
AON BLACK,GOURMET
AON! BLACK,GRAM
APRIL MAY,GREAT PLAI
28216,GREEDY GEN
AQ/AQ,GREEN & SP
AQUA,GRENSON
AQUASCUTUM,GRENSON RO
ARENA,GREYLIN
ARIS GELDI,GREYLINE
ARMAND BAS,GROOVSTAR
ARMANDBAS1,GUCCI
ARMANI,GUCCI YOUN
ARMANI EXC,GUERNSEY W
ARMOR.LUX,GUESS
ARNE CARLO,GUIDE
ARROGANT C,GWEN STEFA
ARTOYZ,GYPSY 05
ARVUST,H BY HUDSO
ARYN K,H O U S E
ASH,H.J. HALL
ASHIANA,HACK
ASHISH,HACKETT
ASHKAHN,HAIR REHAB
AT HATS,HALSTON HE
ATHENA,HAMILTON
ATLANTIS,HANKY PANK
ATTICUS,HANNAHMAKE
AUBREY,HAPPY GOES
AUSSIEBUM,HAPPY JACK
AVIATOR,HAPPY SOCK
AX PARIS,HARAJUKU L
AXCENT,HARDGRAFT
B,HARI
B SIDE BY,HARLOT
B STORE,HARTFORD
B STORE LO,HAWICK
B.TEMPT'D,HEAD OVER
B.YOUNG,HEAD 1989
B+AB,HEARTS & B
B*BOY,HEATHER HA
BABAJAAN,HEI POA
BABYPHAT,HEIDI KLEI
BACK BY AN,HEIST
BADGLEY MI,HELENE BER
BADLANDS,HELLO KITT
BAGGU,HENLEYS
BAILEY OF,HENRI LLO
BAJRA,HENRIK VIB
BAKU,HENTSCH MA
BAMBAM,HER CURIOU
BAMBOO,HERMIONE D
BAND OF OU,HERSHESON
BANDIT BRA,HETI'S
BARACUTA,HEUER
BARE ESCEN,HEUTCHY
BARRON DUQ,HEYDAY
BARRY M,HHARLO1960
BARTS,HIDE
BASE LONDO,HILFIGER D
BASS,HIP HOP
BASSIKE,HIPANEMA
BATISTE,HIPPI CHIC
BAUM UND P,HIRSCH NAT
BAXTER OF,HIXSEPT
BBC,HOBIE
BBLESSING,HOBO
BC,HOFF BY HO
BCBG MAX A,HOLLAND ES
BCBGENERAT,HOLLY FULT
BE&D,HOLLY SILI
BEATRICE B,HOMEYS
BEAU COOPS,HONEYBUNNY
BEAUTIFUL,HONEYDEW
BEAUTY BLE,HONOR GOLD
BEAUTY REH,HOOLA
BEBAROQUE,HOPE
BECCA,HORACE
BECHRISTEN,HOT MILK
BECK  HERS,HOT TUNA
BECK & HER,HOUSE OF
BECKHAM,HOUSE OF H
BEDROOM AT,HOUSE OF T
BEG BORROW,HOUSE OF W
BEJEWELED,HSEHOLPP
BELLAPIERR,HSEOFHARLO
BELLE & BU,HUDSON
BELLE SAUV,HUGO HUGO
BENCH,HUGOBOSSO
BENEFIT,HUIT
BENSHERMA,HUMMEL
BENSON,HUMOR
BERGHAUS,HUNT NO MO
BERMAN BLA,HUNTERS &
BERNSTOCK,HUNTINGTON
BERTIE,HURWUNDEKI
BEST BEHAV,HUSAM EL O
BETA FASHI,HUSH
BETA UNIT,HUSH PUPPI
BETSEY JOH,HYBRID
BETSEYVILL,HYDE
BEX ROX,HYDEN YOO
BEYONCÉ,HYPE
BEYOND SKI,HYPERGRAND
BEYOND THE,I LOVE UGL
BIBI BIJOU,ICE CREAM
BIBI CHEMN,ICE WATCH
BIEN FÉE P,ICHIBAN
BIKINI LAB,ICON EYEWE
BILL AMBER,ICONIC
BILL SKINN,IGNITE
BILLY BAG,IJIN
BING BANG,IKON
BITCHING &,IL BUSSETT
BITE,ILLAMASQUA
BLNK,ILLIONAIRE
BLAAK,ILLUSTRATE
BLACK DICE,IMOGEN BEL
BLACK HALO,IMONI
BLACK ROSE,IMPLEMENTS
BLACK SCOR,IMPLICITE
BLACK SECR,IMPROVD
BLACK STAN,IMPROVED
BLACKHEART,INCASE
BLAKEGODBO,INCOCO
BLANCHE IN,INGERSOLL
BLINGBACKS,INGWA MALE
BLINK,INSIGHT
BLISS,INTERNATIO
BLK PINE W,INVISIBLE
BLLACK NOI,IODICE
BLOCH,IPANEMA
BLOOD BROT,ISAACREINA
BLOOD IS T,ISABELLA O
BLOODY MAR,ISAVEDLRNC
BLOWFISH,ISKA
BLUE BLOOD,ISOLATED H
BLUE COLLA,ISSA
BLUE VALLE,ISSEY MIYA
BLUE VANIL,ISSIE B
BLUEBEARDS,ITEM
BLUEBELL B,ITSY BITSY
BLUSH,IVANA HELS
BOBBIE BUR,IWHITE
BOBBIES,IZZUE
BODAS,J BRAND
BODY AMERI,J DAUPHIN
BODY BOUTI,J FOLD
BODYWRAP,J LO
BOLZONI &,J. LINDEBE
BOMBAY DUC,J.W. ANDER
BONSUI,J&P
BOO ROO,JACEY WITH
BOOKS,JACK BLACK
BOOM BAP,JACK J PRE
BOOTSOCK,JACK PURCE
BOOTY POP,JACK VINT
BORDELLE,JACK& JON
BORDERS&FR,JACK&JONES
BORN IDOL,JACOB JENS
BORN MACAB,JADED ROSE
BORNEBYELI,JAEGER
BOSS BLACK,JAEGER LEC
BOSS EYEWE,JAEGER LON
BOSS GREEN,JAMES JEAN
BOSS HUGO,JAMES LONG
BOSS ORANG,JAMES STEW
BOSSBLKSW,JAMIE JEWE
BOTKIER,JAMIESON
BOUCHERON,JANSPORT
BOULEE,JANSPORT-
BOURNE,JANTZEN
BOUTIQUE B,JASMINE
BOUTIQUEJA,JC DE CAST
BOXFRESH,JC FOOTWEA
BOY LONDON,JC/DC BY J
BRACHER EM,JCDC
BRAND JACK,JEAN SHOP
BRAND 8,JEEPERS PE
BRASHY COU,JEEPERS VI
BRAT & SUZ,JEFFWESTBL
BRAUN,JEFFWESTDU
BRAVE SOLD,JELLY BEAM
BRAVE SOUL,JELLY BELL
BRAZA,JEMMA KIDD
BREIL,JENA. THEO
BREITLING,JENNIFER B
BRIAN LICH,JENNIFER L
BRIXTOL,JEREMY SCO
BRIXTON,JERUSALEM
BRIXTON HA,JERVOISE
BRONX,JESSICA KA
BROOKLYN S,JESSICA SI
BROOKLYN W,JESSICA WR
BROWNS FOC,JESSICASHD
BRUUNS BAZ,JIMMY'Z
BUCKLER,JIN-JA
BUCKLER SE,JJ PARK
BUCKS & CO,JJ WINTERS
BUDDHIST P,JJONESVINT
BULLE D'AM,JKIDDMAKEU
BURBERRY,JL BY J. L
BURLINGTON,JO GORDON
BUTTERFLY,JOCASI
BUTTERO,JOE'S JEAN
BY CAPRICE,JOFAMA
BY ZOE,JOHANN EAR
BZR,JOHN GALLI
C FISCHER,JOHN MASTE
C&C CALIFO,JOHN RICHM
C-IN-2,JOHN SMEDL
C'N'C,JOHN VARVA
CACHAREL B,JOHN WHITE
CAKE LINGE,JOHNNY LOV
CALABRESE,JOHNSTONS
CALI SURF,JOIE
CALL IT SP,JOJO AND M
CALLA,JON RICHAR
CAMBRIDGE,JONATHAN S
CAMELION,JORG GRAY
CAMEO,JOSH BRODY
CAMILLA AN,JOSH GOOT
CAMILLA NO,JOULES
CAMO,JOVONISTA
CAMPER,JOVONNA
CANADA GOO,JOY RICH
CANDELA NY,JOYRICH
CANDY STOR,JOYSTICK J
CANTERBURY,JUICE
CAPTURE BY,JUICY
CAPULET,JUICYCOTIM
CARBON 14,JULIETTE H
CARHARTT H,JUNK DE LU
CARIN WEST,JUNK FOOD
CARMAKOMA,JURLIQUE
CARMEX,JUST CAVAL
CAROL MALO,JUST FEMAL
CAROLINA H,K BY BEVER
CAROLYN MA,K BY KARL
CARRERA,K WAY
CARTER,K-SWISS
CARTIER,KAHUNA
CARVE EYEW,KAI-AAKMAN
CARVELA,KANDEE
CASALL,KANGAROOS
CASE SCENA,KANGOL
CASIO,KAPORAL
CASTANER,KARA ROSS
CAT,KAREN MILL
CAT LEGEND,KAREN NIEL
CATARINA M,KAREN WALK
CATERPILLA,KARL LAGER
CATH KIDST,KARL MELIS
CAUDALIE,KARMAKULA
CAUSSE GAN,KASK
CAXTON,KASTURJEWE
CAYLER & S,KAT & BEE
CC SKYE,KATE FEARN
CDGSHIRT,KATE MOSS
CECILLA PR,KATE SHERI
CENTRE SEC,KATE SPADE
CERRUTI,KATE THOMA
CHAIKEN,KATHERINE
CHALAYAN G,KATIE EARY
CHAMULA,KATIE JUDI
CHANDELIER,KATSUMI
CHANEL,KEDS
CHAPEAU CL,KEEP SHOES
CHARINI,KELSI DAGG
CHARLESANA,KEMPT
CHARLIE BY,KENNETH JA
CHARLOTT V,KENNETT
CHARNOS,KENT
CHASER,KENZO
CHATEAU RO,KEYHOLE
CHATHAM,KIBOOTS
CHEAPO,KIGU
CHEDDAR PO,KIKU
CHELSEA FL,KILL CITY
CHIE MIHAR,KILL STAR
CHILLI PEP,KILLAH
CHINESE LA,KIMBERLYOV
CHINTIANDP,KING APPAR
CHLOE,KING KRASH
CHOCOLATE,KINKY K
CHOOLIPS,KISS & KIL
CHRIS & TI,KISS THE S
CHRISSHANN,KIT HEATH
CHRISTIAN,KIT RUBIX
CHRISTOPHE,KITSON
CHRONICLES,KITSOUND
CHUNK,KLEAR KLUT
CI CI,KM BY KARE
CIA MARITI,KOMMON UNI
CIATÉ,KOMODO
CINCH,KOMONO
CITIZENS O,KONRAD
CITY FELLA,KOOKAI
CK ONE,KORAL DENI
CKBODY,KORRES
CKPRO,KORRES COL
CKSTEEL,KOTHAI
CKX,KOTHAI SPO
CK365,KOTUR
CLARE VIVI,KOVA&T
CLARISONIC,KRON BY KR
CLARKS,KR3W
CLARKS ORI,KSUBI
CLASS ROBE,KTZ
CLAUDIA CA,KUBBAN
CLAUDIA GH,KUCCIA
CLEO B,KUYICHI
CLEOBELLA,KYLE HOPKI
CLOSED,KYLIE
CLOSET,L.A.M.B.
CLUBBED TO,L.K BENNET
COAL,L'AUTRE CH
COAL CONSI,L'ECOLE DE
COAST,L'OCCITANE
COBRA & BE,LA BELLE R
COCO RAVE,LA FEE VER
COCO RIBBO,LA MER
COCO'S FOR,LA PERLA
COCOA CASH,LAB SERIES
CODE,LACOSTE RE
CODELLO,LACOSTE ST
COLLINA ST,LAMBRETTA
COLORBLOCK,LAMUNDANE
COLOUR EXT,LAND BY LA
COMFORT ST,LANDMARKS
COMING SOO,LANDVER
COMME D F,LAQA & CO
COMME DES,LASHEM
COMMON SON,LASHES OF
COMUNE,LASULA
CONCOCTION,LAUNDRY
CONNECTED,LAUNDRY IN
CONVERSE C,LAUNDRY RO
CONVERSE J,LAURA B
COOPER & S,LAURA LEE
COOPERATIV,LAURA TABO
COPA,LAURELWREA
COR SINE L,LAUREN LUK
CORGI,LAUREN MOS
CORIOLISS,LAURENCE D
CORNELIA,LAVENHAM
CORRIE WIL,LAZY OAF
COSABELLA,LBR SWIM
COSTA BLAN,LE CIEL
COTE BY IM,LE COQ SPO
COTE ET CI,LE FIX
COWSHED,LE MONT ST
CRAFT,LE SPECS
CRAZYLIBEL,LEATHER SA
CREATIVE R,LEE GOLD
CRIMINAL D,LEE ORIGIN
CROSSHATCH,LEE 101
CRUMPET,LEG AVENUE
CRUYFF,LEGO
CRUYFF CLA,LEJABY
CUCKOOS NE,LEM LEM
CURRENT/EL,LEOPARD
CUTE TO TH,LEPEL
CWC,LES FLEURS
CYBERJAMMI,LES NEREID
CYMA,LEVI'S MAD
CYNTHIA ST,LEVIS COMM
D KNIGHTS,LEVIS DNA
D SQUARED2,LEVIS LEJ
D.RA,LEVIS LINE
D.S DUNDEE,LEVIS MONO
D-CO COPEN,LEVIS ORAN
D-STRUCT,LEVIS VINT
DAGMAR,LEVIS WATE
DAHLIA,LEVIS 501
DAINTY DOL,LIBERTIE I
DAISY STRE,LIBERTINE
DAKINE,LIBERTY
DANIEL HER,LIBERTY X
DANIEL SAN,LIE DOWN I
DANIEL WEL,LIGHTENING
DANIELE AL,LIGHTNING
DANIELLE S,LIGIA DIAS
DANNIJO,LILEE
DANSCUT,LILIFI
DANSK,LILY ALLEN
DARE 2B,LIMIT
DARIMEYA,LINDA F LU
DARLING,LINDA FARR
DAVID & GO,LINDAFAPRO
DAVID AUBR,LINKS OF L
DAVID DAVI,LINQ
DAVIDOFF,LIPARAZZI
DAY BIRGER,LIPO CONTO
DC,LIPSTICK B
DC COMICS,LIPSTICKMA
DCTBC,LIPSY VIP
DEAD LEGAC,LIQUORISH
DEADRISE,LISA HO
DEATH BY Z,LISA JAYNE
DEEPA GURN,LISA MAREE
DEGAINE,LISA STICK
DELICIOU,LITTLE MIS
DELUSION,LIZ MARTIN
DENHAM,LIZZIE
DENIM & SU,LNA
DENIMOCRAC,LNDRYA LLP
DENTS,LOAKE
DESIGNERS,LOCAL CELE
DESIGNSIX,LOCAL HERO
DESIGNWORK,LODGER
DEUS EX MA,LOFLI JEAN
DIAB'LESS,LOGOBAG
DIADORA HE,LOGOSHIRT
DIALOG,LOLA ROSE
DIAMOND SU,LOLLI
DIAVOLINA,LOLLIPOP
DICO COPEN,LOLLIPOPS
DIESEL BLA,LOMOGRAPHY
DIESEL RAG,LONDON UND
DIESEL SUN,LONG TALL
DIMITY SO,LONGCLOTHI
DIRTY PRET,LONGINES
DIRTY ROLL,LOOKING GL
DIRTY SMAR,LORD & BER
DISAYA,LOTTIE AND
DISNEY,LOTUS
DISNEY COU,LOU DALTON
DISPAIR,LOU MOLLOY
DISTURBIA,LOUIS DE G
DITTOS,LOUISE AMS
DKNY ACTIV,LOUISE GRA
DKNY JEANS,LOUISE MAR
DM,LOUSY LIVI
DOCKERS,LOVE
DOGEARED,LOVE & LIB
DOLCE VITA,LOVE & TOA
DOLLY DARE,LOVE CLAUD
DOLLYBIRD,LOVE FROM
DOMA,LOVE MILLY
DOMINO CLU,LOVE ROCKS
DONNA KARA,LOVE SAM
DONNA WILS,LOVEBULLET
DOPE CHEF,LOVESTRUCK
DOWER & HA,LOW LUV X
DR DENIM,LOWIE
DR. BRONNE,LOYALTY &
DRAKES OF,LTD
DRAP,LTD WATCH
DRESS GALL,LUC KIEFFE
DRESS MONS,LUCCA COUT
DRIES VAN,LUIS&JUKE
DRIFTER,LUKE
DRM TM,LUKE ROPER
DRUG MONEY,LUKE 1977
DRUNKNMUNK,LULU GUINN
DRYKORN,LULUCO
DUCK & COV,LUNGTA DE
DUFFER OF,LUV AJ
DUGENA,LUVA HUVA
DUKE & DUC,LUXURY REB
DUNE,LYDIA BRIG
DUWOP,LYLE&SCO V
DV BY DOLC,LYRIC CULT
DVB,M MISSONI
DVF,M UK
DV8,M:UK
DYRBERG,MA.STRUM
DYRBERG KE,MAAJI
DZ GROUP,MACKINTOSH
E ARDEN,MACLOVEN
E.N.C,MADE
E-LABEL,MADE BY NI
EARNEST SE,MADELINE T
EASTIE EMP,MADEMOISEL
EASTPAK BY,MAGGIE ANG
EBBETS FIE,MAGGIE WAR
ECHO,MAGIC
ECO BOUTIQ,MAGNETIC L
ED HARDY,MAGS & PYE
EDIT,MAHARISHI
EDUN,MAIANS
EDWIN,MAISON BOI
EGO & GREE,MAJESTIC
EIGHT,MAKEBELIEV
EKSEMPEL,MAKIA
EL LOCO,MALAYA
ELA STONE,MAMA MARIA
ELECTRIC T,MAMA MIO
ELECTRONIC,MANDARINA
ELEGTOWAX,MANHATTAN
ELEMIS,MANIYAK
ELEMIS FRE,MANOUSH
ELEVEN PAR,MANUKA
ELEY KISHI,MARA HOFFM
ELEYKEPAK,MARC B
ELISE RYAN,MARC BY MA
ELIZABETH,MARDI JEUD
ELIZABETHL,MARIA BONI
ELKE KRAME,MARIA FRAN
ELL AND CE,MARIA LUIS
ELLA DORAN,MARIAN NEW
ELLA LUNA,MARIOS SCH
ELLA MOSS,MARITHE +
ELLE GIRL,MARJAN PEJ
ELLE MACPH,MARK FAST
ELLIOT ATK,MARK MCNAI
ELNAZ NIKN,MARK PAWSO
ELOMI,MARKMCNAIR
ELVINE,MARLA
ELVIS JESU,MARLIES DE
EMILIO CAV,MARSHALL A
EMILIO PUC,MARY GREEN
EMILY AND,MASQUERADE
EMMA COOK,MASSIMO PA
EMMA JANE,MATH COLLE
EMU,MATT & NAT
ENC,MAUI & SON
ENDTIMES,MAURIE & E
ENVIROSAX,MAURIE AND
EPPERSON M,MAWI
EQUIPMENT,MAWI FOR A
EQUMEN,MAX & CO
ERIN WASSO,MAX C LOND
EROTOKRITO,MAY 28TH
ERVA,MCQ BY ALE
ESBELT,MD SKINCAR
ESCADA,ME & ZENA
ESKUCHE,ME&EM
ESME WINTE,MEDICOM
ESSENTIAL,MEDLEY
ESSIE,MEL BY MEL
ETERNA,MELA LOVES
ETERNAL CH,MELISSA
ETERNAL SP,MELISSA OD
ETNIES,MEN:U
ETUDES,MERC
EUCALYPTUS,MERCY DELT
EUDON CHOI,MERR TEST
EUGENIA KI,MEZI
A.M EYEWEA,FLY LONDON
A.P.C MADR,FLYING A
A.Y. NOT D,FOLKLORE