Option1,Option2,Option3,Option4,Option5,Option6,Option7,Option8,Option9,Option10,Option11,Option12,Option13,Option14,Option15,Option16,Option17,Option18,Option19,Option20,Option21,Option22,Option23,Option24,Option25,Option26,Option27,Option28,Option29,Option30,Option31,Option32,Option33,Option34,Option35,Option36,Option37,Option38,Option39,Option40,Option41,Option42,Option43,Option44,Option45,Option46,Option47,Option48,Option49,Option50,Option51,Option52,Option53,Option54,Option55,Option56,Option57,Option58,Option59,Option60,Option61,Option62,Option63,Option64,Option65,Option66,Option67,Option68,Option69,Option70,Option71,Option72,Option73,Option74,Option75,Option76,Option77,Option78,Option79,Option80,Option81,Option82,Option83,Option84,Option85,Option86,Option87,Option88,Option89,Option90,Option91,Option92,Option93,Option94,Option95,Option96,Option97,Option98,Option99,Option100,Option101,Option102,Option103,Option104,Option105,Option106,Option107,Option108,Option109,Option110,Option111,Option112,Option113,Option114,Option115,Option116,Option117,Option118,Option119,Option120,Option121,Option122,Option123,Option124,Option125,Option126,Option127,Option128,Option129,Option130,Option131,Option132,Option133,Option134,Option135,Option136,Option137,Option138,Option139,Option140,Option141,Option142,Option143,Option144,Option145,Option146,Option147,Option148,Option149,Option150,Option151,Option152,Option153,Option154,Option155,Option156,Option157,Option158,Option159,Option160,Option161,Option162,Option163,Option164,Option165,Option166,Option167,Option168,Option169,Option170,Option171,Option172,Option173,Option174,Option175,Option176,Option177,Option178,Option179,Option180,Option181,Option182,Option183,Option184,Option185,Option186,Option187,Option188,Option189,Option190,Option191,Option192,Option193,Option194,Option195,Option196,Option197,Option198,Option199,Option200,Option201,Option202,Option203,Option204,Option205,Option206,Option207,Option208,Option209,Option210,Option211,Option212,Option213,Option214,Option215,Option216,Option217,Option218,Option219,Option220,Option221,Option222,Option223,Option224,Option225,Option226,Option227,Option228,Option229,Option230,Option231,Option232,Option233,Option234,Option235,Option236,Option237,Option238,Option239,Option240,Option241,Option242,Option243,Option244,Option245,Option246,Option247,Option248,Option249,Option250
100519994,100331821,100449891,100452908,100661238,100905210,100070557,100034458,100760568,100847932,100161390,100378761,100003343,100474358,100782786,100491858,100143744,100927650,100374781,100441266,100140066,100693841,100393864,100517219,100070544,100432274,100264213,100142574,100300098,100051803,100536192,100853326,100881904,100286328,100291498,100404310,100013592,100875242,100275237,100867564,100469546,100812706,100802403,100253458,100515905,100888511,100457852,100808940,100015787,100375408,100050891,100308095,100503044,100661475,100304452,100226774,100247168,100403014,100414730,100836679,100097745,100086124,100542828,100130200,100232705,100151942,100517583,100136344,100421862,100875069,100397317,100496264,100853906,100498537,100889982,100660821,100135301,100695000,100758224,100501392,100735281,100489712,100163050,100330499,100445812,100520166,100289821,100393685,100050774,100818520,100898941,100453454,100125259,100857458,100894066,100262049,100307752,100425814,100360637,100848871,100443704,100433039,100101144,100681837,100351162,100215255,100160791,100798353,100787913,100846569,100861889,100912105,100081387,100475706,100162891,100503457,100145936,100886317,100900256,100003552,100371948,100418287,100868953,100085016,100363847,100312794,100858236,100073816,100361000,100824234,100881938,100771726,100126768,100528793,100108877,100471341,100800592,100335107,100801298,100416173,100400213,100810140,100786926,100694789,100127175,100181345,100803669,100060541,100661914,100254484,100884767,100242210,100435226,100410998,100788641,100271928,100080722,100348570,100308894,100270550,100929944,100219743,100164940,100480746,100450736,100730742,100460072,100882220,100791694,100891651,100877340,100323471,100793448,100352963,100431697,100423844,100660704,100758071,100118384,100728958,100343397,100762610,100347934,100218062,100316349,100228640,100533526,100170843,100738291,100114946,100060814,100204583,100742309,100502589,100476859,100469042,100377179,100891519,100903123,100340527,100462162,100289240,100337448,100015615,100816900,100670715,100206629,100280466,100866003,100394560,100383583,100335039,100138740,100411329,100437002,100298928,100529902,100830753,100286737,100764058,100404451,100835146,100018559,100864267,100317049,100099613,100358394,100129260,100102260,100081622,100226196,100773566,100476343,100778417,100161730,100311857,100277795,100376351,100169458,100868833,100102012,100133915,100693522,100734113,100381049,100302268,100494019,100301490,100192821,100313947
100522391,100187059,100551372,100259908,100425459,100043887,100034289,100211130,100275371,100282439,100067301,100017879,100005885,100510139,100418152,100852911,100818676,100023713,100177362,100856855,100236792,100158250,100536207,100663703,100102085,100761698,100876031,100665891,100897337,100425068,100134411,100143167,100014707,100835346,100291426,100182133,100753430,100780817,100677799,100063534,100132713,100190426,100456908,100878845,100274634,100914607,100816802,100522776,100211989,100484194,100168571,100208844,100789058,100677872,100348011,100788977,100208754,100430917,100835577,100111277,100398059,100066922,100172992,100434972,100287806,100509244,100022672,100877447,100808488,100866587,100538891,100539754,100252717,100921205,100737729,100176623,100344936,100538042,100107399,100548234,100042508,100335206,100301126,100848133,100182016,100364243,100420559,100323060,100470353,100257651,100473398,100245847,100876317,100325413,100337301,100843412,100384850,100678701,100145015,100355708,100147339,100051258,100911309,100189799,100914266,100113368,100497569,100386052,100235166,100526626,100019749,100779012,100040039,100319384,100876027,100140402,100327169,100151802,100436292,100188456,100089468,100833477,100483520,100247567,100309321,100455403,100241951,100906781,100271878,100126072,100227320,100286960,100810543,100692456,100000627,100775447,100533309,100899496,100674883,100182039,100006610,100517406,100001147,100763936,100318687,100455905,100379874,100465082,100245514,100691478,100828989,100930049,100456821,100754718,100279216,100361340,100347848,100506923,100270450,100005805,100549707,100868688,100487068,100802255,100303360,100511433,100197164,100085774,100163314,100760348,100090835,100080467,100763620,100530478,100529679,100093486,100535438,100282136,100274989,100215305,100499742,100396432,100346732,100543052,100421783,100736023,100012893,100870451,100318325,100756705,100448116,100488471,100367766,100460604,100504796,100810265,100732652,100686594,100531829,100284655,100341783,100365537,100233766,100302960,100442538,100159805,100004649,100492753,100686777,100901256,100834600,100929714,100806484,100373563,100896502,100094601,100216713,100161723,100022333,100114689,100361509,100213832,100279438,100291156,100257697,100317348,100259487,100119870,100484050,100213921,100878622,100534121,100777981,100660439,100351959,100263147,100840746,100215327,100017473,100146632,100305851,100096443,100293988,100465144,100487519,100070578,100851305,100550505,100908743,100274841
100321372,100225370,100172341,100770735,100237018,100094490,100660196,100458170,100685896,100495075,100757345,100900674,100467869,100263327,100053501,100805452,100289819,100458607,100136682,100805336,100404133,100892379,100888852,100853035,100245033,100432016,100809475,100314364,100890134,100363770,100278373,100279424,100901509,100370099,100176501,100189839,100355594,100330767,100697235,100880037,100823587,100098764,100476980,100822182,100807418,100079412,100072910,100316738,100423228,100929025,100530016,100267980,100441492,100169425,100538481,100783797,100356452,100265817,100867479,100502092,100689725,100829012,100764270,100892500,100049972,100271993,100085400,100120520,100085518,100475249,100310131,100857083,100065496,100220840,100467968,100197582,100188672,100106625,100025824,100130669,100221337,100405253,100802363,100250407,100202842,100079574,100909139,100319514,100693365,100017223,100383743,100912424,100758545,100910839,100410088,100037478,100893429,100037626,100203847,100435966,100268073,100248817,100201484,100005484,100295468,100839864,100130989,100066143,100023750,100548369,100138685,100351096,100772065,100045036,100900169,100779496,100727689,100177864,100031768,100079651,100041994,100362491,100452922,100009484,100007599,100341359,100041047,100147728,100901619,100371798,100197904,100372136,100007767,100053268,100002398,100234285,100521629,100227162,100768497,100250784,100416953,100281561,100319370,100910757,100200155,100501680,100413116,100112905,100248560,100307883,100392479,100270134,100869043,100134134,100095502,100768783,100309577,100800084,100261907,100186213,100518003,100507501,100321790,100361124,100084886,100549245,100683571,100053533,100106243,100145285,100046079,100374952,100059262,100243463,100211106,100520938,100267385,100217176,100118497,100834028,100128672,100916530,100166537,100886991,100131577,100392645,100268355,100043321,100876877,100016197,100062476,100823986,100109156,100731501,100426788,100027380,100756397,100345596,100128213,100809053,100385165,100366269,100826571,100031193,100408409,100669892,100544485,100048884,100773506,100479820,100113703,100795611,100320375,100156697,100264407,100859248,100072251,100003222,100929864,100825279,100404380,100535654,100348701,100842754,100519195,100925052,100739130,100896543,100357061,100074507,100538943,100887003,100157843,100670831,100859472,100131498,100832482,100314139,100848694,100447489,100921919,100213578,100142147,100010748,100140750,100309949,100687402,100134580,100243142,100228703
100223048,100252391,100059214,100248291,100300152,100034870,100840316,100815049,100388697,100011909,100467114,100130977,100136778,100277280,100174220,100170228,100085005,100692505,100195374,100004736,100729102,100099860,100381121,100730409,100137896,100476068,100332070,100318289,100292294,100007072,100894515,100914198,100729655,100523856,100915806,100096653,100333671,100474445,100257345,100208477,100504154,100754291,100764244,100873880,100916217,100802827,100316536,100863445,100015862,100858985,100165053,100417692,100813064,100152426,100446407,100451326,100432061,100931368,100051320,100276554,100780613,100355304,100929527,100348371,100917010,100527377,100088870,100052066,100040628,100506118,100133045,100189187,100233720,100025674,100404392,100186329,100249377,100930288,100335184,100896030,100910398,100038598,100164636,100398471,100856932,100118517,100065390,100085092,100509591,100202582,100195292,100304713,100117198,100868921,100000259,100383091,100416483,100497974,100110974,100842161,100168889,100033685,100780828,100190504,100447405,100786667,100058463,100819954,100868936,100514852,100133383,100793201,100542981,100236060,100890985,100186968,100060816,100510462,100015785,100316143,100407998,100431938,100142494,100821087,100435179,100682715,100523798,100288002,100806442,100089199,100797775,100896188,100032368,100184462,100146717,100396359,100318161,100349710,100469013,100513361,100162633,100422594,100913329,100851487,100135206,100512651,100376366,100121300,100011399,100182822,100899688,100417461,100440457,100898792,100403609,100690676,100471981,100227152,100368043,100437017,100247459,100139088,100451930,100360004,100833232,100084602,100474625,100294386,100837438,100393397,100166848,100031001,100190932,100901073,100732491,100098978,100798523,100754486,100236035,100409003,100883106,100821967,100840632,100127256,100195013,100525720,100271904,100132977,100753732,100518433,100688593,100487190,100507482,100471579,100837316,100032666,100205773,100291801,100026239,100242457,100080035,100423452,100475125,100379987,100189015,100373059,100103380,100444217,100080950,100186910,100875287,100372281,100737359,100457306,100677757,100254141,100083026,100105380,100927413,100843659,100321836,100312710,100345459,100824975,100430299,100548693,100497096,100081710,100046992,100029167,100261452,100192762,100159059,100031876,100184861,100481864,100074491,100522043,100021766,100455795,100276419,100763416,100868662,100303684,100436442,100422805,100014441,100101530,100842337,100465720
100364027,100737099,100881281,100821734,100012292,100415250,100296063,100786587,100499076,100334418,100773597,100271862,100550750,100182570,100780597,100107831,100550793,100467014,100311271,100150400,100771339,100892940,100212663,100149721,100511687,100530720,100180336,100381978,100088182,100728317,100121605,100114243,100264752,100689627,100928569,100133033,100252274,100236524,100684995,100512529,100186275,100727267,100766861,100921841,100822765,100123619,100461076,100261720,100025703,100665065,100048826,100175137,100399686,100732943,100353934,100861423,100255024,100529469,100488232,100192520,100129539,100876771,100923671,100093881,100804191,100767456,100387591,100288455,100345746,100674088,100486887,100343807,100796017,100889817,100265828,100382306,100682261,100173400,100066928,100829492,100410207,100287611,100064856,100343768,100452544,100467304,100838925,100087012,100094037,100209109,100239593,100452057,100218783,100544662,100511387,100138921,100200355,100167373,100262364,100863557,100307382,100731376,100678685,100362617,100530468,100375769,100418953,100297311,100057687,100320584,100832423,100913631,100496083,100310712,100863666,100176553,100505300,100039027,100150764,100843218,100777757,100081148,100189853,100479965,100818424,100388545,100370055,100756393,100234338,100052924,100520540,100436686,100524463,100848411,100322657,100375374,100331417,100002184,100519273,100477760,100288418,100758808,100838937,100065815,100841135,100406453,100828185,100788557,100667178,100919475,100524609,100549033,100227319,100018449,100305999,100860372,100315270,100291711,100076464,100351900,100883118,100303633,100126095,100672313,100028065,100407196,100149553,100406695,100496552,100790934,100758763,100898032,100841128,100881900,100881418,100795569,100548299,100161097,100240104,100161500,100877315,100326731,100014012,100925752,100865440,100000277,100731090,100922471,100671367,100300760,100129200,100916717,100232608,100903296,100005366,100371442,100763464,100866440,100827486,100068080,100737768,100836367,100292164,100753106,100543301,100880218,100918950,100892400,100110696,100353463,100003993,100148006,100920725,100360553,100328213,100388380,100228724,100058874,100041542,100819729,100245801,100505699,100309579,100809630,100053951,100090878,100006544,100291195,100447585,100520089,100551532,100660997,100544135,100206491,100823620,100089266,100841169,100302139,100165897,100814777,100309473,100864206,100519716,100269914,100136008,100912281,100438893,100061593,100461850,100691326
100444259,100894734,100853506,100742488,100022797,100356900,100124027,100535687,100184716,100003268,100415157,100520668,100533852,100793378,100506642,100091636,100361169,100439981,100250528,100298025,100352106,100269899,100382266,100898967,100030201,100666619,100814646,100925639,100337700,100742474,100048855,100241348,100668280,100818359,100491326,100150583,100361469,100835801,100406610,100438722,100833701,100352625,100271306,100664895,100093046,100404647,100092736,100271085,100439405,100170522,100195983,100334865,100874008,100006058,100511680,100274646,100881150,100260379,100209393,100414373,100074694,100866852,100051885,100890606,100325974,100349001,100032279,100381062,100855323,100928832,100013193,100456385,100916820,100796099,100121142,100501363,100687430,100246806,100664445,100108754,100849745,100134516,100787711,100220075,100921655,100433132,100455838,100694265,100100209,100288894,100398792,100065290,100494498,100426699,100824429,100677178,100261881,100367643,100481029,100076039,100045500,100493016,100319025,100327162,100304849,100280842,100192810,100284022,100263215,100310603,100425982,100930935,100298039,100694012,100507554,100930747,100227307,100463102,100448254,100526311,100544997,100258686,100913346,100003307,100403949,100195211,100222786,100247632,100345923,100048486,100436702,100764745,100667975,100666948,100448660,100230100,100205052,100860798,100851798,100088272,100055304,100510768,100751730,100289161,100309434,100299956,100837965,100235577,100923605,100263188,100916276,100091957,100329230,100373241,100182654,100095964,100042472,100260110,100727501,100795351,100102101,100037739,100216833,100005275,100443025,100318032,100731843,100737833,100758551,100829866,100294658,100468627,100832347,100858387,100742681,100681369,100086534,100481936,100230286,100832746,100407888,100006991,100729202,100918040,100145863,100446980,100303254,100899432,100799615,100380707,100416848,100548170,100891409,100546730,100690164,100899620,100870103,100036643,100246880,100414603,100092476,100916665,100499968,100131619,100456959,100396144,100388607,100245848,100676733,100908632,100757870,100931046,100164296,100060824,100002555,100407972,100235382,100315799,100281198,100512919,100485999,100869293,100756962,100224584,100373503,100032781,100232462,100672761,100794574,100195376,100498959,100822136,100351972,100523806,100264229,100170506,100070296,100406337,100304722,100924807,100336278,100220324,100305880,100771418,100192126,100067589,100030955,100764484,100313902,100695557
100111275,100816140,100134619,100371054,100674507,100312136,100208222,100349378,100850743,100678574,100805612,100247485,100045737,100162271,100045381,100801766,100107245,100540573,100266710,100285628,100016382,100556326,100773733,100095167,100130511,100050581,100134925,100409805,100408467,100355892,100694457,100213234,100519687,100093363,100017400,100459563,100151252,100447864,100828919,100091627,100803878,100049552,100217064,100411502,100001903,100010675,100278518,100491417,100193497,100663184,100301641,100349499,100256271,100174572,100057783,100829332,100041346,100085386,100233601,100032047,100139203,100324221,100773932,100214560,100793158,100830520,100457390,100065433,100761343,100768658,100895470,100491571,100207320,100763805,100532867,100911203,100058574,100474751,100847717,100367306,100695367,100671470,100153086,100872117,100297516,100065958,100847093,100359402,100531109,100168370,100204083,100008122,100380047,100733890,100926546,100267505,100545247,100826211,100053227,100350423,100503746,100307879,100059915,100074572,100535303,100524487,100211185,100373523,100130322,100381235,100313992,100876514,100546622,100309555,100296304,100731033,100413997,100116407,100444668,100801824,100908026,100781990,100459084,100297736,100303717,100428486,100110717,100459321,100799127,100693601,100858116,100495442,100834562,100337795,100305488,100365293,100407285,100164200,100831173,100878670,100225850,100329239,100008079,100676087,100353946,100031069,100166604,100812254,100347829,100825040,100530283,100505815,100345663,100465582,100421841,100510255,100460116,100663443,100124912,100475466,100304945,100237496,100499165,100738512,100053814,100831245,100526699,100892247,100543912,100277418,100135464,100119389,100548395,100734755,100040191,100526752,100359579,100503556,100008957,100869116,100492915,100859364,100906831,100036636,100039569,100414438,100267785,100489337,100778979,100929381,100315075,100765755,100848583,100870533,100828056,100225650,100660130,100879040,100819542,100523053,100166340,100268912,100672624,100753260,100821286,100155403,100185114,100667217,100001133,100076824,100832690,100048535,100383789,100808820,100810704,100729348,100180503,100846547,100829906,100929841,100291423,100357302,100697082,100067178,100393007,100165394,100329800,100472563,100773900,100128612,100847879,100468276,100180338,100342723,100671164,100903277,100670386,100893616,100798825,100226021,100889000,100770208,100922888,100477573,100130006,100731395,100754183,100306464,100888462,100134059
100451843,100807907,100675577,100032791,100226172,100224949,100103656,100884263,100530812,100199379,100872817,100533845,100808516,100074139,100421319,100376937,100246256,100473207,100388983,100269221,100310226,100225170,100168284,100470832,100343465,100219039,100154270,100081489,100083320,100239498,100424943,100343950,100469000,100501958,100212530,100842438,100419436,100735079,100003602,100438870,100032509,100063467,100885042,100450128,100500802,100456065,100264907,100731644,100280095,100016336,100042308,100092392,100672137,100020288,100087255,100015147,100738522,100829812,100406227,100374653,100692354,100046830,100204730,100329263,100377239,100461692,100226418,100184630,100801837,100816329,100143463,100375904,100334829,100077172,100795254,100910314,100172844,100330558,100830036,100186092,100729428,100118420,100165555,100353572,100202703,100100487,100229072,100252866,100827052,100489347,100880590,100665866,100231067,100879627,100065263,100202462,100272673,100309520,100733244,100116629,100506222,100696668,100499047,100073413,100044520,100231156,100064263,100223422,100095873,100138422,100760864,100502560,100535084,100738598,100898327,100121173,100122331,100773556,100522336,100824995,100395487,100761348,100172640,100328092,100822517,100868946,100449399,100481949,100511688,100882486,100824763,100453228,100014149,100144875,100249427,100453262,100124120,100502775,100480947,100457417,100861339,100370757,100515990,100261274,100197259,100915801,100541858,100299758,100782394,100236988,100904286,100485634,100690886,100139836,100209649,100742367,100526167,100203623,100870608,100386147,100210803,100922842,100192779,100825391,100039483,100138980,100420026,100819091,100226290,100931139,100542890,100359113,100352002,100214649,100478066,100779899,100922420,100806959,100876054,100056560,100860188,100689715,100517134,100403955,100259510,100311461,100156923,100770518,100808294,100113801,100176029,100774210,100804872,100500123,100003035,100146593,100262047,100045161,100084720,100853997,100692807,100894198,100168685,100466775,100501117,100037794,100674501,100347511,100548003,100910563,100144738,100394097,100024234,100387034,100757298,100203297,100444375,100791658,100457317,100833014,100881721,100545914,100334026,100902036,100885007,100315012,100529300,100477302,100346118,100804596,100922769,100032836,100437990,100122306,100833182,100507600,100727495,100391261,100891610,100796728,100845269,100811046,100107907,100373474,100123414,100545929,100123389,100345308,100852068,100852056
100032363,100119393,100110182,100800337,100225853,100783660,100048359,100905403,100087716,100243221,100071858,100354842,100371915,100820543,100297388,100127327,100315996,100159908,100141380,100392959,100850506,100364285,100864750,100696193,100851862,100051563,100183258,100331876,100096802,100066089,100871548,100151592,100077070,100113198,100125736,100771860,100306461,100256480,100191944,100458454,100726958,100312845,100319528,100811676,100118554,100791970,100000703,100238037,100147467,100316530,100228850,100523925,100282801,100661363,100522471,100411788,100900186,100775088,100152978,100672920,100664918,100414275,100548763,100848861,100358989,100468583,100775977,100235864,100899383,100411366,100729190,100797955,100884863,100234041,100042586,100914316,100150905,100198920,100164072,100825420,100048764,100695579,100659767,100214218,100200154,100205859,100093939,100076447,100180697,100341030,100267726,100259070,100426798,100467847,100463057,100495882,100488878,100728609,100333028,100282473,100365591,100917196,100376497,100319112,100314911,100034985,100358979,100931227,100086138,100854610,100811625,100142268,100234004,100836423,100774025,100423467,100194198,100192597,100737848,100811173,100352429,100149624,100854918,100928966,100140832,100146666,100206851,100084241,100381985,100190403,100374392,100470549,100738921,100518796,100687462,100863838,100931717,100007886,100879196,100507528,100540347,100895084,100138234,100492535,100372690,100666168,100835621,100337984,100298003,100124074,100738149,100018324,100477361,100132440,100044606,100856866,100775686,100889651,100372906,100276973,100397441,100770788,100359026,100191369,100003746,100355179,100110196,100357322,100220979,100688187,100260850,100458255,100677743,100496456,100040345,100760756,100126431,100907762,100452906,100395920,100734142,100841481,100924949,100357059,100098979,100148916,100818725,100365887,100742287,100359627,100030784,100697104,100278368,100900394,100175923,100313769,100852456,100181288,100307888,100664685,100440146,100262022,100236714,100809594,100341243,100398519,100668562,100455324,100383295,100383995,100754104,100087599,100733836,100925870,100464934,100918462,100539456,100083999,100884450,100155141,100661876,100593279,100370362,100045717,100926325,100173700,100269562,100147938,100313665,100313093,100065421,100920571,100036555,100550611,100402966,100011529,100204044,100396614,100407457,100138737,100254804,100515495,100892900,100190917,100433014,100542209,100174854,100166212,100898195,100255310
100852175,100039167,100869707,100073898,100345071,100268037,100235420,100428056,100530454,100007206,100883866,100865406,100293433,100395378,100510229,100416460,100427476,100128687,100774931,100913162,100116680,100473996,100203111,100020244,100913852,100079179,100284821,100374934,100902904,100778880,100284970,100668353,100433367,100313796,100301865,100216402,100033869,100014018,100845065,100915213,100390966,100084892,100492957,100075797,100321056,100406545,100779374,100666295,100233578,100059452,100543136,100157926,100366377,100014729,100195323,100782301,100002113,100154381,100320416,100296459,100367730,100196771,100218979,100455024,100167277,100876947,100790524,100911137,100256701,100779987,100209023,100377430,100797042,100817503,100249978,100208770,100130038,100348931,100168060,100167346,100431154,100061676,100766021,100387681,100466761,100219883,100860227,100912186,100768755,100165759,100247981,100447527,100389336,100045422,100854853,100911239,100011172,100773584,100825252,100337177,100193408,100751463,100093205,100880817,100366333,100773070,100906208,100442595,100263492,100325240,100791839,100335247,100333990,100500941,100026733,100368976,100103400,100775921,100490544,100410845,100130641,100537732,100869813,100146963,100342671,100412139,100527552,100329751,100325014,100817341,100011114,100242298,100152436,100304445,100065467,100351512,100382415,100393311,100341782,100145965,100801527,100273286,100781787,100451996,100907299,100294577,100462731,100411130,100742745,100259015,100441589,100782702,100377939,100391582,100240356,100207838,100400827,100737202,100529629,100008677,100673513,100470520,100845373,100202872,100139454,100100804,100487793,100679539,100757071,100778362,100890170,100309252,100528502,100343598,100031261,100365455,100655985,100929707,100293420,100761030,100432644,100867700,100848413,100354709,100661816,100290752,100315322,100834357,100400217,100890631,100183444,100263582,100268230,100113487,100924650,100406512,100168755,100106258,100054910,100474877,100332395,100183834,100268173,100684160,100402739,100461328,100147739,100152966,100924706,100360803,100421218,100269195,100365126,100024810,100135197,100192027,100216819,100367624,100728369,100411755,100270890,100519784,100783822,100125000,100237954,100167827,100666673,100931102,100800424,100598413,100505850,100360787,100226658,100339458,100477538,100045610,100142227,100149792,100461228,100507424,100454465,100877127,100836386,100132325,100379993,100085961,100026735,100413046,100153596,100308815
100201558,100828498,100866156,100552088,100769885,100908604,100154734,100540229,100398135,100020810,100340668,100751248,100065966,100828051,100001887,100326969,100380889,100431059,100361851,100541801,100219977,100860228,100819669,100864150,100360977,100859293,100862505,100914736,100507422,100684435,100764550,100148946,100207896,100422334,100735268,100184702,100253973,100675389,100154002,100878228,100506208,100906140,100256204,100850244,100159126,100862287,100610677,100465535,100091747,100503163,100472937,100395321,100434697,100420967,100677137,100506051,100772018,100004111,100351850,100213879,100227910,100178057,100243962,100900841,100752490,100733959,100373789,100728132,100758803,100541636,100670040,100140554,100742366,100360166,100770281,100114409,100267038,100404811,100910558,100330787,100929512,100818557,100408155,100119078,100010875,100824842,100088427,100437433,100925085,100202633,100912505,100458316,100423729,100830522,100012405,100345510,100233335,100047829,100189401,100849991,100927875,100347415,100049107,100299078,100057345,100099204,100727579,100523022,100781641,100152891,100802175,100436848,100728940,100340731,100305375,100501676,100326742,100899794,100485387,100200803,100859264,100452280,100929214,100476656,100377035,100092904,100290641,100549219,100297800,100682467,100269517,100839314,100512233,100891802,100767989,100540144,100497332,100149714,100531336,100825080,100210157,100111353,100888750,100826205,100217434,100732449,100923233,100218889,100067575,100249471,100300421,100244805,100093555,100360828,100763594,100279138,100828494,100403129,100042947,100064849,100056269,100273106,100356181,100909197,100280821,100696981,100354472,100121213,100277627,100483303,100176881,100328533,100816839,100141750,100173106,100507335,100891446,100664223,100053898,100854412,100140135,100877362,100350009,100844686,100423390,100106226,100022976,100548988,100350328,100742018,100133362,100195108,100548949,100444381,100307292,100308104,100062291,100197646,100814258,100284896,100417350,100839995,100116443,100458716,100907881,100460154,100893678,100872302,100666361,100224944,100355314,100093028,100871574,100230033,100910959,100481323,100115610,100250970,100364366,100738361,100322951,100211231,100777419,100694011,100529192,100002679,100830292,100739128,100385836,100353280,100065321,100462730,100827589,100807729,100551647,100022725,100171692,100306076,100340147,100775130,100191932,100057806,100855248,100070160,100240554,100233060,100782393,100250104,100276400,100469511
100867208,100339069,100496908,100469955,100519461,100796859,100672138,100043067,100773844,100144940,100346437,100330568,100834777,100835973,100076248,100005929,100667337,100144397,100259930,100241766,100437385,100798101,100770830,100540179,100397741,100836478,100197083,100930079,100249476,100799671,100089561,100735475,100243655,100091328,100322122,100284245,100152600,100454789,100061143,100227069,100141835,100151500,100210682,100849476,100489798,100150889,100623001,100400806,100759474,100069342,100676737,100164294,100667002,100046032,100757197,100818491,100078640,100173017,100090261,100150454,100262519,100678229,100360949,100681741,100059064,100206719,100403357,100107064,100660887,100776997,100421842,100384684,100878930,100660645,100003896,100669132,100135048,100165923,100149556,100293410,100319102,100873539,100105976,100437670,100165265,100017100,100431685,100375654,100188545,100431604,100781950,100140394,100148119,100081913,100489794,100019752,100170398,100489683,100175849,100099494,100190559,100764190,100308340,100456618,100065166,100929577,100692276,100126070,100545724,100770152,100409718,100457118,100401551,100282512,100079549,100134235,100056460,100493356,100259939,100880413,100676854,100546716,100784173,100171134,100350373,100249438,100313799,100057833,100468277,100015739,100437647,100819976,100773734,100449351,100680065,100776258,100520160,100107023,100389090,100232043,100410194,100333926,100673497,100779096,100753504,100669527,100462586,100397282,100238261,100424131,100340717,100696990,100499509,100060758,100458735,100038791,100500311,100269605,100285756,100292001,100911930,100373494,100407541,100338942,100394954,100253231,100880005,100040465,100920110,100004120,100417734,100262863,100779341,100165983,100917304,100360321,100161032,100318852,100187631,100277523,100326553,100411245,100512366,100000228,100140195,100853172,100018303,100890175,100817416,100791297,100153108,100810228,100226794,100492735,100136095,100244563,100212448,100810216,100204411,100913386,100692206,100853912,100368276,100782505,100073460,100696482,100757327,100864472,100406106,100484974,100044494,100675804,100768019,100435954,100240105,100921496,100104077,100886040,100769264,100217684,100000049,100456014,100549204,100166491,100225510,100923361,100160045,100035940,100360044,100036705,100483451,100851161,100074042,100549272,100238843,100818064,100324957,100807465,100352524,100436109,100330223,100179366,100044480,100032558,100762279,100738286,100182852,100759574,100547728,100235474
100684171,100244902,100843217,100402845,100105605,100391953,100913306,100523141,100502182,100160603,100201509,100325162,100856908,100839638,100850766,100901714,100435141,100357045,100871240,100413186,100356310,100295541,100467990,100661735,100526076,100074282,100859186,100182463,100880027,100317790,100129988,100738070,100013399,100341287,100359697,100729147,100003263,100682299,100904381,100754531,100200380,100108608,100778131,100398112,100047754,100276556,100909209,100111590,100361242,100025305,100531695,100201338,100405192,100808619,100029122,100473798,100307847,100796544,100504607,100427478,100840301,100070301,100267900,100182459,100209114,100898717,100824506,100918009,100009326,100735095,100448986,100418343,100233288,100257738,100091643,100338803,100382276,100540604,100861788,100760231,100454991,100536443,100374592,100001828,100301702,100127331,100913006,100913779,100799964,100000624,100158546,100695410,100390290,100234905,100544785,100322360,100346192,100374000,100909874,100921241,100825802,100447726,100776317,100824864,100219114,100457413,100331763,100813080,100486251,100223839,100661538,100829210,100000441,100354283,100183168,100476127,100323369,100355784,100190363,100666401,100759995,100831347,100194115,100006172,100430565,100403745,100365333,100865173,100484256,100499798,100230070,100325634,100352439,100846354,100069152,100380008,100033336,100243620,100241500,100037889,100207430,100224980,100664689,100766785,100128098,100289688,100021828,100304976,100404924,100006622,100903443,100673487,100363029,100755862,100779972,100780907,100831820,100096354,100072360,100409869,100205048,100166477,100779678,100211797,100296333,100328177,100323696,100549964,100187939,100852413,100239452,100760033,100055542,100890258,100832063,100805036,100544219,100201832,100068928,100322898,100780175,100472288,100535195,100850377,100542012,100000505,100497839,100250570,100361193,100849816,100925582,100162494,100127986,100079381,100396544,100800887,100931774,100411918,100804003,100258562,100042848,100844637,100105117,100217425,100164843,100817881,100334158,100861545,100263600,100735166,100141140,100340138,100694405,100847052,100215233,100516465,100174610,100682111,100667340,100226934,100379151,100257597,100455108,100020046,100839679,100486867,100424804,100843622,100251862,100806353,100266156,100735663,100112473,100814062,100796902,100338030,100918768,100893377,100277308,100516801,100182456,100095386,100830957,100050615,100242881,100391230,100123406,100543747,100453240,100482438
100456835,100397475,100036258,100134849,100226340,100671670,100855658,100330535,100546909,100426659,100527037,100177648,100141026,100223793,100102579,100775625,100794813,100061090,100234646,100043965,100762372,100734945,100467887,100390696,100061565,100531946,100316353,100029186,100123841,100052727,100327979,100314279,100510487,100201520,100872108,100009216,100684978,100287903,100922553,100544666,100807223,100477870,100187358,100405247,100504053,100217591,100877949,100286602,100201528,100472248,100007700,100325853,100177740,100471173,100186849,100434753,100267467,100866299,100071623,100294027,100277597,100390945,100085869,100417492,100461164,100563981,100385378,100478396,100180843,100351712,100862295,100243825,100684598,100430001,100874260,100504125,100267690,100542238,100882036,100412770,100274292,100770999,100145468,100785644,100401344,100353719,100807463,100015249,100409715,100784230,100537390,100892529,100021734,100045598,100862259,100160954,100838259,100883495,100512378,100117659,100841404,100042223,100802380,100171231,100732114,100001217,100089265,100176283,100260213,100001220,100304475,100047931,100062875,100331997,100461506,100115798,100453161,100304267,100137998,100390875,100045704,100326256,100734121,100203881,100214786,100338069,100008467,100214864,100214430,100111428,100168906,100087642,100067607,100334555,100670790,100369530,100273038,100183412,100189952,100109126,100158319,100867356,100424589,100332908,100766045,100287020,100128426,100099619,100071578,100401861,100867603,100068154,100924567,100929568,100358655,100219980,100915062,100012243,100102724,100182809,100388462,100834852,100741886,100464861,100104545,100735445,100685145,100828966,100274022,100464454,100804144,100847750,100002811,100540010,100524499,100237362,100481691,100241576,100919249,100312073,100129720,100513472,100042905,100387233,100794669,100687729,100486851,100111025,100232391,100503286,100902244,100104404,100362083,100122636,100548261,100397769,100546958,100830346,100417862,100180344,100329290,100879489,100910008,100247983,100453937,100536618,100532094,100036373,100818541,100509466,100809857,100065289,100442219,100227364,100346446,100031116,100240054,100741939,100918785,100298313,100015559,100220166,100220287,100146240,100045756,100691684,100212194,100043896,100799972,100734899,100063032,100097049,100093402,100056095,100452008,100163196,100005150,100003623,100732478,100107237,100286890,100515969,100101089,100119910,100872427,100420208,100778014,100687675,100159695,100333814
100856638,100757514,100328190,100444681,100814978,100928454,100210916,100409339,100029984,100038262,100545924,100442606,100754956,100097378,100220652,100114603,100199754,100507262,100140090,100082054,100516256,100537155,100167731,100206643,100541100,100447369,100377429,100418617,100739032,100815684,100540529,100760954,100739005,100790660,100162541,100036303,100140782,100375741,100458073,100855790,100350252,100069864,100669492,100387666,100814517,100516506,100470936,100007776,100129985,100818303,100858980,100930295,100045025,100008528,100929417,100150580,100395532,100121413,100407005,100873152,100074343,100298288,100667654,100071992,100051925,100693589,100407205,100140744,100104559,100262272,100080260,100180896,100108740,100907759,100694544,100695019,100730847,100756759,100100441,100812014,100831193,100886583,100461877,100512480,100893459,100491533,100235721,100255787,100473522,100378189,100048351,100811340,100733447,100854628,100202437,100906102,100240129,100225807,100421240,100128397,100051533,100385727,100249963,100471666,100807190,100328527,100778930,100694556,100311426,100545869,100398830,100361684,100372327,100449196,100010383,100763286,100728417,100920555,100030609,100356629,100213195,100111460,100476875,100815450,100680403,100330779,100025363,100068707,100831663,100792416,100424072,100771059,100040684,100098855,100208150,100022358,100762797,100350239,100881790,100811017,100197412,100900962,100439372,100096572,100680853,100342483,100480854,100258885,100844506,100175763,100248178,100205617,100462971,100846032,100070472,100859025,100773314,100518867,100254972,100249926,100906957,100050380,100390604,100772602,100212726,100195543,100517314,100106254,100226035,100358720,100315379,100255910,100827811,100379034,100924119,100884291,100436532,100154243,100321502,100318502,100247355,100775923,100789079,100272418,100907535,100809159,100231396,100506036,100347768,100907071,100219938,100779441,100092318,100366967,100665353,100731381,100817943,100769857,100055989,100770053,100770021,100200429,100266252,100082437,100498806,100850789,100345812,100268753,100091077,100524369,100068146,100836932,100514232,100512595,100184554,100300596,100214776,100832604,100755121,100208676,100508103,100907138,100251557,100400353,100768038,100271193,100825466,100192636,100238821,100070310,100831388,100023610,100338606,100523219,100454159,100823382,100134554,100930522,100453573,100794282,100298179,100227001,100298519,100351859,100925224,100774192,100165095,100471460,100460975,100362149
100356137,100161950,100118609,100543246,100760885,100140623,100898049,100847277,100863014,100370578,100160373,100300070,100869049,100549181,100884890,100128563,100201495,100044021,100094380,100757191,100032609,100233175,100541218,100535722,100894584,100131501,100903633,100415833,100689328,100764083,100305509,100337038,100781361,100684374,100923829,100258149,100467703,100030764,100205805,100132890,100203427,100685815,100391134,100336403,100829245,100826737,100762470,100340942,100769278,100827144,100415269,100204788,100501510,100298542,100875736,100174382,100767398,100680011,100389159,100156993,100094152,100472468,100232929,100828252,100882944,100543025,100767790,100198641,100133258,100898630,100008851,100154615,100506200,100197745,100173547,100153829,100265690,100017736,100066335,100799259,100898533,100464733,100758548,100429611,100923356,100020135,100864161,100493683,100111537,100697126,100813976,100399365,100691516,100370765,100405730,100810919,100812527,100902189,100064491,100138500,100351880,100060691,100728159,100268873,100308068,100729840,100474196,100004923,100539081,100787183,100804576,100860160,100917591,100767732,100328088,100025933,100399660,100457270,100079648,100348528,100693493,100292378,100042962,100318696,100235943,100650480,100895704,100726770,100148404,100152533,100142249,100917409,100231622,100892175,100223704,100871660,100469865,100513536,100521145,100768157,100806289,100481609,100902075,100670776,100687682,100391332,100194618,100923133,100822683,100826964,100927112,100898057,100287647,100538079,100863286,100353378,100527838,100061025,100512821,100044967,100376966,100224611,100738728,100774985,100447565,100341163,100784672,100929525,100494192,100918537,100761005,100036382,100132343,100727086,100830118,100134760,100237901,100192320,100251590,100919441,100813407,100437742,100472967,100316205,100928743,100690359,100882846,100435599,100255744,100196125,100127738,100369024,100124490,100545034,100400459,100013468,100239019,100303034,100416734,100117413,100388388,100427449,100883066,100085542,100122764,100865726,100389251,100020732,100154675,100489269,100217805,100052750,100764486,100257501,100386610,100879642,100864072,100840630,100696175,100108435,100903390,100189371,100275866,100838372,100444613,100159029,100043121,100201861,100828104,100546156,100678809,100482079,100075381,100870989,100424138,100668757,100096541,100801229,100792606,100281899,100310147,100467208,100116543,100517824,100449986,100247420,100299667,100770469,100484053,100146247
100462385,100086875,100128993,100849388,100260487,100841701,100365907,100684371,100548798,100927251,100190405,100128173,100234959,100489875,100230841,100232186,100024076,100472209,100885534,100784640,100006229,100301263,100353623,100803347,100100057,100388443,100771396,100076854,100112992,100268898,100234425,100059127,100282420,100921403,100064589,100328405,100912989,100175145,100760157,100887440,100843872,100297467,100873333,100224663,100733752,100226187,100037423,100423674,100446452,100547935,100491305,100752442,100312701,100927784,100072150,100176916,100293681,100314267,100317805,100851075,100248176,100245210,100252809,100525315,100726935,100863667,100143491,100349471,100826508,100479096,100108876,100863493,100287616,100810186,100329301,100929334,100459680,100294333,100538264,100756779,100312900,100136939,100398638,100202735,100205758,100851987,100035118,100391670,100543016,100817611,100456284,100676831,100436839,100057718,100090334,100006652,100240620,100061964,100348680,100053512,100301523,100034410,100411810,100189718,100295527,100815297,100362440,100919702,100269325,100311046,100069745,100492752,100863127,100135877,100181406,100416126,100252427,100010930,100732785,100434159,100253131,100484690,100844990,100158522,100052874,100899598,100436625,100456000,100108820,100494994,100906011,100671568,100540907,100135204,100105825,100494566,100689874,100278407,100661768,100824806,100190376,100782191,100222198,100917352,100216264,100366904,100191141,100063088,100414019,100832788,100222518,100457398,100064727,100540985,100878616,100672925,100356467,100299304,100268541,100801404,100270721,100187717,100100085,100616879,100137207,100473412,100813488,100761852,100786681,100453730,100100968,100193802,100217088,100796399,100332462,100177222,100431447,100809601,100863965,100850965,100733781,100305368,100264781,100801043,100012796,100374019,100520868,100664611,100333177,100669942,100549253,100929507,100732047,100273784,100790865,100409413,100355441,100216663,100292352,100227516,100551776,100869888,100160555,100667175,100403556,100801148,100162372,100817454,100790397,100340787,100778115,100727472,100179482,100216457,100493242,100003066,100391781,100269191,100546792,100115369,100770774,100116398,100868954,100672830,100177815,100485985,100072417,100206120,100450616,100085336,100668120,100199130,100866591,100359074,100247876,100310173,100262685,100460902,100858231,100532429,100280288,100142477,100422225,100205289,100355363,100156672,100233861,100213123,100217033,100471712
100474246,100439625,100687832,100257888,100107882,100031105,100267192,100769635,100483521,100214740,100201115,100849746,100781273,100901129,100263760,100286743,100214265,100833960,100173915,100135748,100291866,100359970,100546050,100459491,100119573,100488279,100146912,100754777,100099133,100111326,100377982,100385663,100152153,100866673,100534912,100805567,100409941,100906611,100696181,100824472,100141046,100127616,100144593,100528928,100769849,100519133,100399632,100414853,100413457,100551428,100081117,100260821,100487895,100680236,100688959,100167156,100440690,100674090,100837424,100883379,100822754,100236170,100333681,100233704,100470617,100439123,100822625,100488430,100754830,100231884,100001912,100478729,100038719,100050430,100187354,100100591,100834350,100729001,100369145,100023574,100035569,100493922,100446034,100764238,100367896,100087749,100101975,100851823,100909030,100101417,100102401,100549754,100168076,100880468,100212942,100230452,100297815,100514644,100424114,100429285,100417905,100302132,100438819,100194182,100889406,100139354,100221456,100405390,100331372,100208099,100010333,100260286,100264544,100037907,100670963,100354656,100532725,100233852,100677151,100003854,100026465,100828112,100428008,100731137,100159238,100105499,100791527,100182194,100476288,100838794,100533458,100535940,100010303,100541313,100328692,100152152,100083562,100020778,100125785,100690777,100918466,100025930,100824194,100338968,100875853,100235582,100115956,100446143,100245321,100436082,100790960,100428677,100842397,100345997,100380451,100042812,100766681,100524339,100428786,100202526,100692844,100099922,100509828,100279242,100222917,100092934,100022422,100296626,100166424,100332388,100000048,100426727,100201063,100065751,100520362,100416711,100675707,100271931,100342083,100295640,100508342,100487795,100200983,100544277,100248474,100098779,100525236,100017145,100356514,100285972,100776956,100861616,100727196,100494395,100265476,100156471,100231016,100186987,100508884,100249638,100544971,100139898,100777848,100330052,100785802,100446319,100802243,100136272,100125810,100685103,100374946,100529275,100881214,100532118,100811776,100335338,100151381,100060181,100204943,100332580,100298548,100500883,100736589,100830122,100080239,100140143,100537296,100742666,100265579,100333711,100403568,100229525,100469687,100911169,100357562,100156841,100464182,100785728,100028267,100382766,100761344,100293912,100293106,100808372,100924702,100172107,100041833,100889856,100059445,100464648
100671440,100804864,100381914,100282658,100464038,100032595,100521262,100173288,100769738,100280676,100366648,100204839,100441052,100413648,100798134,100083206,100763878,100805700,100292824,100905787,100284140,100173087,100313434,100388306,100485586,100133584,100853938,100491395,100446896,100417544,100778344,100344927,100308219,100293827,100454512,100897730,100350580,100051472,100227999,100432378,100534350,100683612,100421255,100478035,100675963,100552013,100103196,100040219,100246149,100291985,100897568,100467034,100817276,100300336,100201473,100141004,100087839,100426318,100271384,100432796,100688808,100296446,100443927,100839481,100444380,100531685,100017597,100833656,100402648,100067244,100147354,100314871,100451331,100061399,100440708,100097367,100394686,100923545,100398819,100359175,100874458,100540590,100462578,100857847,100390912,100860974,100367837,100821626,100531545,100307115,100034018,100766607,100881196,100691019,100829635,100032819,100209581,100237651,100357492,100839893,100890163,100220697,100476638,100231682,100729757,100829004,100097138,100510849,100275976,100303408,100358340,100263460,100055391,100792709,100106490,100194364,100422716,100112781,100316300,100473863,100753509,100241074,100495162,100552065,100442074,100771735,100044143,100696627,100515510,100245376,100541930,100421976,100727070,100276358,100694611,100769440,100827911,100150504,100912556,100460738,100390089,100872851,100780116,100735894,100456834,100203801,100400295,100675197,100456393,100667442,100858659,100023466,100378918,100853986,100303111,100436781,100675751,100892995,100034369,100223176,100420606,100229861,100382543,100061595,100926741,100460697,100798245,100367004,100314037,100667807,100851994,100309787,100925628,100669343,100138804,100211225,100853154,100122622,100162550,100167417,100364927,100323899,100799540,100359861,100296426,100126684,100817909,100026967,100383378,100899491,100760951,100925815,100903497,100685340,100169477,100273090,100165808,100408700,100364545,100207492,100173818,100833072,100878751,100260151,100216840,100304350,100466116,100538309,100254305,100269022,100891491,100032008,100680352,100412790,100696580,100318310,100243119,100248093,100211844,100109577,100245299,100469007,100731214,100147526,100116528,100774451,100478884,100157984,100846562,100292434,100107335,100889940,100859373,100897265,100019032,100910523,100000642,100843226,100076978,100002189,100685369,100764319,100166577,100307355,100461673,100246377,100372621,100343019,100476128,100683074
100119012,100260675,100334047,100344451,100812475,100243998,100403491,100258516,100320476,100837158,100538949,100324110,100497359,100530831,100519337,100456274,100778708,100772694,100332294,100511234,100126336,100865518,100327773,100026017,100320466,100287079,100680562,100404996,100318508,100170263,100169247,100408370,100086040,100315802,100838352,100919888,100299213,100216468,100140942,100388903,100663396,100896335,100787807,100905608,100685212,100099509,100492094,100051739,100156689,100799853,100143247,100057070,100384340,100249061,100355861,100369280,100469137,100858353,100137759,100410933,100305090,100801427,100246437,100884166,100228892,100289425,100490087,100144183,100355255,100187009,100325038,100781876,100776371,100169427,100007332,100070254,100823613,100509776,100322757,100443843,100278483,100341158,100345412,100802352,100192145,100320890,100761544,100091770,100022024,100547545,100437406,100227245,100117291,100134379,100324716,100254093,100126699,100675615,100099094,100399192,100681279,100806204,100349832,100189227,100350722,100088011,100174433,100221746,100684245,100008731,100203904,100024403,100532563,100828116,100071464,100531465,100154732,100370916,100917325,100373078,100335289,100409058,100282899,100305927,100214744,100419529,100906616,100799497,100261492,100518066,100100028,100013283,100178563,100150901,100519231,100131788,100810925,100150375,100890983,100522323,100330865,100765574,100511844,100853757,100256714,100737475,100832670,100132180,100856872,100171156,100522394,100027340,100092068,100761153,100845883,100135482,100370870,100892843,100847210,100040835,100221739,100866680,100365311,100897173,100191287,100899035,100291967,100037351,100180107,100105098,100392493,100814860,100812898,100687673,100442018,100773586,100882712,100357936,100825461,100830327,100092169,100052263,100097359,100809367,100348827,100806270,100215158,100454993,100099605,100237127,100384757,100200317,100250150,100900374,100732265,100273806,100065823,100789393,100202051,100925148,100514648,100234924,100801820,100533269,100904116,100042207,100242725,100260980,100772764,100360056,100397679,100519768,100762599,100350210,100349694,100457579,100045443,100687908,100808204,100504497,100840611,100914224,100179639,100904156,100923369,100372661,100788650,100148294,100017906,100057531,100156176,100526269,100149645,100458529,100513764,100666320,100169671,100429552,100273045,100368659,100328331,100666584,100521620,100490286,100396785,100865377,100401432,100912952,100004177,100678709
100906871,100255985,100106643,100549554,100672721,100119511,100291433,100489154,100383544,100659993,100126529,100268864,100408037,100378539,100666078,100294959,100438680,100148565,100006102,100465718,100520097,100464422,100427228,100468272,100481708,100111136,100266873,100503702,100730981,100149905,100285876,100290377,100393534,100824800,100000301,100863771,100022817,100419774,100041407,100172848,100341630,100420288,100846816,100798375,100414984,100028483,100169534,100535769,100830506,100506201,100304058,100929235,100256176,100302220,100078455,100179083,100849923,100443273,100807685,100024522,100344945,100145412,100846168,100755973,100331125,100324621,100296704,100471515,100397635,100880628,100765538,100092772,100769571,100257823,100297392,100179316,100495333,100136768,100474502,100819150,100758157,100208073,100404822,100172749,100841532,100331479,100329988,100687671,100026532,100138717,100442678,100154614,100175167,100454142,100068402,100506497,100277385,100493660,100052054,100014045,100232979,100831574,100920898,100073373,100249618,100382715,100223583,100063601,100549814,100356486,100670626,100786822,100318089,100697384,100391068,100392113,100308772,100264447,100341491,100122646,100037010,100907447,100768915,100012670,100871462,100856801,100691749,100427333,100781510,100266755,100282412,100876968,100120181,100845597,100759111,100871434,100306065,100214642,100511634,100244495,100038867,100858503,100872637,100281077,100773676,100061626,100428033,100893929,100077459,100199212,100334921,100800052,100389907,100008056,100485253,100098020,100197867,100927871,100153609,100852963,100419977,100441699,100890280,100527793,100221028,100331702,100252777,100059364,100219999,100893723,100461710,100909806,100331437,100764379,100498986,100913372,100163278,100787428,100763072,100384610,100317986,100060612,100206431,100665573,100240016,100011324,100432343,100771475,100049860,100213138,100413008,100917979,100497173,100415207,100783081,100539385,100865633,100117829,100202383,100776213,100231273,100505930,100229359,100195493,100211077,100342894,100120090,100435021,100353226,100106945,100053267,100877436,100478123,100207259,100297642,100773422,100682286,100315491,100297740,100330697,100522345,100313028,100825171,100478653,100136928,100477662,100430495,100674113,100801109,100296818,100533859,100237534,100736382,100535209,100424251,100111808,100884443,100110798,100319561,100064857,100686442,100304889,100026594,100912016,100383037,100741894,100327465,100351820,100436244,100547990
100453860,100535041,100328329,100084314,100198013,100348141,100133356,100875662,100061616,100240545,100862851,100245187,100469568,100679202,100288164,100805374,100411049,100305291,100121581,100533979,100846769,100759670,100409851,100761468,100862088,100859522,100145178,100830485,100149443,100457135,100169646,100902472,100209266,100832730,100220627,100402530,100347899,100491528,100087560,100001049,100057044,100388508,100235385,100087835,100867450,100667899,100851195,100228894,100661243,100096835,100438272,100434995,100730403,100177706,100778974,100688360,100788308,100837264,100115187,100006936,100445005,100783551,100182999,100846429,100504537,100364037,100205832,100082673,100021004,100867068,100891259,100512980,100848975,100112637,100312615,100021102,100753548,100061480,100734962,100479382,100099472,100457424,100124656,100302631,100157838,100230458,100400257,100501307,100446555,100923015,100367549,100092285,100766564,100878170,100681625,100257382,100541720,100124048,100028613,100029356,100827505,100769935,100203964,100130602,100270643,100504003,100370993,100533123,100818983,100079774,100169116,100171651,100396752,100794490,100509463,100050947,100477569,100908853,100861179,100543946,100209812,100150680,100529168,100082540,100353334,100249075,100465090,100386422,100129313,100029721,100516480,100663264,100089955,100338971,100223642,100427213,100527119,100360139,100453819,100551802,100010978,100284270,100449658,100252610,100298419,100692550,100699602,100661828,100926978,100022401,100219800,100205941,100454028,100845477,100898548,100873023,100217531,100448434,100046508,100734347,100910681,100025294,100453622,100678404,100203286,100123058,100535683,100757737,100685225,100165214,100116181,100516496,100502156,100449415,100201961,100795302,100922967,100766511,100309817,100169987,100864584,100882880,100509863,100182577,100453610,100471428,100734831,100688038,100300948,100020682,100681079,100480934,100319303,100161139,100250010,100289518,100768580,100817095,100487861,100546203,100350411,100221626,100317654,100512027,100687994,100456138,100793989,100224755,100028959,100327213,100038004,100004826,100044086,100362057,100264170,100805844,100524504,100109906,100068298,100458334,100303854,100220028,100360576,100731985,100776492,100316647,100290242,100225973,100898928,100232823,100930757,100662549,100450085,100544215,100219545,100236461,100678111,100082720,100091237,100685623,100861662,100483101,100834654,100479237,100153553,100084105,100078914,100502475,100904569,100536274
100551133,100839039,100927255,100207625,100756825,100196034,100089846,100406084,100539165,100370150,100535157,100810549,100833079,100447098,100799332,100688092,100733961,100477746,100395485,100234820,100018272,100851819,100118115,100091950,100238179,100695739,100523052,100486632,100895950,100324236,100444060,100788197,100153124,100537136,100058080,100224249,100490035,100505721,100817825,100226169,100409065,100437830,100607855,100410108,100108596,100501718,100742258,100345476,100072801,100134765,100035337,100274346,100427299,100012815,100766400,100100504,100351430,100187672,100198619,100842898,100691839,100892950,100027770,100684478,100884725,100831023,100696394,100456219,100822067,100930607,100823460,100117994,100438343,100867223,100323246,100378305,100766874,100825034,100414716,100839459,100145362,100277049,100816925,100341120,100409996,100521238,100893956,100321962,100840392,100343320,100441872,100408493,100081953,100751638,100523764,100090573,100864872,100857655,100367252,100115677,100793083,100536442,100109894,100123173,100102037,100543839,100693756,100814786,100885508,100093931,100783875,100859737,100787485,100441768,100865451,100176889,100279390,100415914,100290883,100399577,100121995,100240002,100813897,100908046,100476182,100507453,100300529,100479314,100343110,100245941,100693059,100243514,100356794,100191940,100140677,100019079,100365496,100481188,100322164,100012448,100346105,100364711,100081358,100068149,100243978,100509697,100814290,100271194,100861330,100392716,100396431,100902728,100061997,100434094,100362129,100233249,100918535,100778055,100811843,100814058,100495216,100112178,100361581,100275938,100194910,100498915,100387803,100207003,100035777,100472414,100295850,100663186,100909447,100771505,100182963,100221965,100299017,100128736,100860500,100804006,100460332,100521296,100342776,100141783,100065794,100057040,100315447,100458668,100167868,100148149,100399929,100165857,100765774,100791936,100470215,100465463,100462844,100929925,100867526,100522047,100396052,100423748,100032208,100804125,100682002,100917936,100167177,100258822,100030767,100737677,100197795,100349721,100311790,100925434,100272050,100842752,100113860,100805870,100688293,100260902,100350188,100351984,100779928,100001008,100232579,100789384,100347778,100132236,100425375,100395071,100086800,100375696,100432907,100188404,100383764,100930217,100011877,100161497,100505064,100041688,100864678,100220635,100377455,100127423,100805764,100328860,100910851,100684246,100527126,100491680
100871269,100776870,100105466,100895479,100324607,100126788,100241763,100433057,100868174,100799546,100784549,100458761,100876141,100210248,100441049,100679024,100824250,100807934,100337317,100896332,100004335,100196706,100143198,100221870,100287916,100650952,100409012,100196285,100469723,100282436,100075185,100250128,100256059,100778118,100879915,100063066,100486013,100774613,100532255,100728568,100047309,100157326,100434117,100819500,100534968,100776106,100328301,100694176,100445338,100841585,100120740,100876227,100496063,100264650,100035696,100351487,100112578,100860140,100811560,100930729,100211589,100826424,100676701,100325817,100227880,100928923,100133547,100830707,100426034,100263214,100228184,100796642,100846309,100776513,100340817,100500760,100190312,100319411,100695113,100417656,100372756,100073967,100355647,100434797,100414723,100157081,100029886,100501587,100497052,100261645,100516649,100511036,100327643,100524932,100141773,100473429,100094860,100309518,100406098,100214305,100856069,100881978,100279472,100880532,100345973,100459376,100019203,100808735,100164753,100377775,100449695,100388563,100535169,100910683,100501785,100684621,100447972,100756570,100080898,100230249,100006496,100848016,100131036,100304954,100909862,100332378,100228674,100912599,100850746,100835523,100432812,100266430,100362813,100102381,100887908,100227841,100397019,100472929,100315952,100108936,100398190,100870759,100362094,100387426,100198363,100673367,100856142,100801226,100770799,100496213,100103753,100000232,100108485,100693320,100104170,100674505,100848286,100846441,100829822,100840486,100238945,100481556,100736512,100762322,100406148,100824268,100081027,100841681,100929964,100289776,100339550,100918734,100326467,100206687,100894700,100503924,100213278,100407768,100050481,100660871,100889223,100093278,100821547,100289509,100179243,100498899,100139883,100184020,100354114,100447584,100026538,100529154,100238641,100733150,100123434,100153947,100403860,100009758,100004666,100875932,100055787,100039489,100040236,100318869,100442175,100047534,100300972,100866749,100162728,100128963,100305971,100841065,100084622,100898378,100185868,100007553,100291292,100367891,100321536,100424864,100282452,100378137,100679034,100236987,100165877,100382341,100851735,100226073,100184338,100523789,100790040,100428737,100870575,100908098,100913112,100854539,100374317,100797040,100304459,100208927,100249894,100919639,100099721,100431570,100430383,100780323,100359157,100906908,100535253,100679326
