UserName,Password,Status
PTESTUSER802,MB@yNU6La2s#R^rG8p&?,A
PTESTUSER803,F!7mjs%5?$AZkupGZ4Hd,A
PTESTUSER804,A@SwU~7fybGD5&QWEA6Y,A
PTESTUSER805,~^zyZb@Pj75MJ6wTNQ>L,A
PTESTUSER806,&QB!9Tj6qu2Rk3xfY%d$,A
PTESTUSER807,d!aev%9NzUDQ+dmf&bu6,A
PTESTUSER808,r6fe!+@P~Nfc?sCD2ZqR,A
PTESTUSER809,V>WtD%au473J$9Z47+D@,A
PTESTUSER810,d+h%Y5#4&NyuWLVgqMtr,A
PTESTUSER811,KrfC^7GU++6HY!6kyU#Z,A
PTESTUSER812,$S27h&6fuaErpnK89LN9,A
PTESTUSER813,Ph8SK$rzWHX6+nZkBDqd,A
PTESTUSER814,uTmBFw%M>j8@3z$dJk?~,A
PTESTUSER815,bk>+Me?dpsXq#43P%zaK,A
PTESTUSER816,2Rq5sS3c#dHuAz2ZCwbf,A
PTESTUSER817,u$?4cMr8sPXnwBdDSzH%,A
PTESTUSER818,w#PF4ez7j42?$RqaNHYE,A
PTESTUSER819,P+?!uf&xqFrCw6Gb%Q5~,A
PTESTUSER820,36VW!~Cbthb#v6cuzDYC,A
PTESTUSER821,uxnV7UeYsKCWq^GB4hj^,A
PTESTUSER822,PDGat?~w%QZTA$!eJc9W,A
PTESTUSER823,V8udH9BLSxNP%UY&^TcF,A
PTESTUSER824,gHvTZqQ5^B9~ztRDC$Lq,A
PTESTUSER825,G+c8D$7LRpMr&N?wZtV5,A
PTESTUSER826,2u7FU4#ycTP!LKWY3a>?,A
PTESTUSER827,64u#yFN?acd#Trz?>fVN,A
PTESTUSER828,4m%MXr#8BwELQbCvNED@,A
PTESTUSER829,HP>u4R^p>5CfX9Df!N@Y,A
PTESTUSER830,ksavPA^&7TDYp3@LuK6S,A
PTESTUSER831,45U@xJjRy9s8QMzQrD+4,A
PTESTUSER832,Mwv%4ar5q85&+WX!QAsf,A
PTESTUSER833,EM7#&&Vr26RQDa85^c@Q,A
PTESTUSER801,>7%Ldkmp^H#KXhYF3y#K,A
PTESTUSER802,MB@yNU6La2s#R^rG8p&?,W
PTESTUSER803,F!7mjs%5?$AZkupGZ4Hd,W
PTESTUSER804,A@SwU~7fybGD5&QWEA6Y,W
PTESTUSER805,~^zyZb@Pj75MJ6wTNQ>L,W
PTESTUSER806,&QB!9Tj6qu2Rk3xfY%d$,W
PTESTUSER807,d!aev%9NzUDQ+dmf&bu6,W
PTESTUSER808,r6fe!+@P~Nfc?sCD2ZqR,W
PTESTUSER809,V>WtD%au473J$9Z47+D@,W
PTESTUSER810,d+h%Y5#4&NyuWLVgqMtr,W
PTESTUSER811,KrfC^7GU++6HY!6kyU#Z,W
PTESTUSER812,$S27h&6fuaErpnK89LN9,W
PTESTUSER813,Ph8SK$rzWHX6+nZkBDqd,W
PTESTUSER814,uTmBFw%M>j8@3z$dJk?~,W
PTESTUSER815,bk>+Me?dpsXq#43P%zaK,W
PTESTUSER816,2Rq5sS3c#dHuAz2ZCwbf,W
PTESTUSER817,u$?4cMr8sPXnwBdDSzH%,W
PTESTUSER818,w#PF4ez7j42?$RqaNHYE,W
PTESTUSER819,P+?!uf&xqFrCw6Gb%Q5~,W
PTESTUSER820,36VW!~Cbthb#v6cuzDYC,W
PTESTUSER821,uxnV7UeYsKCWq^GB4hj^,W
PTESTUSER822,PDGat?~w%QZTA$!eJc9W,W
PTESTUSER823,V8udH9BLSxNP%UY&^TcF,W
PTESTUSER824,gHvTZqQ5^B9~ztRDC$Lq,W
PTESTUSER825,G+c8D$7LRpMr&N?wZtV5,W
PTESTUSER826,2u7FU4#ycTP!LKWY3a>?,W
PTESTUSER827,64u#yFN?acd#Trz?>fVN,W
PTESTUSER828,4m%MXr#8BwELQbCvNED@,W
PTESTUSER829,HP>u4R^p>5CfX9Df!N@Y,W
PTESTUSER830,ksavPA^&7TDYp3@LuK6S,W
PTESTUSER831,45U@xJjRy9s8QMzQrD+4,W
PTESTUSER832,Mwv%4ar5q85&+WX!QAsf,W
PTESTUSER833,EM7#&&Vr26RQDa85^c@Q,W
PTESTUSER801,>7%Ldkmp^H#KXhYF3y#K,W