UserName,Password,date
PTESTUSER805,~^zyZb@Pj75MJ6wTNQ>L,03/03/2022
PTESTUSER806,&QB!9Tj6qu2Rk3xfY%d$,04/03/2022
PTESTUSER807,d!aev%9NzUDQ+dmf&bu6,05/03/2022
PTESTUSER808,r6fe!+@P~Nfc?sCD2ZqR,06/03/2022
PTESTUSER809,V>WtD%au473J$9Z47+D@,07/03/2022
PTESTUSER810,d+h%Y5#4&NyuWLVgqMtr,08/03/2022
PTESTUSER811,KrfC^7GU++6HY!6kyU#Z,09/03/2022
PTESTUSER812,$S27h&6fuaErpnK89LN9,10/03/2022
PTESTUSER813,Ph8SK$rzWHX6+nZkBDqd,11/03/2022
PTESTUSER814,uTmBFw%M>j8@3z$dJk?~,12/03/2022
PTESTUSER815,bk>+Me?dpsXq#43P%zaK,13/03/2022
PTESTUSER816,2Rq5sS3c#dHuAz2ZCwbf,14/03/2022
PTESTUSER817,u$?4cMr8sPXnwBdDSzH%,15/03/2022
PTESTUSER818,w#PF4ez7j42?$RqaNHYE,16/03/2022
PTESTUSER819,P+?!uf&xqFrCw6Gb%Q5~,17/03/2022
PTESTUSER820,36VW!~Cbthb#v6cuzDYC,18/03/2022
PTESTUSER821,uxnV7UeYsKCWq^GB4hj^,19/03/2022
PTESTUSER822,PDGat?~w%QZTA$!eJc9W,20/03/2022
PTESTUSER823,V8udH9BLSxNP%UY&^TcF,21/03/2022
PTESTUSER824,gHvTZqQ5^B9~ztRDC$Lq,22/03/2022
PTESTUSER825,G+c8D$7LRpMr&N?wZtV5,23/03/2022
PTESTUSER826,2u7FU4#ycTP!LKWY3a>?,24/03/2022
PTESTUSER827,64u#yFN?acd#Trz?>fVN,25/03/2022
PTESTUSER828,4m%MXr#8BwELQbCvNED@,26/03/2022
PTESTUSER829,HP>u4R^p>5CfX9Df!N@Y,27/03/2022
PTESTUSER830,ksavPA^&7TDYp3@LuK6S,28/03/2022
PTESTUSER831,45U@xJjRy9s8QMzQrD+4,29/03/2022
PTESTUSER832,Mwv%4ar5q85&+WX!QAsf,30/03/2022
PTESTUSER833,EM7#&&Vr26RQDa85^c@Q,31/03/2022
PTESTUSER801,>7%Ldkmp^H#KXhYF3y#K,01/04/2022
PTESTUSER802,MB@yNU6La2s#R^rG8p&?,02/04/2022
PTESTUSER803,F!7mjs%5?$AZkupGZ4Hd,03/04/2022
PTESTUSER804,A@SwU~7fybGD5&QWEA6Y,04/04/2022
PTESTUSER805,~^zyZb@Pj75MJ6wTNQ>L,05/04/2022
PTESTUSER806,&QB!9Tj6qu2Rk3xfY%d$,06/04/2022
PTESTUSER807,d!aev%9NzUDQ+dmf&bu6,07/04/2022
PTESTUSER808,r6fe!+@P~Nfc?sCD2ZqR,08/04/2022
PTESTUSER809,V>WtD%au473J$9Z47+D@,09/04/2022
PTESTUSER810,d+h%Y5#4&NyuWLVgqMtr,10/04/2022
PTESTUSER811,KrfC^7GU++6HY!6kyU#Z,11/04/2022
PTESTUSER812,$S27h&6fuaErpnK89LN9,12/04/2022
PTESTUSER813,Ph8SK$rzWHX6+nZkBDqd,13/04/2022
PTESTUSER814,uTmBFw%M>j8@3z$dJk?~,14/04/2022
PTESTUSER815,bk>+Me?dpsXq#43P%zaK,15/04/2022
PTESTUSER816,2Rq5sS3c#dHuAz2ZCwbf,16/04/2022
PTESTUSER817,u$?4cMr8sPXnwBdDSzH%,17/04/2022
PTESTUSER818,w#PF4ez7j42?$RqaNHYE,18/04/2022
PTESTUSER819,P+?!uf&xqFrCw6Gb%Q5~,19/04/2022
PTESTUSER820,36VW!~Cbthb#v6cuzDYC,20/04/2022
PTESTUSER821,uxnV7UeYsKCWq^GB4hj^,21/04/2022
PTESTUSER822,PDGat?~w%QZTA$!eJc9W,22/04/2022
PTESTUSER823,V8udH9BLSxNP%UY&^TcF,23/04/2022
PTESTUSER824,gHvTZqQ5^B9~ztRDC$Lq,24/04/2022
PTESTUSER825,G+c8D$7LRpMr&N?wZtV5,25/04/2022
PTESTUSER826,2u7FU4#ycTP!LKWY3a>?,26/04/2022
PTESTUSER827,64u#yFN?acd#Trz?>fVN,27/04/2022
PTESTUSER828,4m%MXr#8BwELQbCvNED@,28/04/2022
PTESTUSER829,HP>u4R^p>5CfX9Df!N@Y,29/04/2022
PTESTUSER830,ksavPA^&7TDYp3@LuK6S,30/04/2022
PTESTUSER831,45U@xJjRy9s8QMzQrD+4,01/05/2022
PTESTUSER832,Mwv%4ar5q85&+WX!QAsf,02/05/2022
PTESTUSER833,EM7#&&Vr26RQDa85^c@Q,03/05/2022
PTESTUSER801,>7%Ldkmp^H#KXhYF3y#K,04/05/2022
PTESTUSER803,F!7mjs%5?$AZkupGZ4Hd,01/03/2022
PTESTUSER802,MB@yNU6La2s#R^rG8p&?,28/02/2022
PTESTUSER804,A@SwU~7fybGD5&QWEA6Y,02/03/2022