Buying Group ID,PO Number,ASN Handover Date,OVERRIDE IND
421,500035571215,15/01/2026,
421,500035571216,15/01/2026,
421,500035571211,15/01/2026,
421,500035571212,15/01/2026,
421,500035571213,15/01/2026,
421,500035571208,15/01/2026,
421,500035571209,15/01/2026,
421,500035571210,15/01/2026,
421,500035571196,15/01/2026,
421,500035571197,15/01/2026,
421,500035571198,15/01/2026,
421,500035571178,15/01/2026,
421,500035571179,15/01/2026,
421,500035571180,15/01/2026,
421,500035571193,15/01/2026,
421,500035571194,15/01/2026,
421,500035571195,15/01/2026,
421,500035571181,15/01/2026,
421,500035571182,15/01/2026,
421,500035571183,15/01/2026,
421,500035571190,15/01/2026,
421,500035571191,15/01/2026,
421,500035571192,15/01/2026,
421,500035571175,15/01/2026,
421,500035571176,15/01/2026,
421,500035571177,15/01/2026,
421,500035571187,15/01/2026,
421,500035571188,15/01/2026,
421,500035571189,15/01/2026,
421,500035571184,15/01/2026,
421,500035571185,15/01/2026,
421,500035571186,15/01/2026,
421,500035571172,15/01/2026,
421,500035571173,15/01/2026,
421,500035571174,15/01/2026,
421,500035571166,15/01/2026,
421,500035571167,15/01/2026,
421,500035571168,15/01/2026,
421,500035571169,15/01/2026,
421,500035571170,15/01/2026,
421,500035571171,15/01/2026,
421,500035571157,15/01/2026,
421,500035571158,15/01/2026,
421,500035571159,15/01/2026,
421,500035571163,15/01/2026,
421,500035571164,15/01/2026,
421,500035571165,15/01/2026,
421,500035571154,15/01/2026,
421,500035571155,15/01/2026,
421,500035571156,15/01/2026,
421,500035571160,15/01/2026,
421,500035571161,15/01/2026,
421,500035571162,15/01/2026,
421,500035571148,15/01/2026,
421,500035571149,15/01/2026,
421,500035571150,15/01/2026,
421,500035571151,15/01/2026,
421,500035571152,15/01/2026,
421,500035571153,15/01/2026,
421,500035571145,15/01/2026,
421,500035571146,15/01/2026,
421,500035571147,15/01/2026,
421,500035571136,15/01/2026,
421,500035571137,15/01/2026,
421,500035571138,15/01/2026,
421,500035571139,15/01/2026,
421,500035571140,15/01/2026,
421,500035571141,15/01/2026,
421,500035571142,15/01/2026,
421,500035571143,15/01/2026,
421,500035571144,15/01/2026,
421,500035571124,15/01/2026,
421,500035571125,15/01/2026,
421,500035571126,15/01/2026,
421,500035571130,15/01/2026,
421,500035571131,15/01/2026,
421,500035571132,15/01/2026,
421,500035571133,15/01/2026,
421,500035571134,15/01/2026,
421,500035571135,15/01/2026,
421,500035571127,15/01/2026,
421,500035571128,15/01/2026,
421,500035571129,15/01/2026,
421,500035571106,15/01/2026,
421,500035571107,15/01/2026,
421,500035571108,15/01/2026,
421,500035571121,15/01/2026,
421,500035571122,15/01/2026,
421,500035571123,15/01/2026,
421,500035571118,15/01/2026,
421,500035571119,15/01/2026,
421,500035571120,15/01/2026,
421,500035571115,15/01/2026,
421,500035571116,15/01/2026,
421,500035571117,15/01/2026,
421,500035571109,15/01/2026,
421,500035571110,15/01/2026,
421,500035571111,15/01/2026,
421,500035571112,15/01/2026,
421,500035571113,15/01/2026,