Division,Product Group,Catergory,Subcategory,BusinessModel,BuyingGroup,BuyingSubGroup,BuyingSet
0,6,6,0,19,1,1,13,498
0,1,18,2,24,2,0,10,498
0,4,9,0,14,3,3,2,498
0,2,12,2,27,1,2,8,498
1,9,0,10,25,1,0,21,497
0,12,13,1,30,19,1,6,497
0,2,3,1,30,8,0,20,496
1,7,5,1,22,0,0,3,495
0,13,1,0,27,1,2,8,494
2,3,4,0,23,0,0,21,493
0,5,10,0,28,1,0,6,493
0,6,6,0,29,5,1,2,493
1,5,3,7,36,4,0,13,493
0,5,8,0,29,2,1,7,492
1,2,10,4,25,4,0,4,491
1,1,1,9,24,0,0,3,490
0,5,5,0,27,0,0,8,490
0,6,11,0,18,1,1,71,490
0,5,5,0,13,1,4,13,490
0,4,5,0,35,3,2,18,489
1,12,3,0,26,0,0,3,489
0,13,0,0,30,13,3,4,488
0,11,1,0,30,5,5,12,487
0,11,1,0,27,0,0,6,486
0,10,1,1,13,0,4,27,484
0,2,5,5,30,10,0,1,484
1,8,0,0,13,1,0,75,483
0,13,4,0,14,6,1,134,483
0,6,7,0,24,2,0,13,483
0,13,2,1,30,13,0,5,482
0,12,3,1,29,2,2,0,482
0,6,7,0,19,1,1,13,481
0,6,11,0,24,2,0,17,480
1,3,5,11,25,1,0,19,480
0,2,11,2,30,17,0,2,479
1,5,3,4,25,9,0,5,479
1,3,5,6,25,1,0,13,478
1,11,6,4,13,2,0,332,477
0,11,2,0,15,1,2,1,476
1,5,3,2,25,9,0,5,475
2,3,1,2,32,0,0,18,475
1,9,6,5,25,1,0,17,475
0,6,11,0,24,2,0,10,475
1,5,2,4,25,5,0,6,474
1,9,0,9,25,1,0,19,474
1,9,2,0,31,0,0,6,473
0,5,10,0,24,3,2,1,473
0,2,12,0,30,17,0,7,473
0,15,4,1,30,20,0,9,473
0,3,14,2,30,1,0,1,472
0,3,13,2,29,3,1,0,471
0,13,0,0,27,1,2,13,470
1,0,0,7,24,0,0,3,470
1,9,6,12,24,0,0,3,470
0,3,1,0,21,1,1,54,469
1,5,5,5,25,2,0,9,469
1,7,11,4,25,8,0,0,468
0,1,18,5,24,2,0,4,468
1,3,0,7,25,1,0,13,468
1,4,0,7,27,2,0,14,468
1,5,2,7,26,0,0,6,468
1,1,1,4,36,1,0,0,468
0,4,12,0,14,3,2,131,467
2,1,2,4,23,0,0,0,467
1,8,2,0,24,0,0,7,467
0,10,4,0,30,12,0,2,467
1,8,1,2,25,11,3,2,465
1,5,3,4,26,0,0,3,465
0,15,4,1,37,1,0,3,465
1,5,3,7,13,1,0,3,464
0,12,3,2,29,2,2,0,463
1,5,2,7,24,0,0,10,462
1,12,5,7,14,4,0,0,462
0,4,30,2,14,2,2,19,462
0,9,7,0,30,11,2,8,462
0,4,6,0,14,2,2,11,461
1,5,3,7,21,0,3,3,459
0,4,27,1,14,3,2,161,459
0,2,3,1,30,8,0,24,458
1,5,3,7,34,0,0,1,458
0,1,18,0,26,1,1,3,458
0,2,11,2,30,17,0,16,457
0,2,5,4,30,10,1,11,456
0,3,13,2,30,1,0,1,456
1,11,16,7,25,13,0,4,456
0,6,8,0,28,1,0,6,456
1,2,10,5,19,0,0,19,456
0,13,0,0,14,6,2,123,456
1,9,1,4,25,6,0,8,455
0,1,7,5,15,1,2,1,454
1,3,8,11,25,1,0,23,454
1,11,6,4,36,9,0,10,453
1,2,10,5,14,3,0,41,453
1,3,6,7,25,1,0,13,452
0,6,8,0,29,5,1,2,452
2,3,2,4,23,0,0,3,451
0,2,12,2,27,1,2,13,451
0,1,7,5,26,1,1,7,450
0,6,3,0,30,3,2,12,450
2,3,0,2,23,0,0,23,450
2,3,0,2,32,0,0,91,450
0,6,7,0,24,2,0,12,449
1,11,6,4,27,2,0,19,449
1,3,0,7,25,1,0,29,449
0,13,2,1,30,13,6,3,449
0,12,7,4,30,10,0,10,448
0,4,27,1,14,2,2,24,448
0,6,11,0,26,1,1,3,448
1,5,3,7,21,0,4,70,446
1,6,1,7,24,0,0,10,446
1,2,3,1,14,2,0,40,445
0,14,0,0,24,2,0,10,445
1,11,6,2,21,0,2,19,444
0,1,6,2,31,1,1,5,444
1,2,10,5,14,2,0,89,444
1,2,10,5,13,1,0,75,444
0,13,1,0,13,1,4,9,444
1,10,4,0,24,0,0,3,443
0,13,2,1,35,4,2,116,443
1,0,8,12,25,17,0,55,443
0,4,13,0,27,1,2,13,442
0,13,2,1,14,6,4,7,442
0,4,12,0,14,3,2,13,441
0,9,17,0,29,7,0,0,441
1,8,0,1,24,0,0,7,441
1,10,4,0,14,6,0,12,441
0,15,6,0,27,1,2,13,440
0,13,1,0,14,6,2,130,440
1,12,0,1,13,1,0,75,440
0,14,19,0,27,0,0,6,440
1,11,6,4,24,0,0,10,440
1,8,0,0,25,11,3,4,440
2,3,0,0,32,0,0,142,439
0,0,7,9,30,2,5,0,439
0,6,8,0,24,2,0,12,439
0,2,12,1,27,1,2,8,437
1,1,0,6,24,0,0,3,437
1,10,4,0,13,1,0,75,436
1,1,0,4,36,1,0,0,435
0,2,2,1,30,17,0,6,434
1,5,5,4,25,9,0,1,434
1,5,3,7,19,0,0,9,434
1,3,6,5,24,0,0,3,433
0,6,7,0,26,1,1,5,433
0,10,5,0,30,12,2,8,433
1,9,1,9,26,0,0,1,433
0,7,3,0,30,5,1,5,432
1,8,0,1,24,0,0,3,432
1,2,11,2,22,0,0,5,432
0,6,1,0,21,1,14,264,432
0,1,6,2,30,3,6,7,431
0,6,7,0,22,1,1,4,430
1,10,4,0,14,6,0,1,430
0,6,3,0,27,0,0,8,429
0,6,11,0,30,3,5,2,429
1,2,3,1,14,3,0,42,428
2,3,0,2,32,0,0,145,428
0,13,1,0,14,6,2,0,428
1,5,3,4,25,2,0,10,427
1,11,6,5,36,9,0,14,427
0,4,5,0,35,3,1,121,426
1,8,3,0,36,7,0,0,426
1,2,10,5,26,0,0,3,425
0,9,2,0,14,4,2,62,425
0,13,2,1,14,6,1,134,424
0,3,2,2,30,18,3,12,424
0,2,11,1,30,17,3,14,424
0,15,3,1,27,1,2,8,424
0,1,7,0,29,10,2,1,424
2,3,1,2,32,0,0,26,424
1,1,2,8,25,1,0,24,424
0,6,7,0,38,0,0,3,423
1,11,6,4,21,0,2,6,423
1,5,3,7,34,0,0,6,423
0,15,3,1,27,0,0,8,423
0,8,0,0,29,6,0,0,423
0,1,25,0,29,10,2,1,422
0,6,8,0,27,0,0,6,421
1,8,1,2,24,0,0,7,421
1,5,3,4,25,2,0,2,421
1,3,5,7,25,1,0,13,420
2,3,0,1,32,0,0,26,420
1,5,5,2,25,9,0,2,420
1,1,1,2,36,1,0,3,420
1,5,3,7,13,0,0,35,419
0,6,1,0,38,0,0,3,419
1,0,8,12,25,17,0,28,418
0,9,17,0,14,4,6,7,418
0,9,0,0,30,11,1,8,418
1,4,0,7,22,0,0,3,417
0,4,20,1,34,1,1,3,417
0,9,17,0,14,4,3,109,417
1,8,0,0,25,11,3,5,417
0,14,9,6,30,14,1,18,416
0,13,1,0,28,1,0,1,416
1,0,0,7,25,0,0,2,416
0,3,2,1,30,9,1,8,416
1,7,9,0,25,8,0,2,416
0,5,2,0,30,5,0,4,415
1,5,3,7,37,0,0,3,415
1,5,5,7,26,0,0,4,415
0,13,1,0,14,6,2,72,415
0,1,18,6,21,1,14,65,414
1,5,3,7,13,1,0,31,414
1,9,6,13,24,0,0,7,414
1,5,3,7,28,0,0,5,414
1,5,3,7,13,2,0,181,414
0,4,9,0,14,3,2,133,413
2,5,4,7,33,0,0,140,413
0,13,1,0,14,6,2,97,413
1,7,5,2,19,0,0,20,413
1,4,1,7,24,0,0,7,411
2,3,0,1,32,0,0,142,410
1,11,5,0,21,0,2,15,410
1,12,5,1,14,4,0,2,410
1,11,6,4,21,0,2,19,409
1,5,3,7,21,0,5,15,409
1,5,5,7,15,0,0,2,409
0,11,6,0,30,4,1,6,408
0,3,1,0,30,18,0,3,408
0,3,13,0,39,0,0,0,408
0,12,13,2,30,19,1,6,408
2,3,2,2,23,0,0,21,407
1,8,3,0,24,0,0,10,407
0,14,19,0,27,0,0,0,406
0,9,13,1,14,4,3,119,405
2,3,2,4,32,0,0,26,405
1,2,11,3,35,2,1,183,405
1,2,0,0,25,4,0,11,404
1,2,11,3,22,0,0,4,404
1,5,3,4,25,2,0,5,404
0,13,1,0,14,6,2,123,402
0,11,1,0,38,0,0,3,402
1,3,6,4,24,0,0,7,401
0,8,7,3,38,0,0,3,401
0,15,7,0,39,0,0,4,400
0,13,1,0,24,3,2,3,400
0,10,1,1,27,0,0,6,400
1,2,10,5,18,0,0,44,399
1,9,6,11,15,0,0,2,399
1,3,6,11,24,0,0,7,398
1,5,3,7,13,0,0,19,397
1,9,6,13,22,0,0,3,396
0,10,1,1,26,1,1,7,396
1,2,2,1,14,2,0,40,396
1,11,5,0,24,0,0,10,396
1,3,5,1,36,2,0,5,395
0,4,6,0,14,2,2,10,395
1,10,4,0,24,0,0,7,395
0,9,13,1,14,4,3,163,395
1,4,4,6,21,0,5,14,395
0,9,7,0,35,4,0,79,394
1,8,3,1,25,11,3,12,394
1,5,3,7,19,0,0,120,394
0,6,11,0,22,1,1,5,394
0,8,1,2,27,1,2,8,393
0,5,8,0,30,5,5,12,393
1,12,5,7,26,0,0,3,392
0,14,19,0,38,0,0,1,392
0,2,12,0,30,17,0,12,392
0,4,9,0,14,3,2,161,392
1,7,2,4,24,0,0,3,391
0,10,20,1,29,10,2,1,391
1,5,3,7,19,0,0,35,391
0,3,0,0,30,0,0,5,391
0,8,1,2,24,2,0,4,390
0,2,12,0,38,0,0,3,390
0,4,11,0,35,3,1,121,390
1,5,3,7,26,0,0,5,390
1,3,6,11,24,0,0,3,389
1,12,5,7,13,1,0,75,389
0,9,14,0,14,4,3,173,388
0,4,10,0,14,3,2,131,388
0,9,17,0,14,4,3,19,388
0,3,14,1,30,18,0,11,387
1,3,8,7,24,0,0,3,387
1,5,3,7,13,0,0,5,385
0,11,1,0,27,0,0,8,385
1,8,8,7,25,11,3,0,385
0,6,7,0,19,1,1,14,385
0,2,12,2,16,0,1,252,384
0,13,2,1,19,1,1,91,384
1,3,5,1,28,0,0,2,384
0,3,1,0,16,1,2,185,384
0,6,1,0,30,7,1,9,383
1,6,1,7,24,0,0,7,383
0,6,3,0,26,1,1,10,382
0,14,19,0,27,0,0,8,381
0,13,1,0,35,4,2,82,381
0,8,7,3,30,10,0,4,381
0,6,6,0,16,0,1,42,381
0,1,18,0,27,0,0,8,381
1,3,4,3,25,1,0,13,381
0,6,7,0,27,1,2,8,380
0,5,2,0,24,2,0,10,380
1,2,11,3,13,0,0,28,380
0,6,6,0,30,3,5,17,380
1,3,6,6,13,1,0,48,379
1,11,6,2,21,0,2,15,379
0,12,13,2,30,19,1,10,379
0,2,11,1,30,17,0,2,378
0,13,0,0,14,6,2,35,378
1,1,0,7,24,0,0,0,378
1,4,1,7,22,0,0,0,378
1,1,3,2,25,1,0,6,378
2,3,0,5,23,0,0,21,378
0,4,6,0,29,4,0,0,377
0,1,18,6,24,2,0,10,377
1,2,2,1,14,2,0,169,377
0,8,0,0,24,2,0,17,377
1,9,1,5,36,4,0,8,376
0,2,12,1,30,17,0,2,376
0,3,13,0,29,3,1,0,376
0,5,8,0,30,5,4,7,375
0,6,8,0,38,0,0,0,375
1,5,5,2,25,9,0,5,373
0,11,2,0,31,1,1,6,373
2,3,0,1,23,0,0,23,373
1,5,3,4,13,1,0,75,373
0,2,5,7,38,0,0,3,372
1,5,3,4,36,4,0,10,372
1,5,3,7,13,2,0,4,372
0,13,1,0,14,6,2,171,372
0,3,13,2,21,1,14,116,372
1,2,3,1,14,3,0,38,371
0,15,13,0,30,20,0,6,370
1,5,3,7,21,0,4,2,370
0,9,17,0,31,1,1,6,370
0,15,3,1,24,2,0,17,369
0,3,13,0,30,18,4,16,368
0,2,3,1,30,8,0,26,368
0,5,8,0,27,0,0,8,368
0,10,9,0,30,12,2,8,368
0,14,19,0,24,2,0,17,367
0,6,11,0,30,3,4,2,367
1,8,0,0,13,2,0,59,366
1,3,0,7,24,0,0,3,366
0,15,3,1,27,1,2,13,366
0,8,1,2,30,10,3,11,366
0,2,12,1,30,17,3,3,366
0,13,0,0,14,6,2,130,365
0,13,1,0,14,6,2,80,364
0,2,3,1,30,8,3,3,364
0,10,1,1,24,2,0,8,363
1,5,5,5,25,9,0,5,363
0,6,6,0,26,1,1,1,363
1,1,2,2,24,0,0,3,363
0,6,3,0,27,1,2,8,362
1,5,5,7,26,0,0,10,362
1,5,3,4,36,4,0,12,362
0,1,7,5,18,1,1,71,361
0,13,1,0,24,2,0,12,360
0,14,0,0,30,14,4,11,360
0,13,1,0,29,9,3,0,360
0,9,17,0,14,4,2,125,360
0,14,0,0,30,14,3,11,360
0,3,14,1,16,1,2,113,360
1,9,6,12,21,0,4,75,360
0,5,10,0,30,5,5,12,359
0,15,4,1,39,0,0,4,359
0,5,10,0,30,5,0,4,358
1,5,5,4,25,9,0,5,358
1,5,2,7,24,0,0,7,357
0,13,1,0,14,6,2,23,357
1,1,2,7,25,1,0,23,357
1,2,11,3,19,0,0,20,357
0,5,8,0,13,1,4,13,357
0,6,2,0,30,7,1,7,356
1,9,6,13,31,0,0,7,356
1,3,3,3,25,1,0,17,356
1,3,6,4,24,0,0,3,356
0,14,0,0,30,14,5,22,356
1,12,0,1,14,4,0,7,356
1,6,1,7,21,0,4,15,355
0,5,5,0,29,2,2,5,355
1,5,3,5,25,9,0,2,355
0,2,3,2,30,8,0,9,355
1,1,1,2,34,0,0,2,355
0,9,17,0,34,1,1,2,355
0,1,21,0,24,2,0,4,355
1,5,3,7,13,2,0,141,354
1,4,0,7,34,0,0,2,354
0,13,1,0,14,6,4,16,354
0,2,12,2,30,17,0,12,353
1,10,4,0,14,6,0,0,353
0,6,3,0,24,2,0,10,353
2,3,0,1,32,0,0,110,352
2,3,4,1,32,0,0,26,351
0,9,14,0,14,4,3,46,350
0,3,13,2,30,18,0,19,350
0,8,1,2,27,0,0,6,350
1,2,0,7,14,2,0,75,350
0,4,12,0,14,3,2,161,350
0,6,6,0,13,1,4,24,349
1,3,3,12,25,1,0,17,349
1,5,5,5,25,9,0,4,349
0,3,13,0,16,1,2,228,348
0,14,19,0,27,1,2,13,348
1,5,3,4,13,2,0,136,348
2,3,0,2,23,0,0,31,348
0,3,1,0,16,1,2,228,348
1,4,1,7,24,0,0,3,347
0,6,8,0,26,1,1,3,347
0,6,8,0,16,0,1,235,347
0,3,5,1,21,1,1,92,347
0,8,1,2,24,3,2,3,347
0,10,1,1,22,1,1,7,347
1,9,6,12,36,8,0,6,346
1,5,3,6,34,0,0,2,346
0,6,7,0,34,1,1,2,346
1,3,5,3,25,1,0,13,345
0,13,1,0,30,13,0,5,344
1,3,0,7,24,0,0,7,344
0,1,6,2,22,1,1,5,344
1,5,3,5,13,0,0,4,344
0,4,5,0,14,2,2,43,343
0,14,19,0,38,0,0,5,343
0,13,2,1,27,1,2,13,343
1,5,3,7,25,9,0,2,343
0,2,11,1,30,17,4,3,343
0,10,5,0,30,12,3,8,343
1,2,11,3,13,0,0,35,343
1,6,1,7,21,0,4,75,342
2,5,4,0,33,0,0,38,342
1,11,6,2,24,0,0,10,341
0,2,5,5,30,10,2,11,340
1,3,5,4,24,0,0,3,339
0,2,5,4,30,10,4,13,339
2,1,2,3,23,0,0,0,339
1,12,3,0,26,0,0,10,339
1,3,0,6,25,1,0,13,339
0,13,2,1,14,6,2,142,338
1,12,3,0,24,0,0,3,338
0,4,25,1,14,2,2,46,338
0,1,18,0,24,2,0,5,338
0,5,2,0,30,5,5,12,337
1,9,0,4,25,1,0,17,337
0,5,2,0,30,5,4,7,337
0,2,3,1,29,1,1,0,337
0,4,3,0,27,0,0,8,336
0,4,3,0,14,3,2,131,336
0,14,19,0,30,14,1,18,336
0,8,1,2,30,10,4,13,336
0,4,10,0,14,3,3,5,336
1,5,2,2,25,5,0,10,336
1,5,3,2,25,9,0,0,336
1,2,3,1,14,3,0,20,336
1,9,1,9,24,0,0,7,336
1,7,19,0,19,0,0,20,336
0,9,7,0,30,11,5,14,336
0,1,18,6,30,4,0,6,336
1,4,1,7,18,0,0,44,336
0,10,12,1,30,12,0,9,336
0,13,1,0,14,6,2,64,336
0,4,12,0,14,3,2,133,335
0,3,13,0,30,18,3,12,335
1,5,3,7,25,2,0,9,335
0,2,12,1,38,0,0,3,335
1,3,0,1,25,1,0,29,335
0,13,1,0,24,2,0,8,334
1,11,0,0,13,2,0,276,334
1,4,1,8,25,19,0,0,334
2,1,2,3,23,0,0,4,334
0,8,1,2,38,0,0,3,334
0,1,7,5,17,1,2,0,333
1,2,0,4,24,0,0,3,333
1,11,6,2,36,9,0,7,333
1,5,3,7,13,1,0,67,333
1,2,10,5,14,2,0,34,332
0,6,3,0,15,1,2,1,332
0,5,10,0,38,0,0,0,331
1,5,5,7,25,9,0,5,331
1,1,1,9,24,0,0,7,331
0,4,3,0,14,3,2,161,331
0,3,1,0,16,1,4,37,330
0,4,6,0,35,3,1,121,330
0,5,8,0,21,1,14,179,330
0,11,2,0,34,1,1,1,330
1,2,11,3,35,2,1,118,330
0,2,5,7,38,0,0,0,329
1,3,10,6,24,0,0,3,329
0,4,10,0,14,3,2,133,329
1,5,3,7,21,0,4,27,329
0,4,11,0,27,1,2,13,329
0,10,1,1,30,5,1,5,329
0,15,4,1,30,1,0,0,328
1,5,3,2,25,9,0,2,328
0,2,11,2,39,0,0,4,328
0,2,11,2,30,17,2,3,328
1,10,4,0,36,8,0,4,327
1,5,3,7,25,2,0,10,327
0,1,18,0,24,2,0,17,327
0,11,8,2,18,1,1,71,326
0,10,5,0,27,1,2,8,326
0,4,10,0,14,3,3,4,326
0,2,11,2,38,0,0,3,326
0,3,1,0,21,1,13,11,326
0,6,11,0,31,1,1,5,325
0,2,5,4,30,10,3,11,325
0,14,0,0,24,2,0,17,325
1,5,2,7,21,0,4,31,325
0,13,1,0,24,3,2,4,324
0,6,6,0,26,1,1,10,324
0,4,10,0,14,3,2,66,324
1,11,5,0,13,2,0,276,324
0,12,13,2,39,0,0,4,323
0,13,4,0,30,13,5,5,323
0,13,2,1,14,6,1,93,323
1,5,2,2,25,9,0,1,322
0,13,0,0,14,6,2,25,322
0,9,7,0,29,7,0,0,322
2,1,2,4,23,0,0,4,322
0,4,12,0,14,3,3,1,322
0,5,3,0,30,5,0,4,321
1,3,3,7,25,1,0,13,321
1,7,0,0,36,6,0,1,321
0,3,13,0,30,0,0,14,321
0,4,6,0,27,1,2,8,320
0,5,3,0,38,0,0,3,320
0,2,12,1,30,17,0,1,320
0,1,6,2,30,3,5,7,320
0,6,11,0,30,3,6,2,320
0,6,8,0,27,0,0,8,320
0,11,8,2,30,4,4,6,320
0,1,24,0,27,1,2,8,319
1,11,6,2,25,13,0,1,319
0,2,5,4,27,1,2,8,319
0,10,12,1,22,1,1,5,319
0,9,17,0,14,4,3,76,318
0,4,27,1,35,3,1,232,318
0,1,7,0,18,1,1,71,318
0,6,7,0,31,1,1,6,318
0,4,3,0,14,3,3,2,318
0,9,17,0,14,4,2,107,318
0,15,6,0,27,1,2,8,317
1,11,6,5,25,13,0,4,317
1,5,0,7,19,0,0,20,317
0,0,0,16,30,2,0,12,317
0,7,14,0,29,1,1,0,316
1,2,10,5,25,4,0,10,315
1,2,10,4,25,4,0,10,315
0,4,12,0,14,3,3,4,315
1,5,5,2,25,2,0,8,315
1,11,16,7,25,13,0,8,315
0,14,19,0,24,2,0,5,315
0,1,7,0,29,10,6,0,315
0,13,2,1,29,9,4,0,315
0,6,11,0,28,1,0,1,314
1,5,2,7,13,1,0,0,314
2,3,4,0,23,0,0,23,314
1,4,1,7,13,2,0,59,314
1,5,3,7,19,0,0,85,313
0,14,0,0,38,0,0,3,313
0,9,15,0,14,4,3,173,313
0,2,3,1,24,2,1,1,313
0,4,3,0,14,3,2,66,312
0,6,7,0,30,3,2,0,312
0,6,7,0,15,1,2,1,312
0,2,2,0,30,17,0,6,312
0,1,6,2,30,3,4,7,312
0,13,1,0,38,0,0,1,312
0,13,1,0,28,1,0,4,312
0,2,11,1,30,17,3,10,312
0,3,13,2,39,0,0,4,311
0,13,1,0,24,3,2,0,311
0,14,19,0,16,2,0,0,310
0,6,6,0,34,1,1,2,310
1,5,3,7,19,0,0,52,310
0,5,10,0,29,2,2,8,310
0,6,11,0,30,3,3,2,310
1,8,0,0,13,2,0,120,310
1,3,8,12,25,1,0,23,310
0,6,7,0,26,1,1,7,309
1,2,10,4,14,2,0,40,309
0,9,4,0,30,11,0,5,308
0,4,9,0,29,4,0,0,308
0,15,7,0,27,1,2,13,308
1,5,3,4,27,2,0,19,308
0,13,2,1,29,9,2,0,308
1,5,3,7,13,0,0,4,308
1,2,10,5,25,4,0,4,308
0,4,5,0,26,1,1,3,307
1,2,2,1,14,3,0,42,307
1,8,0,0,13,0,0,75,307
1,7,3,0,24,0,0,3,307
1,3,5,12,25,1,0,19,307
0,2,12,1,16,0,1,76,306
1,1,13,5,22,0,0,3,306
1,8,1,2,24,0,0,10,306
1,3,8,1,25,1,0,23,306
1,9,6,11,36,8,0,6,306
0,14,14,6,29,8,0,0,305
1,9,1,4,36,4,0,3,305
1,5,3,7,13,2,0,225,305
0,2,3,2,24,2,0,8,304
2,3,5,1,23,0,0,10,304
1,3,0,6,24,0,0,3,304
0,2,5,4,30,10,2,11,304
0,3,13,1,30,18,3,12,304
0,2,12,0,30,17,0,1,304
1,0,10,12,25,0,0,35,304
0,6,8,0,39,0,0,0,304
0,12,6,2,30,7,1,23,304
1,3,6,1,36,2,0,6,304
1,1,2,2,25,1,0,25,303
0,13,0,0,14,6,2,80,303
2,3,0,0,32,0,0,26,303
1,12,5,7,25,14,0,2,303
1,2,10,4,14,2,0,34,303
0,9,2,0,14,4,6,12,303
1,10,4,0,35,5,1,3,302
0,13,1,0,24,3,2,8,302
1,7,6,4,26,0,0,3,302
0,2,3,2,24,2,0,10,302
0,7,6,0,30,16,0,10,302
1,5,3,7,24,0,0,10,302
0,6,11,0,30,7,1,9,302
0,5,8,0,30,5,3,7,302
1,2,2,1,14,2,0,29,302
0,14,19,0,27,1,2,8,301
0,14,0,0,27,1,2,13,301
2,3,5,0,32,0,0,45,301
1,10,4,0,35,5,1,63,301
0,4,10,0,14,3,2,13,301
1,9,6,13,26,0,0,10,301
1,10,0,0,35,5,1,60,301
1,9,1,4,25,6,0,7,301
0,2,12,2,16,0,4,8,300
0,9,3,0,14,4,3,46,300
1,11,1,0,13,2,0,276,300
1,11,16,4,25,13,0,8,299
0,0,7,2,30,2,5,0,299
0,4,14,0,27,1,2,8,299
1,3,7,12,25,1,0,24,298
0,12,13,2,30,19,1,7,298
0,15,4,1,30,5,1,5,298
0,3,5,1,30,9,4,3,298
0,13,2,1,35,4,2,18,297
0,11,3,2,26,1,1,3,297
0,6,6,0,24,3,2,8,297
0,2,12,1,24,2,0,20,297
0,6,2,0,30,7,1,9,296
0,3,2,2,30,0,3,8,296
0,4,5,0,14,3,2,140,296
0,15,3,1,24,2,0,10,296
0,14,19,0,30,14,1,3,296
0,2,11,0,30,17,0,2,296
1,5,0,7,31,0,0,6,296
1,12,1,0,35,5,2,17,296
0,2,11,0,30,17,0,12,296
0,4,27,1,35,3,1,227,295
0,10,1,1,19,1,1,26,294
0,13,1,0,14,6,3,12,294
1,7,1,0,25,8,0,0,294
0,5,10,0,38,0,0,1,294
0,4,13,0,22,1,1,6,294
1,5,3,2,25,5,0,10,294
0,3,13,1,16,2,0,48,294
0,9,15,0,14,4,3,109,294
0,13,0,0,35,4,2,48,294
0,13,1,0,39,0,0,0,294
0,1,18,0,27,1,2,13,294
1,5,3,7,13,0,0,20,294
0,13,2,1,38,0,0,0,294
0,5,10,0,16,0,1,37,293
0,2,12,2,21,1,14,65,293
1,2,3,1,35,2,1,183,293
0,5,5,0,30,5,4,7,293
1,5,3,5,25,2,0,10,293
0,6,11,0,27,1,2,8,293
1,9,1,9,36,4,0,8,293
1,11,6,2,36,9,0,5,293
0,2,3,1,27,1,2,13,293
1,4,0,4,25,6,0,10,292
0,6,3,0,22,1,1,5,292
0,13,0,0,38,0,0,2,292
0,15,6,0,24,2,0,10,292
0,4,14,0,14,3,2,131,291
0,4,12,0,35,3,1,121,290
1,0,2,3,25,0,0,2,290
0,8,1,2,30,10,0,2,290
1,12,5,0,14,4,0,2,290
0,2,11,0,30,17,0,14,290
0,2,3,2,30,8,2,6,289
0,3,5,0,30,9,1,15,289
0,3,13,1,30,0,0,14,288
0,3,13,1,21,1,14,116,288
0,5,8,0,30,5,0,4,288
0,6,11,0,26,1,1,1,288
1,11,6,5,25,13,0,2,288
0,11,8,2,26,1,1,7,288
0,9,17,0,18,1,0,4,288
0,6,3,0,18,1,1,71,287
0,4,5,0,14,3,2,133,287
1,3,3,1,25,1,0,17,287
1,5,3,4,27,2,0,14,287
1,2,11,3,18,0,0,3,287
1,9,6,16,15,0,0,2,287
0,2,3,1,38,0,0,3,286
0,4,6,0,14,3,2,143,286
1,5,3,5,24,0,0,3,286
0,8,1,2,21,1,13,17,285
2,3,4,2,23,0,0,31,285
1,4,1,7,36,4,0,6,285
1,5,2,2,25,9,0,5,285
0,15,3,1,28,1,0,1,285
1,5,3,4,28,0,0,5,285
0,13,0,0,14,6,2,14,284
0,7,14,0,38,0,0,3,284
1,9,1,9,31,0,0,7,284
2,3,4,2,32,0,0,13,284
2,3,4,2,32,0,0,110,283
1,5,2,7,27,2,0,14,283
1,11,6,2,36,9,0,10,283
1,9,6,7,24,0,0,3,283
0,4,27,1,14,2,2,41,283
0,13,0,0,14,6,4,4,282
1,8,3,1,24,0,0,3,282
0,9,7,0,35,4,0,126,282
1,3,0,10,25,1,0,29,282
1,5,3,4,21,0,4,2,282
1,2,3,1,35,2,1,176,282
0,1,7,0,29,10,5,0,282
0,4,5,0,35,3,2,7,281
0,9,7,0,14,4,6,4,281
0,6,7,0,16,0,1,42,281
0,9,7,0,30,11,3,10,281
1,9,1,9,25,6,0,8,280
1,2,0,0,35,2,1,142,280
0,15,4,1,27,1,2,13,280
0,11,1,0,30,5,3,7,280
0,7,14,0,30,16,0,10,280
0,12,13,0,30,4,1,6,280
0,4,9,0,14,3,3,5,280
0,4,5,0,14,2,2,24,280
0,13,1,0,14,6,2,18,279
1,1,0,5,25,1,0,21,279
0,13,2,1,14,6,2,2,279
2,1,2,2,20,0,0,115,279
1,6,3,7,24,0,0,7,279
2,3,2,4,32,0,0,194,279
0,1,7,1,34,1,1,2,278
1,6,1,5,27,2,0,14,278
1,3,6,11,25,1,0,21,278
1,3,6,12,25,1,0,21,278
0,6,7,0,18,1,1,71,278
2,3,0,2,32,0,0,194,278
1,10,4,0,14,6,0,6,278
1,5,2,7,25,5,0,6,277
1,2,11,3,13,0,0,75,277
0,4,9,0,14,3,2,43,277
0,7,7,0,30,16,0,0,277
0,2,11,2,21,1,14,264,276
0,6,1,0,30,3,6,1,276
1,9,6,13,34,0,0,2,276
0,4,5,0,14,3,2,66,276
0,5,5,0,30,5,0,4,275
0,10,8,1,30,12,2,8,275
1,5,3,7,21,0,4,43,275
1,6,1,7,21,0,5,29,275
1,4,1,4,36,4,0,6,275
0,4,27,1,13,0,4,195,275
0,2,5,2,30,10,0,7,274
0,15,4,1,24,2,0,17,273
2,3,0,1,23,0,0,6,273
1,0,0,7,24,0,0,7,273
1,1,5,7,31,0,0,7,273
0,1,6,2,19,1,1,26,273
1,4,1,7,34,0,0,3,273
1,10,5,0,25,11,6,3,273
0,2,3,2,38,0,0,0,272
0,2,11,2,30,17,0,1,272
0,6,8,0,30,3,2,11,272
0,13,1,0,14,6,2,14,272
0,6,8,0,30,7,1,8,272
1,8,3,0,21,0,3,15,272
0,2,12,1,21,1,13,89,272
0,2,3,1,30,8,0,21,272
0,5,5,0,24,2,0,10,272
1,5,3,4,21,0,4,15,272
1,5,2,7,13,1,0,75,272
0,9,2,0,30,11,0,5,271
1,5,0,7,25,9,0,4,271
0,3,13,2,16,1,2,91,270
0,3,1,0,16,1,5,42,270
0,1,24,0,27,0,0,6,270
1,4,0,7,19,0,0,123,270
1,12,0,1,14,4,0,5,270
0,1,6,2,30,3,2,0,270
1,5,5,4,25,18,0,6,270
1,8,0,0,24,0,0,10,270
1,9,6,7,24,0,0,10,270
1,12,0,1,35,5,2,79,270
0,11,8,2,22,1,1,1,270
0,6,6,0,18,1,1,71,270
0,13,1,0,14,6,2,35,270
0,6,3,0,26,1,1,5,270
0,1,18,3,24,2,0,10,270
1,5,0,7,22,0,0,3,270
0,3,13,2,16,2,0,17,270
0,5,8,0,27,1,2,8,269
1,3,8,7,13,1,0,48,269
2,3,0,2,32,0,0,142,269
0,11,2,0,22,1,1,5,269
2,3,4,1,23,0,0,31,269
1,4,1,7,22,0,0,2,268
0,5,10,0,27,0,0,8,268
0,9,7,0,14,4,3,113,268
1,5,0,4,25,2,0,9,268
0,10,12,1,24,2,0,17,268
0,5,0,0,30,5,4,7,268
1,9,1,7,34,0,0,3,267
0,5,10,0,29,2,1,16,267
1,8,1,2,27,2,0,14,267
2,3,4,0,32,0,0,26,266
1,1,1,9,25,1,0,25,266
0,5,5,0,27,1,2,13,266
0,1,18,0,16,0,1,42,266
0,5,8,0,27,0,0,0,266
0,1,24,0,27,1,2,13,266
2,3,0,1,23,0,0,22,265
0,5,0,0,13,0,4,195,265
0,2,12,2,24,2,0,17,265
0,8,1,2,27,1,2,13,265