260001,"2023-07-25 08:39:53.45","#REW001",50.00,68.00,93.00,120.90,"2023-07-30","130204027","WH",4,,,,"",,"REW001A1",30025,1002,"2023-07-30","2023-08-20","USD",93.00,100,"3XS:20|2XS:20|XS:20|S:10|M:10|L:10|XL:10"
260002,"2023-07-25 08:39:53.45","#REW001",50.00,68.00,93.00,120.90,"2023-07-30","130204091","WH",4,,,,"",,"REW001A2",30026,3002,"2023-07-30","2023-08-20","USD",93.00,100,"3XS:20|2XS:20|XS:20|S:10|M:10|L:10|XL:10"
260003,"2023-07-25 08:39:53.45","#REW001",50.00,68.00,93.00,120.90,"2023-07-30","130204231","WH",4,,,,"",,"REW001A3",30027,4002,"2023-07-30","2023-08-20","USD",93.00,100,"3XS:20|2XS:20|XS:20|S:10|M:10|L:10|XL:10"
260004,"2023-07-25 08:39:53.45","#REW001",50.00,68.00,93.00,120.90,"2023-07-30","130203792","WH",4,,,,"",,"REW001A4",30066,5002,"2023-07-30","2023-08-20","USD",93.00,100,"3XS:20|2XS:20|XS:20|S:10|M:10|L:10|XL:10"
260005,"2023-07-25 08:39:53.45","#REW001",50.00,68.00,93.00,120.90,"2023-07-30","130203909","WH",4,,,,"",,"REW001A5",30067,6002,"2023-07-30","2023-08-20","USD",93.00,100,"3XS:20|2XS:20|XS:20|S:10|M:10|L:10|XL:10"
260006,"2023-07-25 08:39:53.45","#REW001",50.00,68.00,93.00,120.90,"2023-07-30","130204287","WH",4,,,,"",,"REW001A6",30068,8002,"2023-07-30","2023-08-20","USD",93.00,100,"3XS:20|2XS:20|XS:20|S:10|M:10|L:10|XL:10"
260007,"2023-07-25 08:39:53.45","#REW001",50.00,68.00,93.00,120.90,"2023-07-30","130204429","WH",4,,,,"",,"REW001A7",30069,1002,"2023-07-30","2023-08-20","USD",93.00,100,"3XS:20|2XS:20|XS:20|S:10|M:10|L:10|XL:10"
260008,"2023-07-25 08:39:53.45","#REW001",50.00,68.00,93.00,120.90,"2023-07-30","130203846","WH",4,,,,"",,"REW001A8",30070,3002,"2023-07-30","2023-08-20","USD",93.00,100,"3XS:20|2XS:20|XS:20|S:10|M:10|L:10|XL:10"
260009,"2023-07-25 08:39:53.45","#REW001",50.00,68.00,93.00,120.90,"2023-07-30","130204046","WH",4,,,,"",,"REW001A9",30071,4002,"2023-07-30","2023-08-20","USD",93.00,100,"3XS:20|2XS:20|XS:20|S:10|M:10|L:10|XL:10"
260010,"2023-07-25 08:39:53.45","#REW001",50.00,68.00,93.00,120.90,"2023-07-30","130204640","WH",4,,,,"",,"REW001B1",30072,5002,"2023-07-30","2023-08-20","USD",93.00,100,"3XS:20|2XS:20|XS:20|S:10|M:10|L:10|XL:10"
260011,"2023-07-25 08:39:53.45","#REW002",50.00,68.00,93.00,120.90,"2023-07-30","130204843","WH",4,,,,"",,"REW002A1",30073,6002,"2023-07-30","2023-08-20","USD",93.00,100,"3XS:20|2XS:20|XS:20|S:10|M:10|L:10|XL:10"
260012,"2023-07-25 08:39:53.45","#REW002",50.00,68.00,93.00,120.90,"2023-07-30","130204118","WH",4,,,,"",,"REW002A2",30029,8002,"2023-07-30","2023-08-20","USD",93.00,100,"3XS:20|2XS:20|XS:20|S:10|M:10|L:10|XL:10"
260013,"2023-07-25 08:39:53.45","#REW002",50.00,68.00,93.00,120.90,"2023-07-30","130204335","WH",4,,,,"",,"REW002A3",30013,1002,"2023-07-30","2023-08-20","USD",93.00,100,"3XS:20|2XS:20|XS:20|S:10|M:10|L:10|XL:10"
260014,"2023-07-25 08:39:53.45","#REW002",50.00,68.00,93.00,120.90,"2023-07-30","130204507","WH",4,,,,"",,"REW002A4",30022,3002,"2023-07-30","2023-08-20","USD",93.00,100,"3XS:20|2XS:20|XS:20|S:10|M:10|L:10|XL:10"
260015,"2023-07-25 08:39:53.45","#REW002",50.00,68.00,93.00,120.90,"2023-07-30","130204616","WH",4,,,,"",,"REW002A5",30045,4002,"2023-07-30","2023-08-20","USD",93.00,100,"3XS:20|2XS:20|XS:20|S:10|M:10|L:10|XL:10"
260016,"2023-07-25 08:39:53.45","#REW002",50.00,68.00,93.00,120.90,"2023-07-30","130204233","WH",4,,,,"",,"REW002A6",30046,5002,"2023-07-30","2023-08-20","USD",93.00,100,"3XS:20|2XS:20|XS:20|S:10|M:10|L:10|XL:10"
260017,"2023-07-25 08:39:53.45","#REW002",50.00,68.00,93.00,120.90,"2023-07-30","130204439","WH",4,,,,"",,"REW002A7",30047,6002,"2023-07-30","2023-08-20","USD",93.00,100,"3XS:20|2XS:20|XS:20|S:10|M:10|L:10|XL:10"
260018,"2023-07-25 08:39:53.45","#REW002",50.00,68.00,93.00,120.90,"2023-07-30","130205033","WH",4,,,,"",,"REW002A8",30065,8002,"2023-07-30","2023-08-20","USD",93.00,100,"3XS:20|2XS:20|XS:20|S:10|M:10|L:10|XL:10"
260019,"2023-07-25 08:39:53.45","#REW002",50.00,68.00,93.00,120.90,"2023-07-30","130205232","WH",4,,,,"",,"REW002A9",30074,1002,"2023-07-30","2023-08-20","USD",93.00,100,"3XS:20|2XS:20|XS:20|S:10|M:10|L:10|XL:10"
260020,"2023-07-25 08:39:53.45","#REW002",50.00,68.00,93.00,120.90,"2023-07-30","130204495","WH",4,,,,"",,"REW002B1",30075,3002,"2023-07-30","2023-08-20","USD",93.00,100,"3XS:20|2XS:20|XS:20|S:10|M:10|L:10|XL:10"
260021,"2023-07-25 08:39:53.45","#REW003",50.00,68.00,93.00,120.90,"2023-07-30","130204692","WH",4,,,,"",,"REW003A1",30025,4002,"2023-07-30","2023-08-20","USD",93.00,100,"3XS:20|2XS:20|XS:20|S:10|M:10|L:10|XL:10"
260022,"2023-07-25 08:39:53.45","#REW003",50.00,68.00,93.00,120.90,"2023-07-30","130204815","WH",4,,,,"",,"REW003A2",30026,5002,"2023-07-30","2023-08-20","USD",93.00,100,"3XS:20|2XS:20|XS:20|S:10|M:10|L:10|XL:10"
260023,"2023-07-25 08:39:53.45","#REW003",50.00,68.00,93.00,120.90,"2023-07-30","130205147","WH",4,,,,"",,"REW003A3",30027,6002,"2023-07-30","2023-08-20","USD",93.00,100,"3XS:20|2XS:20|XS:20|S:10|M:10|L:10|XL:10"
260024,"2023-07-25 08:39:53.45","#REW003",50.00,68.00,93.00,120.90,"2023-07-30","130205325","WH",4,,,,"",,"REW003A4",30066,8002,"2023-07-30","2023-08-20","USD",93.00,100,"3XS:20|2XS:20|XS:20|S:10|M:10|L:10|XL:10"
260025,"2023-07-25 08:39:53.45","#REW003",50.00,68.00,93.00,120.90,"2023-07-30","130204706","WH",4,,,,"",,"REW003A5",30067,1002,"2023-07-30","2023-08-20","USD",93.00,100,"3XS:20|2XS:20|XS:20|S:10|M:10|L:10|XL:10"
260026,"2023-07-25 08:39:53.45","#REW003",50.00,68.00,93.00,120.90,"2023-07-30","130204960","WH",4,,,,"",,"REW003A6",30068,3002,"2023-07-30","2023-08-20","USD",93.00,100,"3XS:20|2XS:20|XS:20|S:10|M:10|L:10|XL:10"
260027,"2023-07-25 08:39:53.45","#REW003",50.00,68.00,93.00,120.90,"2023-07-30","130204904","WH",4,,,,"",,"REW003A7",30069,4002,"2023-07-30","2023-08-20","USD",93.00,100,"3XS:20|2XS:20|XS:20|S:10|M:10|L:10|XL:10"
260028,"2023-07-25 08:39:53.45","#REW003",50.00,68.00,93.00,120.90,"2023-07-30","130205166","WH",4,,,,"",,"REW003A8",30070,5002,"2023-07-30","2023-08-20","USD",93.00,100,"3XS:20|2XS:20|XS:20|S:10|M:10|L:10|XL:10"
260029,"2023-07-25 08:39:53.45","#REW003",50.00,68.00,93.00,120.90,"2023-07-30","130205029","WH",4,,,,"",,"REW003A9",30071,6002,"2023-07-30","2023-08-20","USD",93.00,100,"3XS:20|2XS:20|XS:20|S:10|M:10|L:10|XL:10"
260030,"2023-07-25 08:39:53.45","#REW003",50.00,68.00,93.00,120.90,"2023-07-30","130205108","WH",4,,,,"",,"REW003B1",30072,8002,"2023-07-30","2023-08-20","USD",93.00,100,"3XS:20|2XS:20|XS:20|S:10|M:10|L:10|XL:10"
260031,"2023-07-25 08:39:53.45","#REW004",50.00,68.00,93.00,120.90,"2023-07-30","130205221","WH",4,,,,"",,"REW004A1",30073,1002,"2023-07-30","2023-08-20","USD",93.00,100,"3XS:20|2XS:20|XS:20|S:10|M:10|L:10|XL:10"
260032,"2023-07-25 08:39:53.45","#REW004",50.00,68.00,93.00,120.90,"2023-07-30","130205323","WH",4,,,,"",,"REW004A2",30029,3002,"2023-07-30","2023-08-20","USD",93.00,100,"3XS:20|2XS:20|XS:20|S:10|M:10|L:10|XL:10"
260033,"2023-07-25 08:39:53.45","#REW004",50.00,68.00,93.00,120.90,"2023-07-30","130203861","WH",4,,,,"",,"REW004A3",30013,4002,"2023-07-30","2023-08-20","USD",93.00,100,"3XS:20|2XS:20|XS:20|S:10|M:10|L:10|XL:10"
260034,"2023-07-25 08:39:53.45","#REW004",50.00,68.00,93.00,120.90,"2023-07-30","130204061","WH",4,,,,"",,"REW004A4",30022,5002,"2023-07-30","2023-08-20","USD",93.00,100,"3XS:20|2XS:20|XS:20|S:10|M:10|L:10|XL:10"
260035,"2023-07-25 08:39:53.45","#REW004",50.00,68.00,93.00,120.90,"2023-07-30","130204263","WH",4,,,,"",,"REW004A5",30045,6002,"2023-07-30","2023-08-20","USD",93.00,100,"3XS:20|2XS:20|XS:20|S:10|M:10|L:10|XL:10"
260036,"2023-07-25 08:39:53.45","#REW004",50.00,68.00,93.00,120.90,"2023-07-30","130204468","WH",4,,,,"",,"REW004A6",30046,8002,"2023-07-30","2023-08-20","USD",93.00,100,"3XS:20|2XS:20|XS:20|S:10|M:10|L:10|XL:10"
260037,"2023-07-25 08:39:53.45","#REW004",50.00,68.00,93.00,120.90,"2023-07-30","130204664","WH",4,,,,"",,"REW004A7",30047,1002,"2023-07-30","2023-08-20","USD",93.00,100,"3XS:20|2XS:20|XS:20|S:10|M:10|L:10|XL:10"
260038,"2023-07-25 08:39:53.45","#REW004",50.00,68.00,93.00,120.90,"2023-07-30","130204873","WH",4,,,,"",,"REW004A8",30065,3002,"2023-07-30","2023-08-20","USD",93.00,100,"3XS:20|2XS:20|XS:20|S:10|M:10|L:10|XL:10"
260039,"2023-07-25 08:39:53.45","#REW004",50.00,68.00,93.00,120.90,"2023-07-30","130205064","WH",4,,,,"",,"REW004A9",30074,4002,"2023-07-30","2023-08-20","USD",93.00,100,"3XS:20|2XS:20|XS:20|S:10|M:10|L:10|XL:10"
260040,"2023-07-25 08:39:53.45","#REW004",50.00,68.00,93.00,120.90,"2023-07-30","130203829","WH",4,,,,"",,"REW004B1",30075,5002,"2023-07-30","2023-08-20","USD",93.00,100,"3XS:20|2XS:20|XS:20|S:10|M:10|L:10|XL:10"
260041,"2023-07-25 08:39:53.45","#REW005",50.00,68.00,93.00,120.90,"2023-07-30","130203905","WH",4,,,,"",,"REW005A1",30025,6002,"2023-07-30","2023-08-20","USD",93.00,100,"3XS:20|2XS:20|XS:20|S:10|M:10|L:10|XL:10"
260042,"2023-07-25 08:39:53.45","#REW005",50.00,68.00,93.00,120.90,"2023-07-30","130205263","WH",4,,,,"",,"REW005A2",30026,8002,"2023-07-30","2023-08-20","USD",93.00,100,"3XS:20|2XS:20|XS:20|S:10|M:10|L:10|XL:10"
260043,"2023-07-25 08:39:53.45","#REW005",50.00,68.00,93.00,120.90,"2023-07-30","130204292","WH",4,,,,"",,"REW005A3",30027,1002,"2023-07-30","2023-08-20","USD",93.00,100,"3XS:20|2XS:20|XS:20|S:10|M:10|L:10|XL:10"
260044,"2023-07-25 08:39:53.45","#REW005",50.00,68.00,93.00,120.90,"2023-07-30","130204501","WH",4,,,,"",,"REW005A4",30066,3002,"2023-07-30","2023-08-20","USD",93.00,100,"3XS:20|2XS:20|XS:20|S:10|M:10|L:10|XL:10"
260045,"2023-07-25 08:39:53.45","#REW005",50.00,68.00,93.00,120.90,"2023-07-30","130203796","WH",4,,,,"",,"REW005A5",30067,4002,"2023-07-30","2023-08-20","USD",93.00,100,"3XS:20|2XS:20|XS:20|S:10|M:10|L:10|XL:10"
260046,"2023-07-25 08:39:53.45","#REW005",50.00,68.00,93.00,120.90,"2023-07-30","130203948","WH",4,,,,"",,"REW005A6",30068,5002,"2023-07-30","2023-08-20","USD",93.00,100,"3XS:20|2XS:20|XS:20|S:10|M:10|L:10|XL:10"
260047,"2023-07-25 08:39:53.45","#REW005",50.00,68.00,93.00,120.90,"2023-07-30","130204129","WH",4,,,,"",,"REW005A7",30069,6002,"2023-07-30","2023-08-20","USD",93.00,100,"3XS:20|2XS:20|XS:20|S:10|M:10|L:10|XL:10"
260048,"2023-07-25 08:39:53.45","#REW005",50.00,68.00,93.00,120.90,"2023-07-30","130204341","WH",4,,,,"",,"REW005A8",30070,8002,"2023-07-30","2023-08-20","USD",93.00,100,"3XS:20|2XS:20|XS:20|S:10|M:10|L:10|XL:10"
260049,"2023-07-25 08:39:53.45","#REW005",50.00,68.00,93.00,120.90,"2023-07-30","130204516","WH",4,,,,"",,"REW005A9",30071,1002,"2023-07-30","2023-08-20","USD",93.00,100,"3XS:20|2XS:20|XS:20|S:10|M:10|L:10|XL:10"
260050,"2023-07-25 08:39:53.45","#REW005",50.00,68.00,93.00,120.90,"2023-07-30","130204749","WH",4,,,,"",,"REW005B1",30072,3002,"2023-07-30","2023-08-20","USD",93.00,100,"3XS:20|2XS:20|XS:20|S:10|M:10|L:10|XL:10"
260051,"2023-07-25 08:39:53.45","#REW006",50.00,68.00,93.00,120.90,"2023-07-30","130204927","WH",4,,,,"",,"REW006A1",30073,4002,"2023-07-30","2023-08-20","USD",93.00,100,"3XS:20|2XS:20|XS:20|S:10|M:10|L:10|XL:10"
260052,"2023-07-25 08:39:53.45","#REW006",50.00,68.00,93.00,120.90,"2023-07-30","130205161","WH",4,,,,"",,"REW006A2",30029,5002,"2023-07-30","2023-08-20","USD",93.00,100,"3XS:20|2XS:20|XS:20|S:10|M:10|L:10|XL:10"
260053,"2023-07-25 08:39:53.45","#REW006",50.00,68.00,93.00,120.90,"2023-07-30","130203943","WH",4,,,,"",,"REW006A3",30013,6002,"2023-07-30","2023-08-20","USD",93.00,100,"3XS:20|2XS:20|XS:20|S:10|M:10|L:10|XL:10"
260054,"2023-07-25 08:39:53.45","#REW006",50.00,68.00,93.00,120.90,"2023-07-30","130204137","WH",4,,,,"",,"REW006A4",30022,8002,"2023-07-30","2023-08-20","USD",93.00,100,"3XS:20|2XS:20|XS:20|S:10|M:10|L:10|XL:10"
260055,"2023-07-25 08:39:53.45","#REW006",50.00,68.00,93.00,120.90,"2023-07-30","130204289","WH",4,,,,"",,"REW006A5",30045,1002,"2023-07-30","2023-08-20","USD",93.00,100,"3XS:20|2XS:20|XS:20|S:10|M:10|L:10|XL:10"
260056,"2023-07-25 08:39:53.45","#REW006",50.00,68.00,93.00,120.90,"2023-07-30","130204517","WH",4,,,,"",,"REW006A6",30046,3002,"2023-07-30","2023-08-20","USD",93.00,100,"3XS:20|2XS:20|XS:20|S:10|M:10|L:10|XL:10"
260057,"2023-07-25 08:39:53.45","#REW006",50.00,68.00,93.00,120.90,"2023-07-30","130204701","WH",4,,,,"",,"REW006A7",30047,4002,"2023-07-30","2023-08-20","USD",93.00,100,"3XS:20|2XS:20|XS:20|S:10|M:10|L:10|XL:10"
260058,"2023-07-25 08:39:53.45","#REW006",50.00,68.00,93.00,120.90,"2023-07-30","130204913","WH",4,,,,"",,"REW006A8",30065,5002,"2023-07-30","2023-08-20","USD",93.00,100,"3XS:20|2XS:20|XS:20|S:10|M:10|L:10|XL:10"
260059,"2023-07-25 08:39:53.45","#REW006",50.00,68.00,93.00,120.90,"2023-07-30","130205102","WH",4,,,,"",,"REW006A9",30074,6002,"2023-07-30","2023-08-20","USD",93.00,100,"3XS:20|2XS:20|XS:20|S:10|M:10|L:10|XL:10"
260060,"2023-07-25 08:39:53.45","#REW006",50.00,68.00,93.00,120.90,"2023-07-30","130205305","WH",4,,,,"",,"REW006B1",30075,8002,"2023-07-30","2023-08-20","USD",93.00,100,"3XS:20|2XS:20|XS:20|S:10|M:10|L:10|XL:10"
260061,"2023-07-25 08:39:53.45","#REW007",50.00,68.00,93.00,120.90,"2023-07-30","130203886","WH",4,,,,"",,"REW007A1",30025,1002,"2023-07-30","2023-08-20","USD",93.00,100,"3XS:20|2XS:20|XS:20|S:10|M:10|L:10|XL:10"
260062,"2023-07-25 08:39:53.45","#REW007",50.00,68.00,93.00,120.90,"2023-07-30","130204086","WH",4,,,,"",,"REW007A2",30026,3002,"2023-07-30","2023-08-20","USD",93.00,100,"3XS:20|2XS:20|XS:20|S:10|M:10|L:10|XL:10"
260063,"2023-07-25 08:39:53.45","#REW007",50.00,68.00,93.00,120.90,"2023-07-30","130203926","WH",4,,,,"",,"REW007A3",30027,4002,"2023-07-30","2023-08-20","USD",93.00,100,"3XS:20|2XS:20|XS:20|S:10|M:10|L:10|XL:10"
260064,"2023-07-25 08:39:53.45","#REW007",50.00,68.00,93.00,120.90,"2023-07-30","130204134","WH",4,,,,"",,"REW007A4",30066,5002,"2023-07-30","2023-08-20","USD",93.00,100,"3XS:20|2XS:20|XS:20|S:10|M:10|L:10|XL:10"
260065,"2023-07-25 08:39:53.45","#REW007",50.00,68.00,93.00,120.90,"2023-07-30","130204295","WH",4,,,,"",,"REW007A5",30067,6002,"2023-07-30","2023-08-20","USD",93.00,100,"3XS:20|2XS:20|XS:20|S:10|M:10|L:10|XL:10"
260066,"2023-07-25 08:39:53.45","#REW007",50.00,68.00,93.00,120.90,"2023-07-30","130204502","WH",4,,,,"",,"REW007A6",30068,8002,"2023-07-30","2023-08-20","USD",93.00,100,"3XS:20|2XS:20|XS:20|S:10|M:10|L:10|XL:10"
260067,"2023-07-25 08:39:53.45","#REW007",50.00,68.00,93.00,120.90,"2023-07-30","130204696","WH",4,,,,"",,"REW007A7",30069,1002,"2023-07-30","2023-08-20","USD",93.00,100,"3XS:20|2XS:20|XS:20|S:10|M:10|L:10|XL:10"
260068,"2023-07-25 08:39:53.45","#REW007",50.00,68.00,93.00,120.90,"2023-07-30","130204921","WH",4,,,,"",,"REW007A8",30070,3002,"2023-07-30","2023-08-20","USD",93.00,100,"3XS:20|2XS:20|XS:20|S:10|M:10|L:10|XL:10"
260069,"2023-07-25 08:39:53.45","#REW007",50.00,68.00,93.00,120.90,"2023-07-30","130205105","WH",4,,,,"",,"REW007A9",30071,4002,"2023-07-30","2023-08-20","USD",93.00,100,"3XS:20|2XS:20|XS:20|S:10|M:10|L:10|XL:10"
260070,"2023-07-25 08:39:53.45","#REW007",50.00,68.00,93.00,120.90,"2023-07-30","130203868","WH",4,,,,"",,"REW007B1",30072,5002,"2023-07-30","2023-08-20","USD",93.00,100,"3XS:20|2XS:20|XS:20|S:10|M:10|L:10|XL:10"
260071,"2023-07-25 08:39:53.45","#REW008",50.00,68.00,93.00,120.90,"2023-07-30","130204088","WH",4,,,,"",,"REW008A1",30073,6002,"2023-07-30","2023-08-20","USD",93.00,100,"3XS:20|2XS:20|XS:20|S:10|M:10|L:10|XL:10"
260072,"2023-07-25 08:39:53.45","#REW008",50.00,68.00,93.00,120.90,"2023-07-30","130204293","WH",4,,,,"",,"REW008A2",30029,8002,"2023-07-30","2023-08-20","USD",93.00,100,"3XS:20|2XS:20|XS:20|S:10|M:10|L:10|XL:10"
260073,"2023-07-25 08:39:53.45","#REW008",50.00,68.00,93.00,120.90,"2023-07-30","130204491","WH",4,,,,"",,"REW008A3",30013,1002,"2023-07-30","2023-08-20","USD",93.00,100,"3XS:20|2XS:20|XS:20|S:10|M:10|L:10|XL:10"
260074,"2023-07-25 08:39:53.45","#REW008",50.00,68.00,93.00,120.90,"2023-07-30","130204705","WH",4,,,,"",,"REW008A4",30022,3002,"2023-07-30","2023-08-20","USD",93.00,100,"3XS:20|2XS:20|XS:20|S:10|M:10|L:10|XL:10"
260075,"2023-07-25 08:39:53.45","#REW008",50.00,68.00,93.00,120.90,"2023-07-30","130204900","WH",4,,,,"",,"REW008A5",30045,4002,"2023-07-30","2023-08-20","USD",93.00,100,"3XS:20|2XS:20|XS:20|S:10|M:10|L:10|XL:10"
260076,"2023-07-25 08:39:53.45","#REW008",50.00,68.00,93.00,120.90,"2023-07-30","130205265","WH",4,,,,"",,"REW008A6",30046,5002,"2023-07-30","2023-08-20","USD",93.00,100,"3XS:20|2XS:20|XS:20|S:10|M:10|L:10|XL:10"
260077,"2023-07-25 08:39:53.45","#REW008",50.00,68.00,93.00,120.90,"2023-07-30","130204902","WH",4,,,,"",,"REW008A7",30047,6002,"2023-07-30","2023-08-20","USD",93.00,100,"3XS:20|2XS:20|XS:20|S:10|M:10|L:10|XL:10"
260078,"2023-07-25 08:39:53.45","#REW008",50.00,68.00,93.00,120.90,"2023-07-30","130205096","WH",4,,,,"",,"REW008A8",30065,8002,"2023-07-30","2023-08-20","USD",93.00,100,"3XS:20|2XS:20|XS:20|S:10|M:10|L:10|XL:10"
260079,"2023-07-25 08:39:53.45","#REW008",50.00,68.00,93.00,120.90,"2023-07-30","130205307","WH",4,,,,"",,"REW008A9",30074,1002,"2023-07-30","2023-08-20","USD",93.00,100,"3XS:20|2XS:20|XS:20|S:10|M:10|L:10|XL:10"
260080,"2023-07-25 08:39:53.45","#REW008",50.00,68.00,93.00,120.90,"2023-07-30","130204726","WH",4,,,,"",,"REW008B1",30075,3002,"2023-07-30","2023-08-20","USD",93.00,100,"3XS:20|2XS:20|XS:20|S:10|M:10|L:10|XL:10"
260081,"2023-07-25 08:39:53.45","#REW009",50.00,68.00,93.00,120.90,"2023-07-30","130204912","WH",4,,,,"",,"REW009A1",30025,4002,"2023-07-30","2023-08-20","USD",93.00,100,"3XS:20|2XS:20|XS:20|S:10|M:10|L:10|XL:10"
260082,"2023-07-25 08:39:53.45","#REW009",50.00,68.00,93.00,120.90,"2023-07-30","130203815","WH",4,,,,"",,"REW009A2",30026,5002,"2023-07-30","2023-08-20","USD",93.00,100,"3XS:20|2XS:20|XS:20|S:10|M:10|L:10|XL:10"
260083,"2023-07-25 08:39:53.45","#REW009",50.00,68.00,93.00,120.90,"2023-07-30","130204014","WH",4,,,,"",,"REW009A3",30027,6002,"2023-07-30","2023-08-20","USD",93.00,100,"3XS:20|2XS:20|XS:20|S:10|M:10|L:10|XL:10"
260084,"2023-07-25 08:39:53.45","#REW009",50.00,68.00,93.00,120.90,"2023-07-30","130204880","WH",4,,,,"",,"REW009A4",30066,8002,"2023-07-30","2023-08-20","USD",93.00,100,"3XS:20|2XS:20|XS:20|S:10|M:10|L:10|XL:10"
260085,"2023-07-25 08:39:53.45","#REW009",50.00,68.00,93.00,120.90,"2023-07-30","130205087","WH",4,,,,"",,"REW009A5",30067,1002,"2023-07-30","2023-08-20","USD",93.00,100,"3XS:20|2XS:20|XS:20|S:10|M:10|L:10|XL:10"
260086,"2023-07-25 08:39:53.45","#REW009",50.00,68.00,93.00,120.90,"2023-07-30","130205127","WH",4,,,,"",,"REW009A6",30068,3002,"2023-07-30","2023-08-20","USD",93.00,100,"3XS:20|2XS:20|XS:20|S:10|M:10|L:10|XL:10"
260087,"2023-07-25 08:39:53.45","#REW009",50.00,68.00,93.00,120.90,"2023-07-30","130205326","WH",4,,,,"",,"REW009A7",30069,4002,"2023-07-30","2023-08-20","USD",93.00,100,"3XS:20|2XS:20|XS:20|S:10|M:10|L:10|XL:10"
260088,"2023-07-25 08:39:53.45","#REW009",50.00,68.00,93.00,120.90,"2023-07-30","130204206","WH",4,,,,"",,"REW009A8",30070,5002,"2023-07-30","2023-08-20","USD",93.00,100,"3XS:20|2XS:20|XS:20|S:10|M:10|L:10|XL:10"
260089,"2023-07-25 08:39:53.45","#REW009",50.00,68.00,93.00,120.90,"2023-07-30","130204400","WH",4,,,,"",,"REW009A9",30071,6002,"2023-07-30","2023-08-20","USD",93.00,100,"3XS:20|2XS:20|XS:20|S:10|M:10|L:10|XL:10"
260090,"2023-07-25 08:39:53.45","#REW009",50.00,68.00,93.00,120.90,"2023-07-30","130204609","WH",4,,,,"",,"REW009B1",30072,8002,"2023-07-30","2023-08-20","USD",93.00,100,"3XS:20|2XS:20|XS:20|S:10|M:10|L:10|XL:10"
260091,"2023-07-25 08:39:53.45","#REW010",50.00,68.00,93.00,120.90,"2023-07-30","130204797","WH",4,,,,"",,"REW010A1",30073,1002,"2023-07-30","2023-08-20","USD",93.00,100,"3XS:20|2XS:20|XS:20|S:10|M:10|L:10|XL:10"
260092,"2023-07-25 08:39:53.45","#REW010",50.00,68.00,93.00,120.90,"2023-07-30","130205007","WH",4,,,,"",,"REW010A2",30029,3002,"2023-07-30","2023-08-20","USD",93.00,100,"3XS:20|2XS:20|XS:20|S:10|M:10|L:10|XL:10"
260093,"2023-07-25 08:39:53.45","#REW010",50.00,68.00,93.00,120.90,"2023-07-30","130205192","WH",4,,,,"",,"REW010A3",30013,4002,"2023-07-30","2023-08-20","USD",93.00,100,"3XS:20|2XS:20|XS:20|S:10|M:10|L:10|XL:10"
260094,"2023-07-25 08:39:53.45","#REW010",50.00,68.00,93.00,120.90,"2023-07-30","130203791","WH",4,,,,"",,"REW010A4",30022,5002,"2023-07-30","2023-08-20","USD",93.00,100,"3XS:20|2XS:20|XS:20|S:10|M:10|L:10|XL:10"
260095,"2023-07-25 08:39:53.45","#REW010",50.00,68.00,93.00,120.90,"2023-07-30","130204234","WH",4,,,,"",,"REW010A5",30045,6002,"2023-07-30","2023-08-20","USD",93.00,100,"3XS:20|2XS:20|XS:20|S:10|M:10|L:10|XL:10"
260096,"2023-07-25 08:39:53.45","#REW010",50.00,68.00,93.00,120.90,"2023-07-30","130203876","WH",4,,,,"",,"REW010A6",30046,8002,"2023-07-30","2023-08-20","USD",93.00,100,"3XS:20|2XS:20|XS:20|S:10|M:10|L:10|XL:10"
260097,"2023-07-25 08:39:53.45","#REW010",50.00,68.00,93.00,120.90,"2023-07-30","130203897","WH",4,,,,"",,"REW010A7",30047,1002,"2023-07-30","2023-08-20","USD",93.00,100,"3XS:20|2XS:20|XS:20|S:10|M:10|L:10|XL:10"
260098,"2023-07-25 08:39:53.45","#REW010",50.00,68.00,93.00,120.90,"2023-07-30","130205275","WH",4,,,,"",,"REW010A8",30065,3002,"2023-07-30","2023-08-20","USD",93.00,100,"3XS:20|2XS:20|XS:20|S:10|M:10|L:10|XL:10"
260099,"2023-07-25 08:39:53.45","#REW010",50.00,68.00,93.00,120.90,"2023-07-30","130204435","WH",4,,,,"",,"REW010A9",30074,4002,"2023-07-30","2023-08-20","USD",93.00,100,"3XS:20|2XS:20|XS:20|S:10|M:10|L:10|XL:10"
260100,"2023-07-25 08:39:53.45","#REW010",50.00,68.00,93.00,120.90,"2023-07-30","130204643","WH",4,,,,"",,"REW010B1",30075,5002,"2023-07-30","2023-08-20","USD",93.00,100,"3XS:20|2XS:20|XS:20|S:10|M:10|L:10|XL:10"
260101,"2023-07-25 08:39:53.45","#REW011",50.00,68.00,93.00,120.90,"2023-07-30","130204069","WH",4,,,,"",,"REW011A1",30025,6002,"2023-07-30","2023-08-20","USD",93.00,100,"3XS:20|2XS:20|XS:20|S:10|M:10|L:10|XL:10"
260102,"2023-07-25 08:39:53.45","#REW011",50.00,68.00,93.00,120.90,"2023-07-30","130204084","WH",4,,,,"",,"REW011A2",30026,8002,"2023-07-30","2023-08-20","USD",93.00,100,"3XS:20|2XS:20|XS:20|S:10|M:10|L:10|XL:10"
260103,"2023-07-25 08:39:53.45","#REW011",50.00,68.00,93.00,120.90,"2023-07-30","130204835","WH",4,,,,"",,"REW011A3",30027,1002,"2023-07-30","2023-08-20","USD",93.00,100,"3XS:20|2XS:20|XS:20|S:10|M:10|L:10|XL:10"
260104,"2023-07-25 08:39:53.45","#REW011",50.00,68.00,93.00,120.90,"2023-07-30","130205044","WH",4,,,,"",,"REW011A4",30066,3002,"2023-07-30","2023-08-20","USD",93.00,100,"3XS:20|2XS:20|XS:20|S:10|M:10|L:10|XL:10"
260105,"2023-07-25 08:39:53.45","#REW011",50.00,68.00,93.00,120.90,"2023-07-30","130204264","WH",4,,,,"",,"REW011A5",30067,4002,"2023-07-30","2023-08-20","USD",93.00,100,"3XS:20|2XS:20|XS:20|S:10|M:10|L:10|XL:10"
260106,"2023-07-25 08:39:53.45","#REW011",50.00,68.00,93.00,120.90,"2023-07-30","130205240","WH",4,,,,"",,"REW011A6",30068,5002,"2023-07-30","2023-08-20","USD",93.00,100,"3XS:20|2XS:20|XS:20|S:10|M:10|L:10|XL:10"
260107,"2023-07-25 08:39:53.45","#REW011",50.00,68.00,93.00,120.90,"2023-07-30","130204307","WH",4,,,,"",,"REW011A7",30069,6002,"2023-07-30","2023-08-20","USD",93.00,100,"3XS:20|2XS:20|XS:20|S:10|M:10|L:10|XL:10"
260108,"2023-07-25 08:39:53.45","#REW011",50.00,68.00,93.00,120.90,"2023-07-30","130204464","WH",4,,,,"",,"REW011A8",30070,8002,"2023-07-30","2023-08-20","USD",93.00,100,"3XS:20|2XS:20|XS:20|S:10|M:10|L:10|XL:10"
260109,"2023-07-25 08:39:53.45","#REW011",50.00,68.00,93.00,120.90,"2023-07-30","130203807","WH",4,,,,"",,"REW011A9",30071,1002,"2023-07-30","2023-08-20","USD",93.00,100,"3XS:20|2XS:20|XS:20|S:10|M:10|L:10|XL:10"
260110,"2023-07-25 08:39:53.45","#REW011",50.00,68.00,93.00,120.90,"2023-07-30","130204494","WH",4,,,,"",,"REW011B1",30072,3002,"2023-07-30","2023-08-20","USD",93.00,100,"3XS:20|2XS:20|XS:20|S:10|M:10|L:10|XL:10"
260111,"2023-07-25 08:39:53.45","#REW012",50.00,68.00,93.00,120.90,"2023-07-30","130204665","WH",4,,,,"",,"REW012A1",30073,4002,"2023-07-30","2023-08-20","USD",93.00,100,"3XS:20|2XS:20|XS:20|S:10|M:10|L:10|XL:10"
260112,"2023-07-25 08:39:53.45","#REW012",50.00,68.00,93.00,120.90,"2023-07-30","130203978","WH",4,,,,"",,"REW012A2",30029,5002,"2023-07-30","2023-08-20","USD",93.00,100,"3XS:20|2XS:20|XS:20|S:10|M:10|L:10|XL:10"
260113,"2023-07-25 08:39:53.45","#REW012",50.00,68.00,93.00,120.90,"2023-07-30","130204169","WH",4,,,,"",,"REW012A3",30013,6002,"2023-07-30","2023-08-20","USD",93.00,100,"3XS:20|2XS:20|XS:20|S:10|M:10|L:10|XL:10"
260114,"2023-07-25 08:39:53.45","#REW012",50.00,68.00,93.00,120.90,"2023-07-30","130204722","WH",4,,,,"",,"REW012A4",30022,8002,"2023-07-30","2023-08-20","USD",93.00,100,"3XS:20|2XS:20|XS:20|S:10|M:10|L:10|XL:10"
260115,"2023-07-25 08:39:53.45","#REW012",50.00,68.00,93.00,120.90,"2023-07-30","130204867","WH",4,,,,"",,"REW012A5",30045,1002,"2023-07-30","2023-08-20","USD",93.00,100,"3XS:20|2XS:20|XS:20|S:10|M:10|L:10|XL:10"
260116,"2023-07-25 08:39:53.45","#REW012",50.00,68.00,93.00,120.90,"2023-07-30","130204365","WH",4,,,,"",,"REW012A6",30046,3002,"2023-07-30","2023-08-20","USD",93.00,100,"3XS:20|2XS:20|XS:20|S:10|M:10|L:10|XL:10"
260117,"2023-07-25 08:39:53.45","#REW012",50.00,68.00,93.00,120.90,"2023-07-30","130204909","WH",4,,,,"",,"REW012A7",30047,4002,"2023-07-30","2023-08-20","USD",93.00,100,"3XS:20|2XS:20|XS:20|S:10|M:10|L:10|XL:10"
260118,"2023-07-25 08:39:53.45","#REW012",50.00,68.00,93.00,120.90,"2023-07-30","130204558","WH",4,,,,"",,"REW012A8",30065,5002,"2023-07-30","2023-08-20","USD",93.00,100,"3XS:20|2XS:20|XS:20|S:10|M:10|L:10|XL:10"
260119,"2023-07-25 08:39:53.45","#REW012",50.00,68.00,93.00,120.90,"2023-07-30","130204715","WH",4,,,,"",,"REW012A9",30074,6002,"2023-07-30","2023-08-20","USD",93.00,100,"3XS:20|2XS:20|XS:20|S:10|M:10|L:10|XL:10"
260120,"2023-07-25 08:39:53.45","#REW012",50.00,68.00,93.00,120.90,"2023-07-30","130205066","WH",4,,,,"",,"REW012B1",30075,8002,"2023-07-30","2023-08-20","USD",93.00,100,"3XS:20|2XS:20|XS:20|S:10|M:10|L:10|XL:10"
260121,"2023-07-25 08:39:53.45","#REW013",50.00,68.00,93.00,120.90,"2023-07-30","130205111","WH",4,,,,"",,"REW013A1",30025,1002,"2023-07-30","2023-08-20","USD",93.00,100,"3XS:20|2XS:20|XS:20|S:10|M:10|L:10|XL:10"
260122,"2023-07-25 08:39:53.45","#REW013",50.00,68.00,93.00,120.90,"2023-07-30","130204144","WH",4,,,,"",,"REW013A2",30026,3002,"2023-07-30","2023-08-20","USD",93.00,100,"3XS:20|2XS:20|XS:20|S:10|M:10|L:10|XL:10"
260123,"2023-07-25 08:39:53.45","#REW013",50.00,68.00,93.00,120.90,"2023-07-30","130204332","WH",4,,,,"",,"REW013A3",30027,4002,"2023-07-30","2023-08-20","USD",93.00,100,"3XS:20|2XS:20|XS:20|S:10|M:10|L:10|XL:10"
260124,"2023-07-25 08:39:53.45","#REW013",50.00,68.00,93.00,120.90,"2023-07-30","130204526","WH",4,,,,"",,"REW013A4",30066,5002,"2023-07-30","2023-08-20","USD",93.00,100,"3XS:20|2XS:20|XS:20|S:10|M:10|L:10|XL:10"
260125,"2023-07-25 08:39:53.45","#REW013",50.00,68.00,93.00,120.90,"2023-07-30","130204748","WH",4,,,,"",,"REW013A5",30067,6002,"2023-07-30","2023-08-20","USD",93.00,100,"3XS:20|2XS:20|XS:20|S:10|M:10|L:10|XL:10"
260126,"2023-07-25 08:39:53.45","#REW013",50.00,68.00,93.00,120.90,"2023-07-30","130204918","WH",4,,,,"",,"REW013A6",30068,8002,"2023-07-30","2023-08-20","USD",93.00,100,"3XS:20|2XS:20|XS:20|S:10|M:10|L:10|XL:10"
260127,"2023-07-25 08:39:53.45","#REW013",50.00,68.00,93.00,120.90,"2023-07-30","130205142","WH",4,,,,"",,"REW013A7",30069,1002,"2023-07-30","2023-08-20","USD",93.00,100,"3XS:20|2XS:20|XS:20|S:10|M:10|L:10|XL:10"
260128,"2023-07-25 08:39:53.45","#REW013",50.00,68.00,93.00,120.90,"2023-07-30","130205318","WH",4,,,,"",,"REW013A8",30070,3002,"2023-07-30","2023-08-20","USD",93.00,100,"3XS:20|2XS:20|XS:20|S:10|M:10|L:10|XL:10"
260129,"2023-07-25 08:39:53.45","#REW013",50.00,68.00,93.00,120.90,"2023-07-30","130203883","WH",4,,,,"",,"REW013A9",30071,4002,"2023-07-30","2023-08-20","USD",93.00,100,"3XS:20|2XS:20|XS:20|S:10|M:10|L:10|XL:10"
260130,"2023-07-25 08:39:53.45","#REW013",50.00,68.00,93.00,120.90,"2023-07-30","130204080","WH",4,,,,"",,"REW013B1",30072,5002,"2023-07-30","2023-08-20","USD",93.00,100,"3XS:20|2XS:20|XS:20|S:10|M:10|L:10|XL:10"
260131,"2023-07-25 08:39:53.45","#REW014",50.00,68.00,93.00,120.90,"2023-07-30","130204304","WH",4,,,,"",,"REW014A1",30073,6002,"2023-07-30","2023-08-20","USD",93.00,100,"3XS:20|2XS:20|XS:20|S:10|M:10|L:10|XL:10"
260132,"2023-07-25 08:39:53.45","#REW014",50.00,68.00,93.00,120.90,"2023-07-30","130204489","WH",4,,,,"",,"REW014A2",30029,8002,"2023-07-30","2023-08-20","USD",93.00,100,"3XS:20|2XS:20|XS:20|S:10|M:10|L:10|XL:10"
260133,"2023-07-25 08:39:53.45","#REW014",50.00,68.00,93.00,120.90,"2023-07-30","130203915","WH",4,,,,"",,"REW014A3",30013,1002,"2023-07-30","2023-08-20","USD",93.00,100,"3XS:20|2XS:20|XS:20|S:10|M:10|L:10|XL:10"
260134,"2023-07-25 08:39:53.45","#REW014",50.00,68.00,93.00,120.90,"2023-07-30","130204096","WH",4,,,,"",,"REW014A4",30022,3002,"2023-07-30","2023-08-20","USD",93.00,100,"3XS:20|2XS:20|XS:20|S:10|M:10|L:10|XL:10"
260135,"2023-07-25 08:39:53.45","#REW014",50.00,68.00,93.00,120.90,"2023-07-30","130204283","WH",4,,,,"",,"REW014A5",30045,4002,"2023-07-30","2023-08-20","USD",93.00,100,"3XS:20|2XS:20|XS:20|S:10|M:10|L:10|XL:10"
260136,"2023-07-25 08:39:53.45","#REW014",50.00,68.00,93.00,120.90,"2023-07-30","130204477","WH",4,,,,"",,"REW014A6",30046,5002,"2023-07-30","2023-08-20","USD",93.00,100,"3XS:20|2XS:20|XS:20|S:10|M:10|L:10|XL:10"
260137,"2023-07-25 08:39:53.45","#REW014",50.00,68.00,93.00,120.90,"2023-07-30","130204679","WH",4,,,,"",,"REW014A7",30047,6002,"2023-07-30","2023-08-20","USD",93.00,100,"3XS:20|2XS:20|XS:20|S:10|M:10|L:10|XL:10"
260138,"2023-07-25 08:39:53.45","#REW014",50.00,68.00,93.00,120.90,"2023-07-30","130204872","WH",4,,,,"",,"REW014A8",30065,8002,"2023-07-30","2023-08-20","USD",93.00,100,"3XS:20|2XS:20|XS:20|S:10|M:10|L:10|XL:10"
260139,"2023-07-25 08:39:53.45","#REW014",50.00,68.00,93.00,120.90,"2023-07-30","130203838","WH",4,,,,"",,"REW014A9",30074,1002,"2023-07-30","2023-08-20","USD",93.00,100,"3XS:20|2XS:20|XS:20|S:10|M:10|L:10|XL:10"
260140,"2023-07-25 08:39:53.45","#REW014",50.00,68.00,93.00,120.90,"2023-07-30","130204035","WH",4,,,,"",,"REW014B1",30075,3002,"2023-07-30","2023-08-20","USD",93.00,100,"3XS:20|2XS:20|XS:20|S:10|M:10|L:10|XL:10"
260141,"2023-07-25 08:39:53.45","#REW015",50.00,68.00,93.00,120.90,"2023-07-30","130205065","WH",4,,,,"",,"REW015A1",30025,4002,"2023-07-30","2023-08-20","USD",93.00,100,"3XS:20|2XS:20|XS:20|S:10|M:10|L:10|XL:10"
260142,"2023-07-25 08:39:53.45","#REW015",50.00,68.00,93.00,120.90,"2023-07-30","130203935","WH",4,,,,"",,"REW015A2",30026,5002,"2023-07-30","2023-08-20","USD",93.00,100,"3XS:20|2XS:20|XS:20|S:10|M:10|L:10|XL:10"
260143,"2023-07-25 08:39:53.45","#REW015",50.00,68.00,93.00,120.90,"2023-07-30","130204634","WH",4,,,,"",,"REW015A3",30027,6002,"2023-07-30","2023-08-20","USD",93.00,100,"3XS:20|2XS:20|XS:20|S:10|M:10|L:10|XL:10"
260144,"2023-07-25 08:39:53.45","#REW015",50.00,68.00,93.00,120.90,"2023-07-30","130204688","WH",4,,,,"",,"REW015A4",30066,8002,"2023-07-30","2023-08-20","USD",93.00,100,"3XS:20|2XS:20|XS:20|S:10|M:10|L:10|XL:10"
260145,"2023-07-25 08:39:53.45","#REW015",50.00,68.00,93.00,120.90,"2023-07-30","130204830","WH",4,,,,"",,"REW015A5",30067,1002,"2023-07-30","2023-08-20","USD",93.00,100,"3XS:20|2XS:20|XS:20|S:10|M:10|L:10|XL:10"
260146,"2023-07-25 08:39:53.45","#REW015",50.00,68.00,93.00,120.90,"2023-07-30","130205019","WH",4,,,,"",,"REW015A6",30068,3002,"2023-07-30","2023-08-20","USD",93.00,100,"3XS:20|2XS:20|XS:20|S:10|M:10|L:10|XL:10"
260147,"2023-07-25 08:39:53.45","#REW015",50.00,68.00,93.00,120.90,"2023-07-30","130205228","WH",4,,,,"",,"REW015A7",30069,4002,"2023-07-30","2023-08-20","USD",93.00,100,"3XS:20|2XS:20|XS:20|S:10|M:10|L:10|XL:10"
260148,"2023-07-25 08:39:53.45","#REW015",50.00,68.00,93.00,120.90,"2023-07-30","130203925","WH",4,,,,"",,"REW015A8",30070,5002,"2023-07-30","2023-08-20","USD",93.00,100,"3XS:20|2XS:20|XS:20|S:10|M:10|L:10|XL:10"
260149,"2023-07-25 08:39:53.45","#REW015",50.00,68.00,93.00,120.90,"2023-07-30","130204116","WH",4,,,,"",,"REW015A9",30071,6002,"2023-07-30","2023-08-20","USD",93.00,100,"3XS:20|2XS:20|XS:20|S:10|M:10|L:10|XL:10"
260150,"2023-07-25 08:39:53.45","#REW015",50.00,68.00,93.00,120.90,"2023-07-30","130203967","WH",4,,,,"",,"REW015B1",30072,8002,"2023-07-30","2023-08-20","USD",93.00,100,"3XS:20|2XS:20|XS:20|S:10|M:10|L:10|XL:10"
260151,"2023-07-25 08:39:53.45","#REW016",50.00,68.00,93.00,120.90,"2023-07-30","130204180","WH",4,,,,"",,"REW016A1",30073,1002,"2023-07-30","2023-08-20","USD",93.00,100,"3XS:20|2XS:20|XS:20|S:10|M:10|L:10|XL:10"
260152,"2023-07-25 08:39:53.45","#REW016",50.00,68.00,93.00,120.90,"2023-07-30","130204364","WH",4,,,,"",,"REW016A2",30029,3002,"2023-07-30","2023-08-20","USD",93.00,100,"3XS:20|2XS:20|XS:20|S:10|M:10|L:10|XL:10"
260153,"2023-07-25 08:39:53.45","#REW016",50.00,68.00,93.00,120.90,"2023-07-30","130204376","WH",4,,,,"",,"REW016A3",30013,4002,"2023-07-30","2023-08-20","USD",93.00,100,"3XS:20|2XS:20|XS:20|S:10|M:10|L:10|XL:10"
260154,"2023-07-25 08:39:53.45","#REW016",50.00,68.00,93.00,120.90,"2023-07-30","130204604","WH",4,,,,"",,"REW016A4",30022,5002,"2023-07-30","2023-08-20","USD",93.00,100,"3XS:20|2XS:20|XS:20|S:10|M:10|L:10|XL:10"
260155,"2023-07-25 08:39:53.45","#REW016",50.00,68.00,93.00,120.90,"2023-07-30","130204553","WH",4,,,,"",,"REW016A5",30045,6002,"2023-07-30","2023-08-20","USD",93.00,100,"3XS:20|2XS:20|XS:20|S:10|M:10|L:10|XL:10"
260156,"2023-07-25 08:39:53.45","#REW016",50.00,68.00,93.00,120.90,"2023-07-30","130204774","WH",4,,,,"",,"REW016A6",30046,8002,"2023-07-30","2023-08-20","USD",93.00,100,"3XS:20|2XS:20|XS:20|S:10|M:10|L:10|XL:10"
260157,"2023-07-25 08:39:53.45","#REW016",50.00,68.00,93.00,120.90,"2023-07-30","130204807","WH",4,,,,"",,"REW016A7",30047,1002,"2023-07-30","2023-08-20","USD",93.00,100,"3XS:20|2XS:20|XS:20|S:10|M:10|L:10|XL:10"
260158,"2023-07-25 08:39:53.45","#REW016",50.00,68.00,93.00,120.90,"2023-07-30","130204935","WH",4,,,,"",,"REW016A8",30065,3002,"2023-07-30","2023-08-20","USD",93.00,100,"3XS:20|2XS:20|XS:20|S:10|M:10|L:10|XL:10"
260159,"2023-07-25 08:39:53.45","#REW016",50.00,68.00,93.00,120.90,"2023-07-30","130205165","WH",4,,,,"",,"REW016A9",30074,4002,"2023-07-30","2023-08-20","USD",93.00,100,"3XS:20|2XS:20|XS:20|S:10|M:10|L:10|XL:10"
260160,"2023-07-25 08:39:53.45","#REW016",50.00,68.00,93.00,120.90,"2023-07-30","130205001","WH",4,,,,"",,"REW016B1",30075,5002,"2023-07-30","2023-08-20","USD",93.00,100,"3XS:20|2XS:20|XS:20|S:10|M:10|L:10|XL:10"
260161,"2023-07-25 08:39:53.45","#REW017",50.00,68.00,93.00,120.90,"2023-07-30","130205188","WH",4,,,,"",,"REW017A1",30025,6002,"2023-07-30","2023-08-20","USD",93.00,100,"3XS:20|2XS:20|XS:20|S:10|M:10|L:10|XL:10"
260162,"2023-07-25 08:39:53.45","#REW017",50.00,68.00,93.00,120.90,"2023-07-30","130205343","WH",4,,,,"",,"REW017A2",30026,8002,"2023-07-30","2023-08-20","USD",93.00,100,"3XS:20|2XS:20|XS:20|S:10|M:10|L:10|XL:10"
260163,"2023-07-25 08:39:53.45","#REW017",50.00,68.00,93.00,120.90,"2023-07-30","130205372","WH",4,,,,"",,"REW017A3",30027,1002,"2023-07-30","2023-08-20","USD",93.00,100,"3XS:20|2XS:20|XS:20|S:10|M:10|L:10|XL:10"
260164,"2023-07-25 08:39:53.45","#REW017",50.00,68.00,93.00,120.90,"2023-07-30","130203892","WH",4,,,,"",,"REW017A4",30066,3002,"2023-07-30","2023-08-20","USD",93.00,100,"3XS:20|2XS:20|XS:20|S:10|M:10|L:10|XL:10"
260165,"2023-07-25 08:39:53.45","#REW017",50.00,68.00,93.00,120.90,"2023-07-30","130204105","WH",4,,,,"",,"REW017A5",30067,4002,"2023-07-30","2023-08-20","USD",93.00,100,"3XS:20|2XS:20|XS:20|S:10|M:10|L:10|XL:10"
260166,"2023-07-25 08:39:53.45","#REW017",50.00,68.00,93.00,120.90,"2023-07-30","130204299","WH",4,,,,"",,"REW017A6",30068,5002,"2023-07-30","2023-08-20","USD",93.00,100,"3XS:20|2XS:20|XS:20|S:10|M:10|L:10|XL:10"
260167,"2023-07-25 08:39:53.45","#REW017",50.00,68.00,93.00,120.90,"2023-07-30","130204505","WH",4,,,,"",,"REW017A7",30069,6002,"2023-07-30","2023-08-20","USD",93.00,100,"3XS:20|2XS:20|XS:20|S:10|M:10|L:10|XL:10"
260168,"2023-07-25 08:39:53.45","#REW017",50.00,68.00,93.00,120.90,"2023-07-30","130204689","WH",4,,,,"",,"REW017A8",30070,8002,"2023-07-30","2023-08-20","USD",93.00,100,"3XS:20|2XS:20|XS:20|S:10|M:10|L:10|XL:10"
260169,"2023-07-25 08:39:53.45","#REW017",50.00,68.00,93.00,120.90,"2023-07-30","130205266","WH",4,,,,"",,"REW017A9",30071,1002,"2023-07-30","2023-08-20","USD",93.00,100,"3XS:20|2XS:20|XS:20|S:10|M:10|L:10|XL:10"
260170,"2023-07-25 08:39:53.45","#REW017",50.00,68.00,93.00,120.90,"2023-07-30","130203821","WH",4,,,,"",,"REW017B1",30072,3002,"2023-07-30","2023-08-20","USD",93.00,100,"3XS:20|2XS:20|XS:20|S:10|M:10|L:10|XL:10"
260171,"2023-07-25 08:39:53.45","#REW018",50.00,68.00,93.00,120.90,"2023-07-30","130203930","WH",4,,,,"",,"REW018A1",30073,4002,"2023-07-30","2023-08-20","USD",93.00,100,"3XS:20|2XS:20|XS:20|S:10|M:10|L:10|XL:10"
260172,"2023-07-25 08:39:53.45","#REW018",50.00,68.00,93.00,120.90,"2023-07-30","130204032","WH",4,,,,"",,"REW018A2",30029,5002,"2023-07-30","2023-08-20","USD",93.00,100,"3XS:20|2XS:20|XS:20|S:10|M:10|L:10|XL:10"
260173,"2023-07-25 08:39:53.45","#REW018",50.00,68.00,93.00,120.90,"2023-07-30","130204100","WH",4,,,,"",,"REW018A3",30013,6002,"2023-07-30","2023-08-20","USD",93.00,100,"3XS:20|2XS:20|XS:20|S:10|M:10|L:10|XL:10"
260174,"2023-07-25 08:39:53.45","#REW018",50.00,68.00,93.00,120.90,"2023-07-30","130204232","WH",4,,,,"",,"REW018A4",30022,8002,"2023-07-30","2023-08-20","USD",93.00,100,"3XS:20|2XS:20|XS:20|S:10|M:10|L:10|XL:10"
260175,"2023-07-25 08:39:53.45","#REW018",50.00,68.00,93.00,120.90,"2023-07-30","130204303","WH",4,,,,"",,"REW018A5",30045,1002,"2023-07-30","2023-08-20","USD",93.00,100,"3XS:20|2XS:20|XS:20|S:10|M:10|L:10|XL:10"
260176,"2023-07-25 08:39:53.45","#REW018",50.00,68.00,93.00,120.90,"2023-07-30","130204432","WH",4,,,,"",,"REW018A6",30046,3002,"2023-07-30","2023-08-20","USD",93.00,100,"3XS:20|2XS:20|XS:20|S:10|M:10|L:10|XL:10"
260177,"2023-07-25 08:39:53.45","#REW018",50.00,68.00,93.00,120.90,"2023-07-30","130204485","WH",4,,,,"",,"REW018A7",30047,4002,"2023-07-30","2023-08-20","USD",93.00,100,"3XS:20|2XS:20|XS:20|S:10|M:10|L:10|XL:10"
260178,"2023-07-25 08:39:53.45","#REW018",50.00,68.00,93.00,120.90,"2023-07-30","130204145","WH",4,,,,"",,"REW018A8",30065,5002,"2023-07-30","2023-08-20","USD",93.00,100,"3XS:20|2XS:20|XS:20|S:10|M:10|L:10|XL:10"
260179,"2023-07-25 08:39:53.45","#REW018",50.00,68.00,93.00,120.90,"2023-07-30","130204385","WH",4,,,,"",,"REW018A9",30074,6002,"2023-07-30","2023-08-20","USD",93.00,100,"3XS:20|2XS:20|XS:20|S:10|M:10|L:10|XL:10"
260180,"2023-07-25 08:39:53.45","#REW018",50.00,68.00,93.00,120.90,"2023-07-30","130204590","WH",4,,,,"",,"REW018B1",30075,8002,"2023-07-30","2023-08-20","USD",93.00,100,"3XS:20|2XS:20|XS:20|S:10|M:10|L:10|XL:10"
260181,"2023-07-25 08:39:53.45","#REW019",50.00,68.00,93.00,120.90,"2023-07-30","130204792","WH",4,,,,"",,"REW019A1",30025,1002,"2023-07-30","2023-08-20","USD",93.00,100,"3XS:20|2XS:20|XS:20|S:10|M:10|L:10|XL:10"
260182,"2023-07-25 08:39:53.45","#REW019",50.00,68.00,93.00,120.90,"2023-07-30","130204719","WH",4,,,,"",,"REW019A2",30026,3002,"2023-07-30","2023-08-20","USD",93.00,100,"3XS:20|2XS:20|XS:20|S:10|M:10|L:10|XL:10"
260183,"2023-07-25 08:39:53.45","#REW019",50.00,68.00,93.00,120.90,"2023-07-30","130205000","WH",4,,,,"",,"REW019A3",30027,4002,"2023-07-30","2023-08-20","USD",93.00,100,"3XS:20|2XS:20|XS:20|S:10|M:10|L:10|XL:10"
260184,"2023-07-25 08:39:53.45","#REW019",50.00,68.00,93.00,120.90,"2023-07-30","130204888","WH",4,,,,"",,"REW019A4",30066,5002,"2023-07-30","2023-08-20","USD",93.00,100,"3XS:20|2XS:20|XS:20|S:10|M:10|L:10|XL:10"
260185,"2023-07-25 08:39:53.45","#REW019",50.00,68.00,93.00,120.90,"2023-07-30","130205107","WH",4,,,,"",,"REW019A5",30067,6002,"2023-07-30","2023-08-20","USD",93.00,100,"3XS:20|2XS:20|XS:20|S:10|M:10|L:10|XL:10"
260186,"2023-07-25 08:39:53.45","#REW019",50.00,68.00,93.00,120.90,"2023-07-30","130205190","WH",4,,,,"",,"REW019A6",30068,8002,"2023-07-30","2023-08-20","USD",93.00,100,"3XS:20|2XS:20|XS:20|S:10|M:10|L:10|XL:10"
260187,"2023-07-25 08:39:53.45","#REW019",50.00,68.00,93.00,120.90,"2023-07-30","130205363","WH",4,,,,"",,"REW019A7",30069,1002,"2023-07-30","2023-08-20","USD",93.00,100,"3XS:20|2XS:20|XS:20|S:10|M:10|L:10|XL:10"
260188,"2023-07-25 08:39:53.45","#REW019",50.00,68.00,93.00,120.90,"2023-07-30","130205299","WH",4,,,,"",,"REW019A8",30070,3002,"2023-07-30","2023-08-20","USD",93.00,100,"3XS:20|2XS:20|XS:20|S:10|M:10|L:10|XL:10"
260189,"2023-07-25 08:39:53.45","#REW019",50.00,68.00,93.00,120.90,"2023-07-30","130203903","WH",4,,,,"",,"REW019A9",30071,4002,"2023-07-30","2023-08-20","USD",93.00,100,"3XS:20|2XS:20|XS:20|S:10|M:10|L:10|XL:10"
260190,"2023-07-25 08:39:53.45","#REW019",50.00,68.00,93.00,120.90,"2023-07-30","130204858","WH",4,,,,"",,"REW019B1",30072,5002,"2023-07-30","2023-08-20","USD",93.00,100,"3XS:20|2XS:20|XS:20|S:10|M:10|L:10|XL:10"
260191,"2023-07-25 08:39:53.45","#REW020",50.00,68.00,93.00,120.90,"2023-07-30","130205063","WH",4,,,,"",,"REW020A1",30073,6002,"2023-07-30","2023-08-20","USD",93.00,100,"3XS:20|2XS:20|XS:20|S:10|M:10|L:10|XL:10"
260192,"2023-07-25 08:39:53.45","#REW020",50.00,68.00,93.00,120.90,"2023-07-30","130205264","WH",4,,,,"",,"REW020A2",30029,8002,"2023-07-30","2023-08-20","USD",93.00,100,"3XS:20|2XS:20|XS:20|S:10|M:10|L:10|XL:10"
260193,"2023-07-25 08:39:53.45","#REW020",50.00,68.00,93.00,120.90,"2023-07-30","130204876","WH",4,,,,"",,"REW020A3",30013,1002,"2023-07-30","2023-08-20","USD",93.00,100,"3XS:20|2XS:20|XS:20|S:10|M:10|L:10|XL:10"
260194,"2023-07-25 08:39:53.45","#REW020",50.00,68.00,93.00,120.90,"2023-07-30","130205098","WH",4,,,,"",,"REW020A4",30022,3002,"2023-07-30","2023-08-20","USD",93.00,100,"3XS:20|2XS:20|XS:20|S:10|M:10|L:10|XL:10"
260195,"2023-07-25 08:39:53.45","#REW020",50.00,68.00,93.00,120.90,"2023-07-30","130205287","WH",4,,,,"",,"REW020A5",30045,4002,"2023-07-30","2023-08-20","USD",93.00,100,"3XS:20|2XS:20|XS:20|S:10|M:10|L:10|XL:10"
260196,"2023-07-25 08:39:53.45","#REW020",50.00,68.00,93.00,120.90,"2023-07-30","130203852","WH",4,,,,"",,"REW020A6",30046,5002,"2023-07-30","2023-08-20","USD",93.00,100,"3XS:20|2XS:20|XS:20|S:10|M:10|L:10|XL:10"
260197,"2023-07-25 08:39:53.45","#REW020",50.00,68.00,93.00,120.90,"2023-07-30","130204059","WH",4,,,,"",,"REW020A7",30047,6002,"2023-07-30","2023-08-20","USD",93.00,100,"3XS:20|2XS:20|XS:20|S:10|M:10|L:10|XL:10"
260198,"2023-07-25 08:39:53.45","#REW020",50.00,68.00,93.00,120.90,"2023-07-30","130204267","WH",4,,,,"",,"REW020A8",30065,8002,"2023-07-30","2023-08-20","USD",93.00,100,"3XS:20|2XS:20|XS:20|S:10|M:10|L:10|XL:10"
260199,"2023-07-25 08:39:53.45","#REW020",50.00,68.00,93.00,120.90,"2023-07-30","130204460","WH",4,,,,"",,"REW020A9",30074,1002,"2023-07-30","2023-08-20","USD",93.00,100,"3XS:20|2XS:20|XS:20|S:10|M:10|L:10|XL:10"
260200,"2023-07-25 08:39:53.45","#REW020",50.00,68.00,93.00,120.90,"2023-07-30","130204661","WH",4,,,,"",,"REW020B1",30075,3002,"2023-07-30","2023-08-20","USD",93.00,100,"3XS:20|2XS:20|XS:20|S:10|M:10|L:10|XL:10"