Option ID,Country of Manufacturer
138299196,AE
138299199,AE
138320855,AE
138320856,AE
138321701,AE
138321724,AE
138321919,AE
138323948,AE
138323950,AE
138324003,AE
138324687,AE
138324695,AE
138324705,AE
138324955,AE
138325288,AE
138329045,AE
138339417,AE
138339626,AE
138339627,AE
138340285,AE
138340307,AE
138340346,AE
138341037,AE
138342165,AE
138343630,AE
138348550,AE
138363243,AE
138363796,AE
138363797,AE
138363801,AE
138363808,AE
138363810,AE
138363813,AE
138364001,AE
138364015,AE
138364029,AE
138364035,AE
138364036,AE
138364811,AE
138365124,AE
138370158,AE
138370221,AE
138386417,AE
138386570,AE
138386571,AE
138386574,AE
138386582,AE
138386895,AE
138386979,AE
138387323,AE
