Action,PO ID,Handover Window Start Date,Handover Window End Date,Expected Handover Date
Cancel,500033484842,,,
Cancel,500033484842,,,
Cancel,500032940562,,,
Cancel,500032940562,,,
Cancel,500033276996,,,
Cancel,500033276996,,,
Cancel,500033317556,,,
Cancel,500033317556,,,
Cancel,500033267536,,,
Cancel,500033267536,,,
Cancel,500033032239,,,
Cancel,500033032239,,,
Cancel,500033173791,,,
Cancel,500033173791,,,
Cancel,500033173803,,,
Cancel,500033173803,,,
Cancel,500033184883,,,
Cancel,500033184883,,,
Cancel,500033201106,,,
Cancel,500033201106,,,
Cancel,500033113873,,,
Cancel,500033113873,,,
Cancel,500033113887,,,
Cancel,500033113887,,,
Cancel,500033113889,,,
Cancel,500033113889,,,
Update,500033206479,27/10/2026,10/12/2026,08/11/2026
Update,500032293347,27/10/2026,10/12/2026,08/11/2026
Update,500033432485,27/10/2026,10/12/2026,08/11/2026
Update,500033142198,27/10/2026,10/12/2026,08/11/2026
Update,500033202022,27/10/2026,10/12/2026,08/11/2026
Update,500033403861,27/10/2026,10/12/2026,08/11/2026
Update,500033082553,27/10/2026,10/12/2026,08/11/2026
Update,500032861888,27/10/2026,10/12/2026,08/11/2026
Update,500033325258,27/10/2026,10/12/2026,08/11/2026
Update,500033338542,27/10/2026,10/12/2026,08/11/2026
Update,500033294444,27/10/2026,10/12/2026,08/11/2026
Update,500033295269,27/10/2026,10/12/2026,08/11/2026
Update,500033432752,27/10/2026,10/12/2026,08/11/2026
Update,500033432759,27/10/2026,10/12/2026,08/11/2026
Update,500033066057,27/10/2026,10/12/2026,08/11/2026
Update,500033118929,27/10/2026,10/12/2026,08/11/2026
Update,500033207579,27/10/2026,10/12/2026,08/11/2026
Update,500032526532,27/10/2026,10/12/2026,08/11/2026
Update,500032470008,27/10/2026,10/12/2026,08/11/2026
Update,500032786870,27/10/2026,10/12/2026,08/11/2026
Update,500033353118,27/10/2026,10/12/2026,08/11/2026
Update,500033373926,27/10/2026,10/12/2026,08/11/2026
Update,500032322134,27/10/2026,10/12/2026,08/11/2026
Update,500032322154,27/10/2026,10/12/2026,08/11/2026
Update,500033394025,27/10/2026,10/12/2026,08/11/2026
Update,500033394038,27/10/2026,10/12/2026,08/11/2026
Update,500032899751,27/10/2026,10/12/2026,08/11/2026
Update,500032899817,27/10/2026,10/12/2026,08/11/2026
Update,500033361868,27/10/2026,10/12/2026,08/11/2026
Update,500033023161,27/10/2026,10/12/2026,08/11/2026
Update,500033393956,27/10/2026,10/12/2026,08/11/2026
Update,500032711432,27/10/2026,10/12/2026,08/11/2026
Update,500032512092,27/10/2026,10/12/2026,08/11/2026
Update,500032927093,27/10/2026,10/12/2026,08/11/2026
Update,500032927096,27/10/2026,10/12/2026,08/11/2026