Group no,Item_Number_1,Item_Number_2,Item_Number_3,Item_Number_4
11994,143359825,142435456,142997711,141912558
11996,143359822,142435455,142997710,141912554
12000,143359820,142435454,142997709,141912552
12001,143359807,142435393,142997708,141912550
12002,143359806,142435278,142997707,141912548
12003,143358080,142435276,142997706,141912489
12004,143358079,142435275,142997705,141912488
12005,143358078,142434990,142997704,141912487
12009,143358077,142434989,142997703,141912467
12010,143358045,142434984,142997702,141912445
12011,143358044,142434769,142997701,141912401
12012,143358043,142434767,142997700,141912400
12013,143358042,142434765,142997699,141912399
12014,143358041,142434764,142997698,141912398
12016,143358039,142434762,142997697,141912381
12017,143358037,142434760,142997696,141912380
12018,143358036,142434759,142997695,141912379
12019,143358035,142434758,142997694,141912378
12020,143358034,142434757,142997693,141912271
12023,143358001,142434756,142997627,141912270
12024,143358000,142434755,142997626,141912269
12025,143357999,142434754,142997593,141912268
12026,143357973,142434753,142997592,141912267
12028,143357971,142434752,142997591,141912266
12029,143357970,142434751,142997590,141912265
12031,143357945,142434750,142997534,141912264
12033,143357944,142434749,142997513,141912263
12034,143357903,142434748,142997512,141912262
12036,143357902,142434747,142997511,141912260
12037,143357901,142434746,142997510,141912152
12038,143357900,142434745,142997509,141912151
12039,143357805,142434742,142997487,141912146
12040,143357804,142434594,142997486,141912105
12041,143357718,142434593,142997485,141912104
12044,143357717,142434592,142997484,141912103
12045,143357716,142434591,142997483,141912102
12046,143357715,142434590,142997482,141912101
12047,143357713,142434589,142997481,141911663
12048,143357712,142434588,142997480,141910929
12049,143357695,142434587,142997479,141910928
12050,143357694,142434586,142997478,141910927
12051,143357577,142434585,142997477,141910854
12053,143357576,142434584,142997476,141910853
12055,143357575,142434583,142997475,141910852
12056,143357574,142434340,142997474,141910851
12057,143357573,142434339,142997473,141910850
12059,143357572,142434338,142997452,141910849
12060,143357571,142434337,142997451,141910841
12064,143357317,142434314,142997450,141910744
12066,143357316,142434298,142997449,141910742
12067,143357288,142434290,142997448,141910741
12068,143357283,142434221,142997447,141910740
12069,143357237,142434219,142997446,141909262
12070,143357236,142434216,142997445,141909261
12071,143357235,142434213,142997444,141909260
12072,143357234,142434210,142997443,141909247
12076,143357233,142434209,142997442,141909246
12077,143357232,142434208,142997441,141909245
12078,143357231,142434159,142997421,141909244
12079,143357214,142434158,142997420,141909243
12081,143357213,142434157,142997419,141909242
12082,143357188,142434156,142997109,141909241
12083,143357187,142434155,142997008,141909073
12084,143357186,142434154,142997007,141909068
12085,143357161,142434124,142997006,141909067
12086,143357160,142433234,142997005,141909066
12087,143357159,142433233,142997004,141909065
12088,143357158,142433232,142997003,141909064
12089,143357157,142433231,142996954,141909063
12090,143357156,142433230,142996953,141909062
12091,143357127,142433229,142996952,141909061
12092,143357126,142433228,142996951,141909060
12093,143357125,142433227,142996950,141909059
12094,143357124,142433226,142996949,141909058
12095,143357123,142433225,142996900,141909057
12097,143357122,142433224,142996899,141909056
12098,143357010,142433223,142996898,141909055
12099,143357009,142433222,142996897,141909054
12100,143357008,142433221,142996896,141863209
12102,143357007,142432991,142996895,141863142
12103,143357006,142432990,142996884,141863141
12104,143357005,142432850,142996864,141863140
12105,143357004,142432849,142996863,141863139
12107,143357003,142432772,142996862,141863091
12108,143357002,142432646,142996834,141862984
12109,143357001,142432645,142996833,141862697
12110,143357000,142432644,142996832,141862696
12111,143356999,142432638,142996769,141862695
12112,143356998,142432635,142996768,141862694
12115,143356982,142432631,142996767,141862693
12117,143356981,142432629,142996656,141862685
12118,143356979,142432628,142996653,141862677
12119,143356922,142432476,142996652,141862663
12121,143356921,142432475,142996651,141862662
12122,143356920,142432474,142996650,141862661
12123,143356919,142432473,142996537,141862660
12124,143356918,142432428,142996514,141862659
12125,143356917,142432427,142996432,141862658
12126,143356916,142432426,142996431,141862645
12128,143356915,142432264,142996430,141862644
12129,143356914,142432263,142996429,141862643
12130,143356913,142432262,142996428,141862634
12131,143356912,142432261,142996420,141862633
12132,143356911,142432260,142996419,141862626
12134,143356910,142432259,142996413,141862585
12135,143356847,142432258,142996361,141862582
12142,143356771,142432257,142996360,141862580
12147,143356770,142432191,142996359,141862579
12149,143356769,142432190,142996358,141862517
12150,143356768,142432189,142996357,141862429
12151,143356767,142432188,142996356,141862428
12152,143356766,142432187,142996334,141862427
12153,143356748,142432186,142996329,141862426
12154,143356600,142432185,142996328,141862425
12156,143356467,142432184,142996327,141861349
12157,143356464,142432103,142996326,141861348
12158,143356463,142432102,142996267,141861347
12159,143356462,142432101,142996266,141861346
12160,143356461,142432100,142996249,141861345
12161,143356460,142432099,142996246,141861344
12162,143356459,142432098,142996223,141861343
12163,143356458,142432097,142996222,141861342
12164,143356457,142432096,142996196,141861341
12165,143356456,142432095,142996195,141861340
12167,143356455,142432094,142996194,141861339
12168,143356454,142431860,142996193,141861338
12169,143356453,142431859,142996184,141861337
12170,143356024,142431858,142996183,141861336
12171,143356003,142431857,142974845,141861335
12172,143356002,142431856,142974844,141861334
12173,143356001,142431855,142974843,141861333
12174,143356000,142431854,142974842,141861332
12175,143355999,142431853,142974841,141861281
12176,143355839,142431852,142974840,141861278
12177,143355838,142431696,142974839,141861277
12178,143355835,142431695,142974833,141861274
12179,143355834,142431694,142974832,141861273
12180,143355833,142431693,142974831,141861272
12181,143355832,142431692,142974830,141861243
12182,143355831,142431691,142974805,141861242
12183,143355830,142431690,142974804,141861029
12184,143355829,142431689,142974803,141861028
12185,143355828,142431688,142974696,141861027
12186,143355827,142431687,142974695,141861026
12188,143355826,142431686,142974694,141861025
12189,143355825,142431685,142974693,141861024
12190,143355824,142431684,142974688,141861023
12191,143355823,142431683,142974652,141861018
12192,143355822,142431594,142974486,141861017
12193,143355821,142431593,142974485,141861016
12194,143355820,142431592,142974484,141861015
12195,143355811,142431591,142974483,141861014
12197,143355648,142431590,142974482,141861013
12198,143355647,142431589,142974481,141861012
12200,143355646,142431588,142974480,141861011
12201,143355645,142431587,142974479,141861000
12203,143355644,142431586,142974478,141860976
12204,143355643,142431585,142974469,141860975
12205,143355594,142431584,142974468,141860974
12206,143355593,142431510,142974459,141860742
12207,143355592,142431509,142974458,141860741
12208,143355591,142431508,142974260,141860740
12209,143355506,142431507,142974259,141860733
12210,143355505,142431506,142974258,141860732
12212,143355504,142431505,142974257,141860731
12213,143355503,142431504,142974256,141860730
12214,143355502,142431503,142974255,141860729
12215,143355501,142431502,142974254,141860728
12216,143355500,142431428,142974253,141860695
12217,143355499,142431427,142974252,141860691
12218,143355498,142431426,142974251,141860661
12221,143355497,142431425,142974244,141860202
12222,143355496,142431424,142974207,141860197
12226,143355495,142431423,142974206,141860118
12229,143355431,142431422,142974205,141860117
12230,143355430,142431421,142974198,141860116
12231,143355429,142431262,142974197,141860099
12232,143355428,142431261,142973839,141860098
12233,143355427,142431174,142973838,141860097
12234,143355397,142431173,142973835,141860096
12235,143355350,142431172,142973834,141860091
12237,143355349,142431171,142973833,141860040
12239,143355338,142430094,142973832,141860037
12240,143355300,142430093,142973831,141860036
12241,143355292,142430092,142973830,141860028
12242,143329932,142430091,142973748,141860001
12243,143329930,142430090,142973747,141859862
12244,143329929,142430089,142973744,141859861
12245,143329928,142430088,142973743,141859860
12246,143329906,142430087,142973742,141859787
12247,143329905,142430086,142973741,141859786
12248,143329904,142430085,142973740,141859785
12249,143329833,142430071,142973739,141859784
12250,143329832,142430070,142973591,141859783
12251,143329831,142430047,142973590,141859782
12252,143329830,142429590,142973588,141859781
12253,143329829,142429543,142973587,141859780
12254,143329828,142429300,142973586,141859779
12261,143329813,142429299,142973240,141859778
12262,143329812,142429298,142973207,141859734
12263,143329811,142429297,142973206,141859733
12264,143329691,142429296,142973205,141859715
12265,143329690,142429295,142973204,141859714
12266,143329689,142429294,142973203,141859713
12270,143329688,142429293,142973201,141859712
12271,143329687,142429292,142973200,141859711
12272,143329686,142429291,142973175,141859710
12273,143329573,142429290,142973174,141859709
12274,143329572,142429289,142973173,141859708
12278,143329570,142429288,142972986,141859707
12279,143329569,142428672,142972985,141859706
12280,143329532,142428671,142972984,141859705
12281,143329531,142428670,142972983,141859704
12282,143329530,142428669,142972982,141859703
12284,143329281,142428573,142972981,141859669
12285,143329280,142428572,142972980,141859668
12286,143329279,142428571,142972979,141859667
12287,143329278,142428570,142972974,141859666
12288,143329277,142428569,142972973,141859664
12289,143329276,142428568,142972972,141859329
12290,143329275,142428566,142972971,141859328
12291,143329254,142428565,142972970,141859264
12292,143329253,142428564,142972969,141859263
12293,143329194,142428562,142972968,141859262
12294,143328866,142428561,142972967,141859261
12295,143328856,142428560,142972966,141859260
12296,143328855,142428523,142972965,141859259
12297,143328854,142428522,142972964,141859133
12298,143328850,142428521,142972663,141859132
12300,143328849,142428466,142972654,141858482
12301,143328844,142428465,142972653,141858399
12302,143328583,142428464,142972608,141858398
12303,143328582,142428463,142972607,141858397
12304,143328581,142428415,142972606,141858393
12305,143328580,142428414,142972605,141858392
12306,143328579,142428413,142972604,141858391
12307,143328577,142428412,142972390,141858390
12309,143328576,142428379,142972389,141858355
12310,143328574,142428377,142972388,141858354
12311,143328573,142428246,142972387,141858353
12313,143328571,142428245,142972386,141858352
12314,143328570,142428244,142972375,141858351
12315,143328568,142428243,142972360,141858309
12316,143328567,142428201,142972359,141858276
12317,143328566,142428200,142972358,141858275
12319,143328565,142428199,142972353,141858274
12320,143328564,142428198,142972340,141858273
12321,143328563,142428197,142972339,141858272
12322,143328562,142428192,142972338,141858237
12323,143328561,142427277,142972192,141858235
12324,143328560,142427276,142972191,141858234
12325,143328559,142427275,142972178,141858233
12326,143328558,142426736,142972177,141858232
12327,143328557,142426734,142972016,141858231
12328,143328556,142426697,142972015,141858229
12329,143328555,142426696,142972006,141858222
12331,143328554,142426695,142972004,141858221
12332,143328545,142407268,142971968,141858110
12333,143328544,142407267,142971967,141858109
12334,143328543,142406678,142971966,141858108
12335,143328473,142406639,142914124,141858107
12336,143328472,142406638,142914123,141858106
12342,143328471,142406637,142914122,141858079
12349,143328470,142406636,142914119,141858078
12350,143328469,142406635,142914116,141857761
12351,143328468,142405610,142914115,141857760
12352,143328467,142404353,142914114,141857759
12353,143328466,142404352,142914113,141857758
12354,143328465,142403437,142914112,141857599
12355,143328464,142403436,142914111,141857598
12356,143328463,142403435,142914110,141857597
12357,143328462,142403434,142914109,141857596
12358,143328461,142403433,142914108,141857589
12359,143328460,142403244,142914107,141857548
12363,143328459,142403243,142914106,141857547
12364,143328458,142403242,142914105,141857546
12365,143328408,142402083,142914103,141857545
12366,143328407,142402082,142914102,141857544
12367,143328406,142402081,142914101,141857543
12368,143328378,142402080,142914100,141857541
12370,143328377,142402079,142914097,141857540
12371,143328376,142402077,142914096,141857539
12372,143328375,142402076,142914095,141857538
12373,143328294,142402075,142914094,141826972
12374,143328293,142402074,142914089,141826971
12375,143328292,142402073,142914088,141826970
12376,143328291,142402072,142914087,141826969
12377,143328290,142402069,142914086,141826968
12378,143328289,142402068,142914085,141826967
12379,143328288,142402066,142914084,141826966
12381,143328287,142402065,142914083,141826965
12382,143328286,142402064,142914082,141826964
12383,143328285,142402063,142914081,141826963
12384,143328247,142402062,142914080,141826928
12385,143328246,142402061,142914079,141826927
12386,143328245,142402060,142914078,141826922
12387,143328244,142402059,142914077,141826890
12388,143328243,142402058,142914076,141826889
12390,143328242,142402057,142914075,141826840
12392,143328241,142402056,142914074,141826839
12393,143328240,142402055,142914073,141826617
12394,143328239,142402054,142914072,141826616
12395,143328166,142402053,142914071,141826614
12396,143328165,142402052,142914070,141826613
12397,143328164,142402051,142914069,141826612
12398,143328163,142402050,142914068,141826611
12399,143328162,142402049,142914067,141826609
12400,143328161,142402048,142914066,141826608
12401,143328147,142402047,142914065,141826607
12402,143328146,142402046,142914063,141826606
12403,143328145,142402045,142914062,141826603
12404,143328062,142402044,142914061,141826602
12406,143328061,142402042,142914059,141826370
12407,143328060,142402041,142914058,141826369
12408,143328059,142402040,142914057,141826367
12411,143328058,142402039,142914024,141826365
12412,143328057,142402038,142913999,141826364
12413,143328056,142402037,142913998,141826363
12414,143327979,142402036,142913997,141826362
12415,143327977,142402035,142913923,141826361
12417,143327976,142402034,142913922,141826360
12418,143327975,142401898,142913865,141826359
12419,143327974,142401897,142913864,141826358
12420,143327964,142401896,142913863,141826357
12421,143327963,142401895,142913862,141826356
12422,143327944,142401894,142913861,141826355
12423,143327943,142401893,142913860,141826354
12425,143327905,142401886,142913858,141826353
12426,143327904,142401885,142913857,141826352
12427,143327903,142401810,142913148,141826351
12428,143327902,142400001,142913147,141826350
12429,143327901,142399962,142913146,141826349
12433,143327900,142399932,142913145,141826348
12434,143327899,142399931,142913136,141826347
12435,143327898,142399930,142913135,141826346
12436,143327897,142399415,142913084,141826345
12437,143327847,142399412,142913082,141826344
12438,143327846,142399411,142913081,141826343
12440,143327845,142399409,142913080,141826341
12441,143327844,142399406,142913077,141826340
12442,143327843,142399405,142912970,141826338
12443,143327842,142399404,142912969,141826205
12444,143327781,142399403,142912968,141826204
12446,143327780,142399402,142912967,141826202
12450,143327779,142399398,142912966,141826200
12451,143327778,142399396,142912965,141826199
12452,143327777,142397832,142912963,141826198
12453,143327726,142397831,142912961,141826197
12454,143327725,142397830,142912960,141826196
12456,143327724,142397829,142912932,141826195
12457,143327723,142397828,142912930,141826194
12458,143327709,142397827,142912922,141826193
12459,143327708,142397826,142912880,141826192
12467,143327603,142397825,142912879,141826191
12468,143327602,142397824,142912878,141826190
12469,143327601,142397823,142912877,141826189
12475,143327600,142397822,142912876,141826188
12476,143327599,142397807,142912875,141826187
12477,143327598,142397806,142912874,141826186
12478,143327597,142397797,142912873,141826185
12479,143327596,142397796,142912864,141826184
12480,143327595,142395273,142912825,141826183
12481,143327594,142395272,142912824,141826182
12482,143327593,142393718,142912823,141826181
12483,143327592,142393717,142912822,141826180
12484,143327591,142393714,142912821,141826179
12485,143327590,142393713,142912820,141826178
12486,143327589,142393662,142912819,141826176
12487,143327588,142393661,142912798,141826175
12488,143327587,142393646,142912797,141826173
12489,143327586,142393438,142912796,141825712
12491,143327585,142393437,142912795,141825711
12492,143327584,142393436,142912794,141825710
12493,143327583,142393435,142912758,141825709
12494,143327582,142393341,142912757,141825703
12495,143327581,142393340,142912756,141825702
12496,143327580,142393339,142912755,141825701
12497,143327579,142393150,142912754,141825700
12498,143327578,142393149,142912753,141825699
12499,143327461,142393148,142912752,141825698
12501,143327460,142393147,142912611,141825697
12502,143327459,142393146,142912610,141825696
12503,143327458,142393145,142912608,141825695
12504,143327457,142393144,142912607,141825682
12505,143327456,142393143,142912605,141825681
12506,143327454,142393142,142912604,141825680
12507,143327452,142393141,142912603,141825637
12508,143327451,142393140,142912601,141825636
12509,143327450,142393139,142912600,141825635
12510,143327242,142393138,142912599,141825634
12511,143327241,142393137,142912598,141825633
12512,143326908,142393136,142912597,141825632
12513,143326907,142393135,142912596,141825631
12514,143326720,142393134,142912594,141825618
12515,143326719,142393133,142912528,141825617
12516,143326718,142393132,142912527,141821447
12517,143326717,142393131,142912522,141821446
12518,143326660,142393130,142912497,141821445
12519,143326659,142393129,142912496,141821444
12520,143326658,142393128,142912495,141821443
12521,143326657,142393127,142912430,141821442
12522,143326656,142393126,142912429,141821441
12523,143326645,142393125,142912427,141821431
12524,143326644,142393124,142912426,141821430
12525,143326607,142393123,142912425,141821332
12527,143326606,142393122,142912424,141821331
12528,143326605,142393121,142912423,141821330
12529,143326604,142393120,142912422,141821329
12530,143326603,142393119,142912421,141821328
12531,143326535,142393118,142912420,141821327
12535,143326534,142393117,142912419,141821326
12536,143326533,142393116,142912418,141821325
12537,143326532,142393115,142912417,141821324
12538,143326344,142393114,142912416,141821323
12539,143326218,142393113,142912407,141821322
12540,143326217,142393112,142912402,141821321
12541,143326216,142393111,142912365,141821320
12542,143326215,142393109,142912364,141821319
12543,143316641,142393108,142912363,141821318
12544,143316640,142393105,142912362,141821317
12545,143316639,142393104,142912361,141821316
12546,143316606,142393103,142912360,141821058
12547,143316605,142393102,142912195,141821057
12548,143316604,142393101,142912194,141821056
12549,143316603,142393100,142912193,141821055
12550,143316602,142393099,142912192,141821054
12551,143316601,142393098,142912172,141821053
12552,143316600,142393097,142912171,141821052
12553,143316599,142393096,142911907,141821051
12554,143316467,142393095,142911906,141821050
12556,143316466,142393094,142911905,141821049
12557,143316465,142393093,142911904,141821048
12558,143316464,142393092,142911903,141821047
12559,143316183,142393091,142911902,141821046
12560,143316182,142393090,142911901,141821045
12561,143316177,142393089,142911900,141821044
12563,143316129,142393088,142911899,141821043
12564,143316128,142393087,142911898,141821042
12565,143316082,142393086,142911897,141821017
12566,143316075,142393085,142911896,141821016
12567,143316074,142393083,142911895,141821015
12568,143316073,142393082,142911894,141820795
12569,143316070,142393081,142911893,141820617
12570,143316059,142393080,142911892,141818458
12571,143316050,142393079,142911891,141818457
12572,143316041,142393077,142911890,141818407
12573,143316040,142393076,142911889,141818382
12574,143316039,142393074,142911888,141818381
12575,143316038,142393073,142911887,141818380
12576,143316006,142393072,142911886,141818379
12577,143315992,142393070,142911885,141818348
12578,143315991,142393069,142911884,141818347
12580,143315990,142393068,142911883,141818314
12581,143315643,142393067,142911882,141818313
12582,143315642,142393066,142911881,141818280
12583,143315641,142393065,142911880,141818279
12584,143315640,142393064,142911838,141817920
12586,143315639,142393063,142911837,141817761
12587,143315638,142393062,142911836,141817717
12588,143315566,142393061,142911835,141817716
12589,143315565,142393060,142911813,141797564
12590,143315564,142393059,142911650,141797563
12591,143315249,142393058,142911587,141797562
12592,143315248,142393057,142911586,141797289
12593,143315247,142393056,142911584,141797020
12594,143315246,142393054,142911583,141797019
12595,143315245,142393053,142911582,141797018
12597,143315244,142393052,142911573,141797017
12598,143315243,142393030,142911563,141797015
12599,143315242,142393029,142911502,141797002
12600,143315241,142393028,142911489,141796228
12601,143315240,142393023,142911456,141796227
12602,143315233,142393017,142911235,141796226
12603,143315232,142392988,142911234,141796225
12604,143315231,142392987,142911233,141796224
12606,143315230,142392986,142911232,141796223
12607,143315229,142392985,142911231,141796222
12608,143315212,142392984,142911230,141796221
12609,143315211,142392983,142911229,141796220
12610,143315163,142392982,142911228,141796111
12611,143315162,142392944,142911227,141796110
12612,143315161,142392941,142911154,141796109
12613,143315160,142392940,142911153,141796108
12614,143315159,142392842,142911152,141796107
12615,143315158,142353290,142911151,141796106
12618,143315157,142353289,142911150,141796105
12619,143314637,142353288,142911149,141796104
12620,143314636,142353287,142911148,141796103
12621,143314635,142353286,142911147,141796102
12622,143314634,142353285,142911146,141796101
12623,143314633,142353284,142911145,141796100
12624,143314024,142353283,142911144,141796091
12625,143313814,142353282,142911143,141796090
12626,143313813,142353281,142911142,141796089
12627,143313812,142353050,142911105,141796088
12628,143313811,142353047,142911104,141796048
12629,143313810,142353040,142911103,141796047
12630,143313809,142353029,142911102,141795757
12631,143313808,142352755,142911101,141795756
12632,143313807,142352733,142911100,141795755
12633,143313806,142352732,142911099,141795754
12634,143313805,142352594,142911098,141795676
12638,143313804,142352593,142911097,141795675
12639,143313803,142352592,142911064,141795674
12640,143313760,142352591,142911063,141795673
12641,143313759,142352590,142911062,141795672
12642,143313758,142352589,142911061,141795671
12643,143313757,142352415,142910982,141795670
12644,143313611,142352414,142910981,141795669
12645,143313573,142352413,142910979,141795668
12646,143313572,142352412,142910909,141795667
12647,143313570,142352411,142910908,141795666
12648,143313426,142352410,142910907,141795665
12649,143313425,142352409,142910906,141795664
12650,143313424,142352408,142910905,141795663
12651,143313315,142352407,142910888,141795662
12652,143313276,142352406,142910887,141795661
12653,143313275,142352405,142910884,141795660
12654,143313174,142352404,142910307,141795659
12655,143313169,142352403,142910226,141795658
12656,143313111,142352401,142910225,141795654
12657,143313110,142352400,142910224,141795653
12658,143313109,142352399,142910223,141795650
12659,143313108,142352398,142910222,141795648
12660,143313107,142352397,142910221,141795647
12661,143313106,142352396,142910220,141795610
12662,143313105,142352395,142910219,141795609
12663,143312966,142352394,142910218,141795608
12664,143312959,142352392,142910217,141795578
12665,143312958,142352379,142910211,141795577
12666,143312957,142352378,142910110,141795576
12668,143312956,142352377,142910109,141795245
12669,143312924,142352376,142910103,141794827
12670,143312923,142352310,142910102,141794716
12671,143312922,142352309,142910101,141794715
12672,143312921,142352308,142892845,141794714
12673,143312920,142352307,142892844,141794713
12674,143312904,142352306,142892842,141794712
12676,143312903,142352305,142892839,141794449
12677,143302343,142352304,142892838,141794448
12678,143302342,142352247,142892837,141794275
12679,143302341,142352246,142892836,141794274
12680,143301955,142352245,142892835,141794265
12681,143301954,142352244,142892834,141794248
12683,143301953,142352243,142892833,141794247
12684,143301952,142352242,142892832,141794244
12685,143301951,142352241,142892831,141794243
12686,143301950,142352208,142892830,141794202
12687,143301949,142352203,142892829,141794201
12688,143301491,142352202,142892826,141794200
12689,143301490,142352201,142892825,141794014
12690,143301489,142352108,142892824,141794013
12691,143301488,142352008,142892799,141794008
12692,143301487,142352007,142892798,141794007
12693,143301311,142352006,142892797,141793992
12694,143301310,142352005,142892796,141793785
12695,143301172,142352004,142892795,141793444
12696,143301171,142352003,142892794,141793438
12698,143301170,142352002,142888683,141793127
12699,143301169,142352001,142888674,141793090
12700,143301168,142352000,142888649,141793089
12701,143301167,142351999,142888648,141793088
12703,143301166,142351998,142888647,141793087
12704,143301165,142351997,142888646,141793072
12705,143301164,142351996,142888625,141793071
12706,143301163,142351995,142888624,141793016
12707,143301162,142351994,142888623,141793015
12708,143301161,142351798,142888622,141793014
12709,143301160,142351796,142888621,141793013
12710,143300913,142351794,142888596,141793012
12711,143300912,142351793,142888595,141793011
12712,143300911,142351792,142888594,141793010
12713,143300910,142351791,142888576,141792993
12714,143300909,142351790,142888575,141792992
12715,143299838,142351789,142887921,141792991
12716,143299837,142351788,142887840,141792990
12717,143296527,142351787,142887839,141792989
12718,143296526,142351786,142887838,141792988
12719,143296525,142351783,142887837,141792987
12720,143296524,142351782,142887836,141738366
12721,143296498,142351781,142887835,141738365
12722,143296497,142351780,142887834,141738332
12723,143296496,142351611,142887833,141738331
12724,143296312,142351610,142887831,141738329
12725,143296307,142351609,142887830,141738192
12726,143296295,142351608,142887829,141738101
12727,143296247,142351607,142887828,141738100
12728,143296221,142351606,142883836,141738099
12729,143296220,142351605,142883835,141738098
12731,143296218,142351535,142883834,141738097
12732,143296217,142351534,142883832,141737904
12733,143296085,142351533,142883831,141737903
12734,143295826,142351484,142883829,141737902
12738,143295825,142351483,142883827,141737901
12739,143295824,142351482,142883825,141737900
12740,143295823,142351481,142883823,141737899
12741,143295822,142351480,142883822,141737898
12742,143293833,142351479,142883821,141737897
12743,143293597,142351478,142883820,141737896
12744,143293596,142351477,142883819,141737895
12745,143263423,142351476,142883817,141737894
12746,143263422,142351475,142883816,141737893
12747,143263421,142351474,142883688,141737892
12748,143263420,142351473,142883687,141737891
12749,143263419,142351423,142883629,141737890
12751,143262728,142351422,142883628,141737889
12752,143262727,142351421,142883627,141737888
12753,143262726,142351420,142883523,141737887
12754,143262721,142351419,142883522,141737886
12755,143262714,142351258,142883521,141737885
12756,143262707,142351257,142883518,141737884
12758,143262561,142351193,142883516,141737883
12759,143262558,142351192,142883256,141737882
12760,143262557,142351191,142883239,141737881
12761,143262521,142351155,142883238,141737880
12762,143262520,142351154,142883237,141737878
12764,143262519,142351153,142883234,141737877
12765,143262518,142351152,142883232,141737876
12766,143262517,142351151,142883227,141737875
12767,143262475,142351150,142883226,141737874
12768,143262474,142351149,142883225,141737873
12769,143262457,142351132,142883224,141737189
12770,143262456,142351112,142883219,141737188
12771,143262022,142351111,142883156,141737187
12772,143262021,142351110,142883155,141737186
12773,143262020,142350994,142883154,141737185
12774,143262019,142350993,142883153,141737184
12775,143262018,142350992,142882985,141737182
12777,143262017,142350950,142882984,141736558
12778,143262016,142350949,142882983,141736557
12779,143262015,142350948,142882982,141735799
12780,143262014,142350947,142882981,141735798
12781,143262013,142350946,142882980,141735797
12782,143262012,142350944,142882979,141735796
12783,143262011,142350943,142882978,141735795
12784,143262010,142350942,142880258,141735794
12786,143262009,142350941,142880257,141735793
12787,143262008,142350859,142880256,141735792
12788,143262007,142350858,142880255,141735791
12790,143262006,142350857,142880254,141735790
12791,143262005,142350856,142880253,141735789
12792,143262004,142350855,142880252,141735788
12793,143262003,142350829,142880251,141735787
12794,143262002,142350828,142880250,141735786
12795,143262001,142350827,142880249,141735785
12796,143261987,142350826,142880248,141735784
12797,143261986,142350825,142880247,141735783
12798,143261985,142350824,142880230,141735782
12799,143261801,142350753,142880229,141735781
12801,143261800,142350752,142880228,141735780
12802,143261799,142350751,142880227,141735776
12803,143261798,142350750,142880226,141735775
12804,143261775,142350749,142880222,141735774
12805,143261774,142350748,142880221,141735773
12806,143261604,142350747,142880220,141735772
12807,143261603,142350719,142880219,141735771
12808,143261602,142350633,142880218,141735770
12809,143261601,142350631,142879956,141735769
12810,143261600,142350630,142879954,141735767
12811,143261599,142350629,142879953,141735766
12812,143261598,142350628,142879948,141735764
12813,143261597,142350627,142879653,141735763
12814,143261566,142350626,142879652,141735759
12815,143261565,142350624,142879165,141735758
12816,143261564,142350460,142879164,141735757
12817,143261224,142350459,142879163,141735756
12818,143261223,142350458,142879162,141735755
12819,143261222,142350457,142879153,141735754
12820,143261206,142350456,142879152,141735753
12821,143261205,142350454,142879151,141735752
12822,143261204,142350453,142879150,141735751
12823,143261203,142350452,142879118,141735750
12824,143261202,142350451,142879117,141735749
12826,143261201,142350435,142879116,141735684
12828,143261200,142350434,142879115,141735683
12829,143261142,142350413,142879114,141735682
12830,143261141,142350405,142879105,141735681
12833,143261140,142350322,142878816,141735680
12834,143261139,142350321,142878815,141735679
12835,143261138,142350320,142878814,141735678
12836,143261137,142350190,142878812,141735677
12837,143261136,142350168,142878811,141735676
12838,143261135,142350167,142878809,141735574
12839,143261134,142350166,142878807,141735573
12840,143261065,142350055,142878805,141735572
12841,143261064,142350054,142878803,141735571
12842,143261037,142350028,142878802,141735570
12843,143260883,142350026,142878801,141735569
12844,143260882,142350025,142878800,141735568
12845,143260858,142350024,142878799,141735551
12846,143260845,142350016,142878797,141735550
12847,143260760,142349989,142878796,141735549
12848,143260759,142349988,142878788,141734174
12849,143260758,142349987,142878784,141734173
12850,143260757,142349986,142878754,141734172
12851,143260756,142349985,142878713,141734171
12852,143260755,142349984,142878712,141734170
12853,143260754,142349914,142878711,141734169
12854,143260753,142349912,142878490,141734167
12855,143260752,142349908,142878489,141734166
12856,143260392,142349906,142878488,141734165
12857,143260391,142349905,142878487,141734164
12858,143260390,142349901,142878486,141734163
12859,143260389,142349203,142878485,141734162
12860,143260388,142349202,142878484,141734161
12861,143260387,142349201,142878483,141734160
12862,143260386,142349200,142878482,141734159
12863,143260385,142349199,142878438,141734158
12864,143260378,142349198,142878432,141734157
12865,143260377,142349197,142878431,141734156
12866,143260376,142349196,142878430,141734155
12867,143260213,142349195,142878429,141734015
12868,143260211,142349194,142878428,141733806
12869,143260210,142349193,142845304,141733805
12870,143260209,142349192,142845232,141733804
12871,143260208,142349191,142845230,141733803
12872,143260207,142349190,142845192,141733536
12873,143260206,142349156,142845191,141733535
12874,143260205,142328953,142845190,141733534
12875,143260204,142328952,142845189,141733389
12876,143260203,142328910,142845188,141733388
12877,143260202,142328909,142845187,141733387
12878,143260201,142328908,142845186,141733386
12879,143260145,142328907,142845185,141733385
12880,143260144,142328906,142845184,141733384
12881,143260143,142328905,142845179,141733383
12882,143260142,142328904,142844925,141733382
12883,143260141,142328903,142844924,141733381
12884,143260128,142328902,142844923,141733380
12885,143260127,142328901,142844918,141733379
12886,143260109,142328900,142844905,141733378
12887,143260108,142328899,142844904,141733377
12888,143259990,142328898,142844885,141733376
12889,143259976,142328897,142844884,141733375
12890,143259975,142328896,142844883,141733374
12891,143259840,142328895,142844828,141733373
12892,143259839,142328894,142844827,141733372
12893,143259838,142328014,142844177,141733371
12894,143259837,142328013,142844176,141733370
12895,143259836,142326333,142844175,141733369
12896,143259835,142326332,142844174,141733368
12897,143259834,142326331,142844173,141733365
12898,143259833,142326330,142844130,141733364
12899,143259832,142326329,142844129,141733146
12900,143259831,142326328,142844128,141733145
12901,143259830,142326246,142844127,141733144
12902,143259806,142326245,142844126,141733143
12903,143256823,142326244,142844125,141733142
12904,143256822,142326243,142844124,141733141
12905,143256821,142326242,142844123,141733114
12906,143256820,142326241,142844122,141733106
12907,143256819,142326240,142844121,141733105
12908,143246240,142326239,142844115,141733104
12909,143246239,142326151,142844114,141733103
12910,143246238,142326150,142843826,141733102
12911,143246237,142326149,142843775,141733101
12912,143246236,142326148,142843774,141733100
12914,143246235,142326147,142843773,141733099
12915,143246222,142326146,142843772,141733098
12917,143246221,142326145,142843771,141733097
12918,143246220,142326144,142843770,141733096
12919,143245780,142326143,142843769,141733095
12920,143245777,142326142,142843731,141733094
12921,143245776,142326055,142843730,141733093
12922,143245746,142326054,142843729,141733092
12923,143245745,142326053,142843728,141733091
12924,143245744,142326052,142843727,141733057
12926,143245673,142326051,142843726,141733056
12927,143245672,142326050,142843725,141733055
12928,143245671,142326049,142843707,141733054
12929,143245670,142326048,142843706,141733053
12930,143245669,142326047,142843670,141733052
12931,143245668,142326009,142843669,141733051
12932,143245667,142325890,142843668,141733050
12933,143245666,142325889,142843442,141733047
12934,143245665,142325888,142843441,141733046
12935,143245664,142325887,142843440,141733014
12936,143245663,142325886,142843439,141733013
12937,143245662,142325885,142843438,141733012
12938,143245661,142325884,142843437,141733011
12939,143245660,142325883,142843436,141733010
12940,143245659,142325882,142843434,141732931
12942,143245658,142325881,142843342,141732930
12943,143245571,142325880,142843341,141732929
12944,143245570,142325879,142843340,141732928
12945,143245569,142325878,142843339,141732906
12946,143245568,142325588,142843338,141732705
12948,143245567,142325520,142843337,141732703
12949,143245566,142325519,142843336,141732480
12950,143245565,142325518,142843335,141732479
12951,143245564,142325517,142843334,141732385
12952,143245563,142325516,142843333,141732284
12953,143245562,142325515,142843332,141732257
12954,143245560,142325514,142843331,141732252
12955,143245559,142325513,142843330,141732205
12956,143245558,142325434,142843329,141732204
12957,143244999,142325433,142843328,141732203
12958,143244998,142325432,142843326,141732202
12959,143244997,142325396,142843325,141732201
12960,143244996,142325395,142843324,141732200
12961,143244995,142325394,142843323,141732199
12962,143244994,142325393,142843322,141731933
12963,143244993,142325392,142843133,141731607
12964,143244992,142325391,142843132,141731606
12965,143244991,142325388,142843131,141731605
12966,143244990,142325322,142843130,141731604
12967,143244989,142325321,142843129,141731600
12968,143244988,142325320,142843128,141731598
12969,143244986,142325319,142843126,141731589
12970,143244985,142325318,142843124,141731584
12971,143244984,142325317,142843123,141731505
12972,143244983,142325316,142843122,141731431
12973,143244873,142325315,142843121,141731331
12974,143244872,142325063,142843120,141730948
12975,143244871,142325062,142843119,141730947
12976,143244870,142324906,142843118,141730946
12977,143244867,142324905,142843116,141730945
12978,143244866,142324902,142843115,141730944
12979,143244865,142324901,142843114,141730943
12980,143244864,142324900,142843074,141730942
12981,143244863,142324898,142843073,141730941
12982,143244862,142324897,142843072,141730940
12985,143244861,142324896,142843070,141730939
12986,143244860,142324895,142843020,141730938
12987,143244851,142324894,142843019,141730937
12988,143244850,142324464,142843018,141730936
12989,143244849,142324463,142843017,141730935
12990,143244848,142324423,142843016,141730934
12991,143244847,142324422,142843015,141730933
12992,143244846,142324303,142843000,141730932
12993,143244845,142324278,142842955,141730931
12994,143241969,142324277,142842953,141730930
12995,143241968,142324136,142842952,141730929
12996,143241967,142324135,142842951,141730928
12997,143241966,142324134,142842919,141730927
12998,143241925,142324133,142842918,141730926
12999,143241924,142324131,142842917,141730925
13000,143241923,142324130,142842623,141730924
13001,143241922,142324129,142842622,141730923
13002,143241921,142324128,142842621,141730922
13004,143241920,142324127,142841763,141730921
13005,143241919,142324126,142841750,141730920
13006,143241918,142324125,142841749,141730919
13007,143241847,142324124,142841748,141730918
13008,143241846,142324123,142841728,141730917
13009,143241845,142324122,142824337,141730916
13010,143241844,142324121,142824266,141730915
13013,143241760,142324118,142824265,141730914
13014,143241759,142324117,142824264,141730754
13015,143241757,142323923,142824263,141730747
13019,143241717,142323756,142824262,141730669
13022,143241716,142323589,142824258,141730668
13024,143241715,142323588,142824165,141730667
13025,143241690,142323587,142824162,141730617
13026,143241689,142323586,142824161,141730616
13028,143241688,142323585,142824160,141727284
13029,143241687,142323584,142824159,141727283
13031,143241686,142323583,142824048,141727282
13032,143241685,142323582,142824047,141727281
13033,143241684,142323581,142824046,141726401
13034,143241594,142323497,142824045,141726399
13036,143241554,142323496,142824044,141726398
13041,143241553,142323495,142823946,141726397
13043,143241551,142323494,142823945,141726396
13045,143241550,142323493,142823944,141726389
13046,143241549,142323492,142823943,141726306
13048,143241548,142323491,142823857,141708689
13049,143241517,142323490,142823856,141708688
13050,143241489,142323489,142823855,141708502
13052,143241488,142323488,142823854,141708501
13053,143241487,142323402,142823851,141708500
13054,143241486,142323401,142823850,141708499
13055,143241280,142323400,142823849,141708498
13056,143241260,142323399,142823848,141708496
13057,143241259,142323398,142823847,141708495
13058,143241258,142323397,142823846,141708494
13059,143241257,142323396,142823845,141708493
13060,143241256,142323395,142823844,141708492
13061,143241255,142323394,142823843,141708482
13062,143241254,142323393,142823842,141708433
13063,143241253,142323342,142823841,141708432
13064,143241252,142323341,142823840,141708431
13065,143241104,142323340,142823839,141708430
13066,143241103,142323339,142823838,141708429
13067,143241095,142323338,142823762,141708428
13068,143241026,142323337,142823761,141706193
13069,143241025,142323336,142823685,141706192
13070,143241024,142323335,142823684,141706191
13071,143241023,142323304,142823683,141706190
13072,143241022,142323303,142823682,141706189
13073,143241021,142323302,142823681,141706188
13074,143241020,142323301,142823680,141706171
13075,143241019,142323300,142823676,141706137
13076,143241018,142323097,142823675,141706052
13077,143241017,142321735,142823674,141706051
13078,143241016,142297049,142823673,141706049
13079,143241015,142297048,142823672,141706048
13080,143241014,142297047,142823671,141706046
13081,143241013,142296890,142823652,141706045
13082,143241012,142296889,142823651,141706042
13083,143241011,142296887,142823549,141706041
13084,143241010,142296886,142823548,141706038
13085,143240952,142296885,142823547,141706035
13086,143240951,142296884,142823546,141705707
13087,143240950,142296881,142823472,141705706
13088,143240949,142296880,142823471,141705705
13089,143240948,142296879,142823470,141705701
13090,143240947,142296467,142823469,141705700
13091,143240926,142296466,142823468,141705699
13092,143240925,142296465,142823467,141705698
13093,143240924,142296464,142823466,141705575
13094,143240923,142296463,142823465,141705290
13095,143240922,142296462,142823464,141705289
13096,143240903,142296461,142823040,141705287
13097,143240863,142296460,142823039,141705285
13098,143240723,142296459,142823037,141705282
13099,143240721,142296458,142823036,141705280
13101,143240706,142296457,142823035,141705278
13102,143240699,142296456,142822455,141705274
13103,143240650,142296362,142822454,141705272
13104,143240649,142296361,142822453,141705259
13105,143240648,142296360,142822452,141705255
13106,143240647,142296359,142822083,141705253
13107,143240646,142296358,142822082,141705249
13108,143240645,142296357,142822081,141705248
13109,143240315,142296065,142822080,141705247
13110,143240291,142296064,142821881,141705246
13111,143240275,142296063,142821880,141705245
13112,143240274,142296062,142821879,141705244
13113,143240260,142296061,142821686,141705137
13114,143240259,142296060,142821082,141705135
13115,143240258,142296059,142821004,141705080
13116,143240235,142296058,142820627,141705079
13118,143240069,142296057,142820626,141705078
13119,143240068,142296013,142820625,141705077
13120,143240067,142296012,142820624,141705076
13121,143240066,142296011,142820623,141705075
13122,143240041,142296010,142820622,141705074
13123,143240040,142296009,142808277,141705073
13125,143240039,142296008,142808276,141705072
13127,143240037,142296006,142808275,141705071
13128,143240036,142295898,142808274,141705070
13129,143218179,142295897,142808205,141705069
13130,143218178,142295896,142808204,141705002
13131,143218177,142295544,142808153,141705001
13132,143218176,142295543,142808152,141705000
13133,143218175,142295542,142808151,141704999
13134,143218174,142295541,142808080,141704998
13135,143218173,142295540,142808079,141704988
13136,143218172,142295539,142807816,141704975
13137,143218171,142295538,142807815,141704974
13138,143218170,142295537,142807814,141704973
13139,143218168,142295536,142807813,141704093
13140,143218052,142295533,142807812,141704059
13141,143217929,142295254,142807811,141704057
13142,143217928,142294971,142807810,141704019
13143,143217927,142294862,142807809,141703785
13144,143217926,142294853,142807808,141703784
13145,143217925,142294823,142807807,141703783
13146,143217924,142294670,142807806,141703763
13147,143217923,142294496,142807805,141703666
13148,143217922,142294495,142807804,141703665
13149,143217921,142294330,142807803,141703664
13151,143217920,142294329,142807802,141703663
13152,143217919,142294328,142807801,141703548
13153,143217918,142294327,142807800,141703404
13155,143217915,142294326,142807799,141703402
13156,143217883,142294325,142807798,141703274
13157,143217801,142294236,142807797,141703273
13158,143217799,142293496,142807796,141703272
13159,143217798,142293469,142807795,141703271
13160,143217797,142293466,142807794,141703270
13161,143217796,142293196,142807374,141703261
13162,143217794,142293195,142807373,141703164
13163,143217793,142293194,142807372,141703163
13164,143217792,142292799,142807371,141702885
13165,143217791,142292798,142807370,141702877
13166,143217790,142292797,142807354,141702832
13167,143217789,142292796,142807347,141702831
13168,143217788,142287907,142807280,141702830
13169,143217787,142287906,142807279,141702829
13170,143217786,142287905,142807145,141702828
13171,143217785,142287904,142807144,141667050
13172,143217783,142287903,142805372,141667041
13173,143217782,142287902,142805371,141667038
13174,143217781,142287901,142805370,141667037
13175,143217750,142287900,142805369,141667005
13176,143217749,142287797,142805368,141667004
13177,143217748,142287796,142805367,141667003
13178,143217747,142287795,142804994,141667002
13179,143217746,142287794,142804993,141667001
13180,143217745,142285469,142804992,141667000
13181,143217716,142285468,142804991,141666972
13182,143217676,142285467,142804990,141666971
13183,143217675,142285447,142804989,141666966
13184,143217674,142285446,142804988,141666580
13185,143217673,142285445,142804979,141666579
13186,143217672,142284354,142804718,141666578
13187,143217671,142284353,142804649,141666577
13188,143217670,142284352,142804648,141666575
13189,143217624,142284351,142804647,141666573
13190,143217623,142284350,142803685,141666572
13191,143217622,142284349,142803684,141666570
13192,143217621,142284348,142803683,141666569
13193,143217620,142284347,142803682,141666566
13194,143217619,142284346,142803681,141666565
13195,143217618,142284345,142803680,141666564
13196,143217557,142284344,142803679,141666563
13197,143217556,142284343,142803678,141666562
13198,143217555,142284342,142803677,141666561
13199,143217554,142206278,142803676,141666560
13200,143217483,142206276,142803675,141666559
13202,143217482,142206275,142803509,141666557
13203,143217481,142206269,142803508,141666556
13204,143217480,142205871,142803507,141666513
13205,143217479,142205870,142803506,141666512
13207,143217478,142205869,142803505,141666511
13208,143217477,142205868,142803504,141666510
13209,143217476,142205867,142803503,141666449
13210,143217475,142205866,142803501,141666448
13211,143217474,142205865,142803492,141666447
13212,143217464,142205864,142803390,141666446
13213,143217411,142205863,142803388,141666445
13214,143217407,142205862,142803386,141666057
13215,143217405,142205861,142803385,141666056
13216,143217404,142205860,142803384,141666055
13217,143217403,142205859,142803383,141666054
13218,143217402,142205858,142803382,141666053
13219,143217401,142205857,142803252,141666052
13220,143217400,142205856,142803251,141666051
13221,143217382,142205855,142803249,141665855
13222,143217381,142205854,142803247,141665286
13223,143217380,142205853,142803246,141665285
13224,143217379,142205852,142803245,141665284
13225,143217354,142205851,142803045,141665279
13226,143217353,142205849,142803044,141665253
13228,143217352,142205846,142803022,141665252
13230,143217351,142205845,142803021,141665249
13231,143217294,142205844,142803020,141665248
13232,143217293,142205842,142803016,141665247
13233,143217292,142205841,142803015,141665209
13234,143217291,142205840,142802961,141665208
13235,143217290,142205838,142802960,141665207
13236,143217289,142205837,142802959,141665206
13237,143217288,142205836,142802958,141665205
13238,143217256,142205835,142742975,141665182
13239,143217255,142205832,142742974,141665181
13240,143217254,142205781,142742973,141664170
13241,143217163,142205780,142742972,141664169
13242,143217162,142205778,142742971,141664168
13243,143217161,142205777,142742970,141664167
13244,143217160,142205776,142742542,141664166
13245,143217159,142205772,142742541,141664165
13246,143217158,142205771,142742489,141664139
13247,143217157,142205770,142742488,141664138
13248,143217106,142205769,142742487,141664137
13249,143216935,142205742,142742486,141664136
13250,143216934,142205741,142742379,141664102
13251,143216933,142205636,142742378,141664101
13252,143216932,142205593,142742377,141664100
13253,143216931,142205592,142742376,141664099
13254,143216930,142205591,142742375,141664098
13255,143216929,142205590,142742374,141664097
13256,143216928,142205547,142742373,141664096
13257,143216927,142205546,142742370,141664091
13258,143216926,142205545,142742369,141663858
13259,143216925,142205276,142742340,141663628
13260,143216924,142205274,142742329,141663627
13261,143216923,142205271,142742175,141663546
13262,143216922,142205270,142742174,141663545
13263,143216921,142205268,142742172,141663544
13264,143216920,142205223,142742171,141663543
13265,143216919,142205222,142741922,141663542
13266,143216918,142205221,142741919,141663541
13267,143216408,142205220,142741918,141663540
13268,143216407,142205219,142741917,141663511
13269,143216389,142205218,142741916,141663510
13270,143216388,142204349,142741915,141663435
13271,143216387,142204348,142741914,141663434
13272,143216114,142204347,142741910,141663351
13273,143216113,142204230,142741775,141663307
13275,143216112,142204229,142741773,141663306
13276,143216111,142204228,142741771,141663132
13277,143216110,142203378,142741769,141663131
13278,143216109,142203377,142741762,141663130
13279,143216108,142203288,142741728,141663129
13280,143216107,142203287,142741626,141663128
13281,143216106,142203286,142741625,141663127
13282,143216105,142203285,142741624,141663126
13283,143216104,142203284,142741623,141663125
13284,143216103,142203283,142741622,141663124
13285,143216102,142203282,142741621,141663123
13286,143216101,142203281,142741620,141663122
13288,143216100,142203280,142741619,141663121
13289,143216099,142203279,142741459,141663120
13290,143216098,142203278,142741458,141663119
13291,143216095,142203058,142741400,141663118
13292,143216072,142202985,142741399,141663117
13293,143216071,142202983,142741398,141663116
13295,143216070,142202982,142741397,141663115
13296,143216069,142202874,142741396,141663114
13297,143216068,142202873,142741395,141663113
13298,143216036,142202872,142741386,141663112
13299,143215898,142202810,142741385,141663111
13300,143215897,142202808,142740491,141662471
13301,143215863,142202368,142740490,141662469
13302,143215862,142202367,142740489,141662468
13305,143215849,142202366,142740487,141662455
13307,143215848,142202365,142740486,141662454
13308,143215847,142202364,142740485,141662207
13309,143215822,142202363,142740020,141642539
13312,143215821,142202362,142740019,141642537
13313,143215820,142202361,142740010,141642536
13314,143215819,142202360,142740009,141642535
13315,143215788,142202359,142739932,141642534
13316,143215787,142202358,142739931,141642533
13317,143215786,142202357,142739930,141642532
13318,143215785,142202356,142739929,141642531
13319,143215784,142202355,142739928,141642530
13321,143215783,142202354,142739927,141642526
13359,143215782,142202353,142739926,141642525
13360,143215781,142202352,142739925,141642132
13361,143215780,142202343,142739924,141641940
13362,143215779,142202326,142739923,141641939
13364,143215778,142202325,142739922,141641937
13365,143215771,142202292,142739921,141641935
13366,143215438,142202273,142739715,141641932
13367,143215437,142202272,142739714,141641930
13368,143215436,142202085,142739713,141641928
13369,143215435,142202084,142739712,141641926
13370,143215434,142202083,142739711,141641924
13371,143215433,142202082,142739710,141641923
13372,143215239,142202081,142739709,141641922
13373,143215238,142202080,142739708,141641917
13374,143215237,142202079,142739707,141641915
13375,143215236,142202078,142739706,141641914
13376,143215235,142202077,142739705,141641912
13377,143215234,142202076,142739704,141641911
13378,143215233,142202075,142739663,141641909
13379,143215232,142202074,142739662,141641908
13380,143215231,142202073,142739661,141641907
13381,143215230,142202072,142739660,141641905
13382,143215229,142202071,142739242,141641903
13383,143215228,142202070,142739241,141641899
13385,143215227,142202069,142739240,141641898
13386,143215226,142202068,142739239,141641897
13387,143215225,142202067,142739238,141641896
13388,143215224,142202066,142739237,141641895
13389,143215223,142202065,142739236,141641894
13390,143215222,142202064,142739235,141641875
13391,143215221,142202063,142739234,141641874
13392,143215220,142202062,142739233,141641869
13393,143215219,142202061,142739232,141641527
13394,143215218,142202060,142739231,141641526
13396,143215217,142202059,142739230,141641525
13397,143215216,142202058,142739229,141641524
13398,143215215,142202057,142739228,141641523
13399,143215189,142202056,142739227,141641522
13401,143215188,142202055,142739123,141641521
13402,143215187,142202054,142739122,141641520
13403,143215186,142202053,142739121,141641519
13404,143215185,142202052,142739120,141641518
13405,143215184,142202015,142738995,141641516
13406,143214894,142202014,142738692,141641515
13407,143214893,142201775,142738691,141641485
13408,143214892,142201734,142738690,141641449
13409,143214891,142201718,142738689,141641447
13410,143214890,142201717,142738688,141641446
13411,143214889,142201700,142738687,141641142
13412,143214888,142201699,142738686,141641141
13413,143214887,142201698,142738685,141641140
13415,143214886,142201687,142738684,141641139
13416,143214885,142201623,142738683,141641138
13417,143214884,142201622,142738682,141641137
13419,143214883,142201621,142738681,141641128
13420,143214882,142201620,142738680,141640975
13422,143214881,142201619,142738679,141640974
13423,143214880,142201618,142738629,141640973
13424,143214879,142201617,142738628,141640972
13425,143214878,142201616,142738627,141640971
13426,143214877,142201615,142738512,141640970
13427,143214876,142201610,142738511,141640969
13428,143214875,142201289,142738510,141640968
13429,143214874,142201279,142738461,141640967
13430,143214873,142201265,142738460,141640966
13431,143214872,142201184,142738459,141640965
13432,143214871,142201183,142738458,141640964
13433,143214870,142201182,142738457,141640963
13434,143214869,142201180,142738456,141640962
13435,143214868,142201179,142738455,141640961
13436,143214867,142201178,142738454,141640960
13437,143214866,142201173,142738453,141640959
13438,143214865,142201148,142738447,141640958
13439,143185684,142201147,142738174,141640957
13440,143185683,142201146,142738173,141640956
13441,143185682,142201105,142738172,141640955
13442,143185681,142201104,142738171,141640954
13443,143185188,142201102,142738170,141640953
13444,143185187,142201101,142738169,141640952
13445,143185049,142201100,142738168,141640951
13446,143185048,142201099,142738167,141640950
13447,143185047,142201098,142722310,141640949
13448,143185046,142201097,142722309,141640947
13449,143185045,142200910,142722257,141640946
13450,143185044,142200880,142722256,141640945
13451,143185043,142200846,142722255,141640944
13452,143185042,142200805,142722254,141640943
13454,143185041,142200804,142722253,141640942
13455,143185040,142200803,142722252,141640941
13456,143185033,142200802,142722251,141640940
13457,143185029,142200795,142722250,141640939
13459,143184962,142200773,142722249,141640938
13460,143184961,142200772,142722248,141640937
13461,143184960,142200771,142722100,141640936
13462,143184959,142200770,142721943,141640935
13463,143184933,142200769,142721942,141640934
13464,143184932,142200768,142721940,141640933
13465,143184931,142200745,142721938,141640932
13466,143184930,142200618,142721801,141640927
13467,143184929,142200617,142721760,141640926
13468,143184928,142200616,142721759,141640925
13469,143184895,142176004,142721745,141640924
13470,143184894,142176003,142721744,141640923
13471,143184893,142176002,142721463,141640922
13472,143184892,142176001,142721462,141640921
13473,143184891,142176000,142721377,141640920
13474,143184890,142175998,142721376,141640919
13475,143184889,142175969,142721375,141640918
13476,143184888,142175968,142721374,141640917
13477,143184887,142175966,142721373,141640916
13479,143184846,142175948,142721372,141640915
13480,143184845,142175947,142721076,141640914
13481,143184844,142175946,142721073,141640913
13482,143184843,142175933,142721072,141640912
13483,143179928,142175932,142721049,141640911
13484,143179852,142175931,142721048,141640910
13485,143179851,142175914,142721035,141640909
13487,143179811,142175913,142720993,141640908
13488,143179809,142175912,142720992,141640907
13489,143179808,142175891,142720823,141640885
13490,143179807,142175890,142720513,141640884
13491,143176132,142175889,142720512,141640852
13492,143176131,142175825,142720511,141640763
13493,143176129,142175824,142720510,141640762
13494,143176116,142175823,142720509,141640761
13496,143176115,142175822,142720508,141640760
13497,143175802,142175821,142720507,141640759
13498,143175801,142175820,142720506,141640758
13499,143175800,142175631,142720505,141640757
13500,143175799,142175628,142720504,141640754
13501,143175774,142175627,142720503,141640753
13502,143175773,142175626,142720499,141640752
13503,143175745,142175624,142720498,141640751
13504,143175744,142175620,142720228,141640750
13505,143175743,142175618,142720227,141640749
13506,143175742,142175617,142720226,141640746
13507,143175741,142171590,142720225,141640745
13508,143175736,142171589,142720224,141640744
13509,143175735,142171588,142720223,141640621
13510,143175734,142171551,142720222,141640620
13511,143175733,142171549,142720213,141640619
13512,143175732,142171548,142720090,141640617
13514,143175731,142171547,142720085,141638935
13515,143175430,142171546,142720067,141638934
13516,143175406,142171545,142720046,141638933
13517,143175405,142171544,142720045,141638932
13518,143175303,142171543,142720044,141638931
13519,143175302,142171524,142720043,141638924
13520,143175301,142171522,142720042,141638923
13521,143175235,142171521,142682363,141638781
13522,143175234,142171087,142682362,141638747
13523,143175233,142171086,142682361,141638664
13525,143175232,142171085,142682356,141638647
13526,143175231,142171084,142682355,141638646
13527,143175230,142171083,142682311,141638618
13528,143175229,142171082,142682204,141638609
13529,143175228,142171034,142682202,141638608
13530,143175227,142171033,142682201,141638607
13531,143175226,142170401,142682200,141638606
13532,143175216,142170400,142682199,141638442
13533,143144916,142170399,142682198,141638440
13534,143144915,142170398,142682197,141638439
13535,143144914,142170246,142682196,141638437
13536,143144913,142170218,142682195,141638436
13537,143144912,142170217,142682194,141638434
13538,143144911,142170216,142682192,141638432
13539,143144910,142170215,142682148,141638299
13540,143144881,142170214,142682147,141638298
13541,143144878,142170213,142682146,141638297
13542,143144877,142170208,142682145,141638296
13543,143144844,142170133,142682144,141638295
13546,143144843,142170130,142682143,141638294
13551,143144840,142170128,142682142,141638293
13552,143144836,142169316,142682141,141638292
13553,143141876,142169315,142682140,141638291
13554,143141851,142169314,142682139,141638278
13555,143141850,142169313,142682138,141638277
13556,143141849,142169312,142682137,141638022
13557,143141548,142169311,142682136,141638021
13558,143141547,142169310,142682135,141638020
13559,143141546,142169309,142682134,141638019
13560,143141545,142169308,142682026,141638018
13561,143141544,142169307,142682025,141638005
13562,143141543,142169306,142682023,141637847
13563,143141542,142169305,142682022,141637665
13565,143141480,142169304,142682021,141637649
13566,143140927,142169303,142681980,141637529
13567,143140924,142169302,142681979,141637115
13568,143140841,142169301,142681978,141637114
13570,143140840,142167863,142681977,141637113
13571,143140839,142167862,142681976,141637112
13572,143140838,142167861,142681946,141637111
13573,143140837,142167465,142681945,141637110
13574,143140836,142167328,142681943,141637109
13575,143140835,142167326,142681942,141637108
13576,143140796,142167325,142681745,141637103
13577,143140795,142167324,142681744,141637060
13580,143140246,142167323,142681584,141637057
13581,143140226,142167322,142681583,141637054
13583,143140225,142167321,142681582,141636942
13584,143140126,142167320,142681581,141636941
13587,143140123,142167319,142681580,141636938
13588,143140122,142167318,142681433,141636937
13589,143140119,142167317,142681432,141636935
13590,143140009,142167316,142681431,141636934
13591,143140008,142122790,142681430,141636933
13592,143140004,142122789,142681429,141636926
13593,143140003,142122788,142681428,141636917
13594,143140002,142122787,142681427,141636912
13595,143140001,142122786,142681426,141616330
13596,143140000,142122785,142681423,141616329
13598,143139999,142122784,142681422,141616299
13599,143139997,142122346,142681268,141616298
13600,143139973,142122345,142681267,141616297
13601,143139972,142122344,142681266,141616296
13602,143139971,142122343,142681265,141615928
13603,143139970,142122342,142681264,141615927
13604,143139773,142122341,142681263,141615851
13605,143139772,142122340,142681262,141615850
13606,143139771,142122339,142681261,141615849
13607,143139770,142122338,142681258,141615848
13608,143139769,142122337,142681257,141615847
13609,143139768,142122336,142681230,141615846
13612,143139767,142122335,142681229,141615787
13613,143139766,142122334,142681228,141615786
13614,143139765,142121341,142681227,141615785
13616,143139763,142121340,142681226,141615784
13617,143139762,142121339,142681225,141615783
13618,143139761,142121338,142681224,141615782
13619,143139760,142121337,142681223,141615781
13620,143139759,142121336,142681222,141615780
13621,143139758,142121335,142681221,141615779
13622,143139757,142121334,142681220,141615778
13623,143139756,142121309,142681219,141615017
13624,143139754,142121308,142681117,141615016
13625,143139753,142121307,142681116,141614967
13626,143139752,142120572,142681115,141614958
13627,143139751,142120571,142681114,141614574
13628,143139750,142120570,142681113,141614296
13629,143139748,142120569,142681104,141614219
13630,143139747,142120568,142681103,141614218
13631,143139746,142120565,142681102,141614217
13632,143139607,142120564,142660718,141614216
13633,143139510,142120563,142660717,141614207
13634,143139509,142120562,142660716,141614018
13635,143139508,142120561,142660709,141613944
13636,143106774,142120560,142660708,141613943
13637,143106773,142120559,142659956,141613942
13638,143084897,142120558,142659955,141613941
13639,143084896,142120552,142659954,141613940
13640,143084895,142120551,142659953,141613939
13641,143084894,142119980,142659952,141613938
13642,143084893,142119979,142659951,141613937
13643,143084892,142119978,142659950,141613936
13645,143084887,142119977,142659947,141613935
13647,143084870,142119976,142659946,141613934
13650,143084869,142119975,142659919,141613933
13652,143084868,142119974,142659918,141613932
13653,143084867,142119973,142659917,141613931
13654,143084841,142119972,142659916,141613927
13655,143084840,142119971,142659730,141613926
13656,143084839,142119970,142659729,141613925
13657,143084782,142119969,142659728,141613924
13658,143084781,142119968,142659726,141613923
13659,143084780,142119967,142659724,141613922
13660,143084779,142119966,142659723,141613919
13661,143084778,142119965,142659722,141613918
13662,143084777,142119964,142659721,141613813
13663,143084776,142119963,142659720,141613812
13664,143084775,142119962,142659719,141613811
13665,143084774,142119961,142659718,141613810
13666,143084773,142119960,142659717,141613809
13667,143084772,142119959,142659716,141613808
13668,143084767,142119958,142659715,141613751
13669,143084685,142119957,142659714,141613738
13670,143084684,142119081,142659713,141613707
13671,143084683,142119080,142659710,141613706
13672,143084682,142119079,142659607,141613705
13673,143084681,142119078,142659606,141613704
13674,143084680,142119077,142659605,141613703
13675,143084679,142119076,142659604,141613349
13676,143084678,142119075,142659603,141613340
13677,143084668,142119074,142659544,141613331
13678,143084667,142119073,142659543,141613330
13679,143084664,142119072,142659483,141533037
13680,143084451,142119071,142659482,141533036
13681,143084422,142119070,142659267,141533035
13682,143084421,142118865,142659266,141533034
13683,143084420,142118864,142659265,141533033
13684,143084419,142118863,142659264,141532802
13685,143084418,142118862,142659263,141532564
13686,143084001,142118861,142659262,141532498
13687,143083958,142118860,142659258,141532497
13688,143083957,142118859,142659257,141532496
13689,143083956,142118858,142659254,141532464
13690,143083955,142118857,142659253,141532463
13691,143083954,142118429,142659251,141532462
13692,143083953,142118428,142659250,141532461
13693,143083952,142118425,142659249,141532460
13694,143083951,142118424,142659192,141532323
13695,143083950,142118423,142659191,141532322
13696,143083949,142118125,142659190,141532260
13697,143083948,142118117,142659189,141532259
13698,143083947,142118076,142659172,141532258
13699,143083946,142118075,142659152,141532257
13700,143083883,142117749,142659151,141532256
13701,143083882,142117748,142659150,141532255
13702,143083881,142117747,142659149,141532254
13703,143083880,142117746,142659055,141532253
13704,143083879,142117745,142659054,141532252
13705,143083878,142117602,142659053,141532237
13706,143083876,142117601,142659052,141532154
13707,143083875,142117599,142659051,141532153
13708,143083874,142117598,142659050,141532151
13709,143083873,142117597,142659049,141532150
13710,143083872,142117594,142659048,141532149
13711,143083871,142117593,142659047,141532148
13712,143083870,142117590,142659027,141532147
13713,143083869,142117589,142659026,141532146
13714,143083653,142117588,142659025,141532145
13715,143083652,142117587,142658582,141532144
13716,143083651,142117586,142658579,141532143
13717,143083612,142117585,142658577,141531838
13718,143083611,142117584,142658576,141531837
13719,143083610,142117583,142658120,141531836
13723,143083609,142117582,142658119,141531835
13724,143083608,142117580,142658118,141531834
13725,143083607,142117579,142658117,141531833
13726,143083429,142117578,142658116,141531832
13728,143083428,142117577,142658115,141531564
13729,143083059,142117576,142658114,141531563
13730,143083058,142117575,142658113,141531559
13731,143083057,142117573,142658112,141531558
13732,143083056,142117344,142658111,141531557
13733,143083055,142117343,142658110,141531556
13734,143083021,142117342,142658037,141531555
13735,143083020,142117341,142658036,141531554
13736,143083019,142117297,142658035,141531553
13737,143082940,142117290,142658034,141531552
13738,143082939,142117289,142658033,141531551
13739,143082938,142117288,142658032,141531550
13740,143082827,142117287,142658031,141531549
13741,143082826,142117286,142658030,141531544
13742,143082825,142117283,142658029,141531543
13743,143082824,142117282,142658028,141531542
13744,143082823,142117281,142657963,141531541
13745,143082822,142117280,142657962,141531449
13748,143082821,142117279,142657961,141531448
13749,143082820,142117278,142657960,141531447
13750,143082819,142117196,142657959,141531446
13751,143082818,142117195,142657958,141531445
13752,143082817,142117194,142657957,141531444
13756,143082663,142117193,142657956,141531443
13757,143082465,142117166,142657955,141531442
13758,143082464,142117165,142657954,141531037
13759,143082306,142117164,142657933,141531036
13760,143082305,142117163,142657932,141531035
13761,143082304,142117146,142657931,141530773
13762,143082303,142117145,142657930,141530650
13763,143082286,142117144,142657929,141530649
13764,143082276,142117143,142657864,141530648
13766,143082232,142117118,142657863,141530599
13767,143082231,142117117,142657862,141530598
13768,143082226,142117116,142657861,141530597
13769,143082172,142117099,142657860,141530595
13770,143082171,142117098,142657859,141530542
13771,143082170,142117097,142657858,141530541
13772,143082169,142117096,142657857,141530540
13773,143082168,142117049,142657856,141530539
13774,143082167,142117048,142657799,141530538
13775,143082166,142117047,142657798,141530142
13776,143082165,142117046,142657797,141530140
13777,143082164,142117045,142657796,141530139
13778,143082163,142117044,142657795,141530137
13779,143082162,142117003,142657794,141530136
13780,143082161,142117002,142657793,141530134
13781,143082160,142117001,142657792,141530133
13782,143082159,142116847,142657791,141530131
13783,143082158,142116804,142657748,141530129
13784,143082157,142116803,142542685,141530087
13785,143081954,142116802,142542684,141530086
13786,143081953,142116801,142542683,141530085
13787,143081952,142116329,142542682,141530084
13788,143081951,142116328,142542681,141530083
13789,143081950,142116327,142542680,141530082
13790,143081892,142116326,142542679,141530081
13791,143081891,142116325,142542678,141530080
13792,143081890,142116324,142542551,141530079
13793,143081889,142116323,142542550,141530045
13794,143081884,142116322,142542549,141530044
13795,143081834,142116321,142542548,141529541
13796,143081833,142116317,142542547,141529540
13797,143081831,142116316,142542546,141529539
13798,143081830,142116315,142542507,141529538
13799,143081829,142116314,142542403,141529537
13800,143081499,142116257,142542402,141529501
13801,143081466,142116256,142542401,141529500
13802,143081465,142116255,142542400,141529499
13803,143081428,142116230,142542399,141529498
13804,143081427,142116225,142542398,141529497
13806,143081426,142116051,142542397,141529496
13807,143081425,142116047,142542396,141529495
13808,143081424,142116046,142542395,141529494
13809,143081423,142116045,142542302,141529493
13811,143081422,142116044,142542241,141529492
13812,143081421,142116043,142542240,141529491
13813,143081404,142116041,142542238,141529490
13814,143081403,142116040,142542148,141529489
13815,143081246,142116039,142542147,141529488
13816,143081245,142116033,142542146,141529487
13817,143081244,142116032,142542145,141529486
13818,143081243,142116030,142542144,141529485
13819,143081014,142116029,142542143,141529484
13820,143081013,142116022,142542142,141529483
13821,143081011,142116015,142542090,141529482
13822,143081010,142116013,142542089,141529481
13823,143081009,142115959,142542088,141529480
13824,143081008,142115958,142542087,141529479
13825,143081007,142115956,142542086,141529475
13826,143081006,142115955,142542085,141529474
13827,143081005,142115954,142542084,141529394
13828,143081004,142115952,142542083,141529391
13829,143081003,142115950,142542082,141529245
13830,143081002,142115847,142542081,141529236
13831,143081001,142115846,142542080,141529203
13832,143080865,142115845,142542079,141529108
13833,143080864,142115844,142542078,141529107
13834,143080863,142115796,142541866,141529105
13837,143080862,142115730,142541801,141529104
13838,143080861,142115729,142541800,141529103
13839,143080860,142115728,142541799,141529102
13840,143080858,142091744,142541798,141528954
13841,143080857,142091743,142541797,141528953
13842,143080856,142091742,142541796,141528467
13843,143080855,142091593,142541795,141528466
13844,143080854,142091592,142541794,141528465
13845,143080853,142091544,142541793,141528464
13846,143080852,142091543,142541792,141528352
13847,143080851,142091542,142541791,141528202
13848,143080850,142091541,142541790,141528201
13849,143080849,142091509,142541789,141528200
13850,143080848,142091507,142541761,141528199
13851,143080654,142091462,142541752,141528198
13852,143080653,142091461,142541723,141528197
13853,143080652,142091460,142541722,141528196
13854,143080651,142091459,142541450,141528195
13857,143080650,142091458,142541449,141528163
13858,143080649,142091457,142541448,141528162
13860,143080648,142091456,142541447,141528161
13861,143080647,142091437,142541446,141528160
13862,143080646,142091414,142541445,141528159
13864,143080645,142091404,142541341,141528157
13865,143080644,142091391,142541340,141527345
13866,143080643,142091366,142541339,141527344
13867,143080642,142091365,142541313,141527338
13870,143080641,142091364,142541312,141527249
13871,143080640,142091363,142541311,141527248
13875,143080639,142091362,142541187,141527247
13876,143080638,142091361,142541186,141525612
13877,143080637,142091360,142541037,141525611
13878,143080636,142091359,142541036,141525610
13879,143080635,142091190,142541035,141525609
13880,143080634,142091189,142541034,141525608
13881,143080356,142091188,142540978,141525607
13882,143080355,142091187,142540977,141525606
13883,143080353,142091186,142540976,141525605
13884,143080311,142091185,142540975,141525604
13885,143080310,142091184,142540974,141525603
13886,143080305,142091020,142540480,141525602
13887,143080304,142091019,142540479,141525601
13888,143080303,142091018,142540478,141525600
13889,143080302,142091017,142540477,141525599
13890,143080301,142091016,142540476,141525598
13891,143080300,142091015,142540475,141525597
13892,143079966,142091014,142540474,141525596
13893,143079928,142091013,142540473,141525595
13894,143079810,142091012,142540458,141525594
13895,143079809,142091011,142540457,141525593
13896,143079808,142091009,142540456,141525592
13897,143079807,142091008,142540455,141525591
13898,143079806,142091007,142540396,141525590
13900,143059947,142091006,142540395,141525589
13901,143059946,142091005,142540394,141525588
13902,143059945,142091004,142540392,141525587
13903,143059943,142091003,142540360,141525586
13904,143059942,142091002,142540359,141525585
13905,143059941,142091001,142540343,141525584
13906,143059917,142091000,142540334,141525583
13907,143059916,142090939,142540265,141525582
13908,143059895,142090890,142540264,141525581
13909,143059894,142090889,142540263,141525580
13910,143059893,142090888,142540262,141525579
13914,143059892,142090887,142540261,141525578
13915,143059873,142090885,142540260,141525577
13916,143059872,142090881,142540186,141525576
13917,143059810,142088885,142540182,141525575
13918,143059808,142088884,142540180,141525574
13919,143059807,142088832,142540179,141525573
13921,143056481,142088592,142540177,141525572
13922,143056423,142088591,142540176,141525571
13923,143056280,142088590,142540165,141525570
13924,143055967,142088589,142540151,141525569
13925,143055966,142088588,142540019,141525568
13926,143055964,142088587,142540018,141525567
13927,143055820,142088586,142539997,141525566
13928,143055819,142088585,142539964,141525565
13929,143055818,142088584,142539963,141525564
13930,143055816,142088583,142539962,141525563
13931,143055815,142088551,142539961,141525562
13932,143055814,142088550,142539920,141525561
13933,143055813,142088548,142539919,141525560
13934,143055812,142088546,142539917,141525559
13935,143055811,142088543,142539910,141525558
13936,143055810,142088385,142518692,141525557
13938,143055809,142088384,142518691,141525556
13939,143055772,142088383,142518690,141525555
13940,143055771,142088364,142518627,141525554
13941,143055770,142088363,142518626,141525425
13942,143055769,142088340,142518625,141525424
13943,143055585,142088339,142518624,141525423
13944,143055584,142087994,142518623,141525422
13945,143055583,142087993,142518622,141525421
13946,143055582,142087762,142518519,141525179
13947,143055581,142087572,142518517,141525178
13948,143055580,142087571,142518516,141525177
13949,143055579,142087570,142518282,141525176
13950,143055578,142087480,142518281,141525175
13951,143055577,142087479,142518041,141525174
13952,143055576,142086828,142518040,141525173
13953,143055575,142086827,142518039,141525172
13954,143055574,142086826,142518038,141524269
13955,143055565,142086824,142518037,141524268
13956,143055564,142086822,142517809,141524267
13957,143055543,142086819,142517808,141524154
13958,143055542,142086752,142517807,141524153
13959,143055477,142086751,142517806,141524152
13960,143055476,142086750,142517805,141524151
13961,143055427,142086749,142517804,141524150
13962,143055426,142086747,142517803,141524149
13963,143055425,142086746,142517802,141524148
13966,143055424,142086745,142517800,141524147
13967,143055423,142086706,142517799,141524146
13968,143055422,142086705,142517798,141524145
13969,143055265,142086704,142515569,141524144
13971,143055264,142086703,142515568,141524143
13972,143055263,142086701,142515567,141524142
13973,143055262,142086700,142515566,141524141
13974,143055261,142086699,142515565,141524140
13975,143055260,142086661,142515564,141524139
13976,143055259,142086653,142515563,141524138
13977,143055258,142086403,142515559,141524137
13978,143055257,142086395,142515558,141524124
13979,143055168,142086394,142515531,141503383
13980,143055167,142086393,142515530,141503382
13981,143055166,142086392,142515409,141503381
13982,143055165,142086391,142515407,141503380
13983,143055164,142086390,142515406,141503379
13984,143055163,142086389,142515405,141503378
13985,143055162,142085937,142515404,141503377
13986,143055161,142085936,142515403,141503376
13987,143055160,142085935,142515402,141503375
13988,143055159,142047412,142515401,141503374
13989,143055158,142047411,142515400,141503333
13990,143055068,142047410,142515399,141503330
13991,143055067,142047409,142515398,141503327
13992,143055066,142047407,142515241,141503326
13993,143055065,142047406,142515239,141503142
13994,143055064,142047405,142515235,141502826
13995,143055063,142047282,142515234,141502825
13996,143055062,142047281,142515233,141502824
13997,143055061,142047264,142515232,141502823
13998,143055060,142047123,142515231,141502822
13999,143055059,142047122,142515230,141502821
14001,143055058,142047097,142515229,141502820
14002,143054985,142047095,142515228,141502819
14003,143054984,142047094,142515227,141502818
14004,143054983,142047051,142515226,141502546
14005,143054982,142046966,142515225,141502515
14006,143054981,142046965,142515224,141502514
14007,143054980,142046962,142515223,141502513
14008,143054979,142046961,142515007,141502512
14010,143054978,142046958,142514756,141502511
14011,143054977,142046477,142514755,141502510
14012,143054896,142046476,142514754,141502509
14013,143054895,142046475,142514753,141502508
14014,143054894,142046474,142514752,141502507
14015,143054893,142046473,142514751,141502446
14016,143054892,142046471,142514750,141502445
14017,143054891,142046409,142514749,141502444
14018,143054890,142046408,142513625,141502443
14019,143054889,142046407,142513624,141502442
14020,143054888,142046405,142513622,141502441
14021,143054887,142046404,142513621,141502440
14022,143054814,142046403,142513608,141502414
14023,143054813,142046402,142513604,141502413
14024,143054812,142046401,142513603,141502412
14025,143054811,142046400,142513602,141502411
14026,143054810,142046399,142513601,141501967
14027,143054809,142046398,142513529,141501935
14028,143054808,142046397,142513528,141501934
14029,143054807,142046396,142513527,141501933
14030,143054806,142046395,142513526,141501932
14031,143050998,142046359,142513525,141501931
14032,143050997,142046358,142513524,141501930
14034,143050996,142046357,142513523,141501929
14035,143050995,142045841,142513522,141501928
14036,143050994,142045840,142513319,141501927
14037,143050993,142045839,142513318,141501926
14038,143050992,142045838,142513317,141501925
14039,143050991,142045837,142513316,141501916
14040,143050910,142045836,142513315,141501915
14041,143050909,142045835,142513314,141501295
14042,143050908,142045834,142513313,141501294
14043,143050907,142045833,142513312,141501267
14044,143050906,142045832,142513311,141501266
14045,143050905,142045831,142513310,141501265
14046,143050904,142045830,142513309,141501003
14047,143050903,142043613,142513241,141501002
14048,143050902,142043295,142513237,141501001
14049,143050901,142043294,142513236,141501000
14050,143050820,142043293,142513233,141500999
14051,143050819,142043292,142513232,141500998
14052,143050818,142043291,142513231,141500997
14053,143050817,142043290,142513230,141500756
14054,143050816,142043010,142513229,141500732
14055,143050815,142043009,142513228,141500709
14056,143050814,142042990,142513131,141500708
14057,143050813,142042989,142513130,141500707
14058,143050812,142042988,142513129,141500603
14059,143050811,142042987,142513128,141500602
14060,143050693,142042986,142512719,141500601
14061,143050692,142042985,142512718,141500244
14062,143050691,142042984,142512717,141500242
14063,143050690,142042983,142512716,141500241
14064,143050689,142042982,142512677,141500240
14065,143050643,142042981,142512676,141499766
14066,143050642,142042980,142512574,141499765
14067,143050641,142042979,142512573,141499764
14068,143050640,142042978,142512572,141499763
14069,143050639,142042977,142512549,141499546
14070,143050638,142042976,142512469,141499545
14071,143050637,142042975,142512184,141499544
14072,143050636,142042974,142511989,141499543
14073,143050635,142042973,142511938,141499542
14074,143050634,142042972,142511937,141499537
14076,143050633,142042971,142511855,141499504
14077,143050517,142042970,142511838,141499503
14078,143049864,142042969,142511837,141499502
14079,143049863,142042968,142511836,141499501
14080,143049862,142042967,142511835,141499500
14081,143049474,142042966,142511834,141499499
14082,143049473,142042965,142511833,141499498
14083,143049214,142042964,142511832,141499497
14084,143049213,142042963,142511831,141498868
14085,143049212,142042962,142511830,141498867
14086,143049211,142042961,142511755,141498866
14087,143049210,142042960,142511754,141498865
14088,143049209,142042959,142511753,141498826
14089,143049208,142042958,142511752,141498825
14090,143049207,142042957,142511751,141498824
14091,143049206,142042715,142511750,141498823
14092,143049205,142042714,142511749,141498656
14094,143049204,142042695,142511748,141498655
14095,143049203,142042694,142511747,141498654
14096,143049165,142042693,142511746,141498653
14097,143049051,142042692,142511745,141498652
14098,143049050,142042691,142511744,141498651
14099,143049049,142042690,142511743,141498650
14100,143049048,142042689,142511742,141498649
14101,143049047,142042688,142511740,141498648
14102,143048994,142042687,142511599,141498647
14103,143048993,142042686,142511547,141498646
14104,143048992,142042685,142511546,141498645
14105,143048991,142042684,142511545,141498644
14106,143048990,142042683,142511544,141498610
14107,143048989,142042682,142511543,141496509
14108,143048988,142042681,142511540,141496508
14109,143048799,142042680,142511538,141496507
14110,143048669,142042679,142510937,141496506
14111,143048668,142042678,142510936,141496505
14112,143048632,142042677,142510935,141495619
14113,143048631,142042676,142510934,141495618
14114,143048630,142042675,142510933,141495617
14115,143048629,142042674,142510932,141491066
14116,143048628,142042673,142510931,141491065
14117,143048627,142042672,142510930,141490701
14118,143048626,142042671,142510929,141490700
14119,143048619,142042670,142510928,141490698
14120,143048618,142042669,142510927,141490678
14121,143048617,142042668,142510926,141490600
14122,143048616,142042667,142510925,141490456
14123,143048615,142042666,142510924,141490455
14124,143048614,142042665,142510923,141490454
14125,143048613,142042664,142510922,141490452
14126,143048612,142042663,142510857,141490450
14127,143048611,142042662,142510856,141490449
14134,143048610,141976204,142510855,141490448
14136,143022933,141938528,142510854,141490364
14140,143022932,141938527,142510853,141490363
14143,143022897,141938508,142510852,141490362
14144,143022896,141938507,142510851,141489252
14145,143022895,141938506,142510850,141488028
14146,143022687,141938505,142510849,141488025
14147,143022686,141938504,142510848,141488024
14148,143022685,141938503,142510847,141488023
14149,143022684,141938502,142510846,141465395
14150,143022683,141938501,142510845,141465394
14151,143022682,141938500,142510844,141464545
14152,143022681,141938499,142510843,141464544
14153,143022680,141938498,142510842,141464543
14154,143022679,141938497,142510601,141464542
14155,143022678,141938496,142510600,141464541
14156,143022677,141938495,142510599,141464540
14157,143022672,141938494,142510598,141464539
14158,143022671,141938493,142510597,141464538
14159,143022670,141938492,142510596,141464537
14160,143022669,141938491,142510595,141464356
14161,143022663,141938490,142510594,141464355
14162,143022662,141938489,142510593,141464354
14163,143022661,141938488,142510592,141464353
14166,143022660,141938487,142510591,141464352
14167,143022652,141938486,142510590,141464351
14169,143022651,141938485,142510589,141464350
14171,143022650,141938484,142510588,141464349
14172,143022649,141938483,142510587,141464348
14173,143022648,141938482,142510586,141464347
14174,143022641,141938481,142510585,141464346
14175,143022567,141938480,142510584,141464345
14176,143022566,141938479,142510583,141464344
14177,143022565,141938478,142510582,141464343
14178,143022564,141938477,142510581,141464342
14179,143022563,141938476,142510580,141464262
14180,143022562,141938475,142510567,141464261
14181,143022561,141933342,142510566,141464260
14182,143022560,141933341,142510565,141464258
14183,143022535,141933340,142510564,141464257
14184,143022534,141933339,142510563,141464255
14185,143022533,141933338,142510562,141464254
14186,143022532,141933337,142510561,141464250
14188,143022531,141932987,142510560,141464249
14189,143022530,141932986,142510559,141464248
14190,143022489,141932967,142510444,141464247
14191,143022488,141932966,142510443,141464246
14192,143022487,141932965,142510441,141464005
14193,143022486,141932964,142510119,141464004
14194,143022441,141932963,142510118,141463875
14195,143022440,141932962,142510117,141463874
14196,143022439,141932961,142510116,141463873
14197,143022371,141932960,142510115,141463872
14198,143022370,141932959,142510114,141463871
14199,143022369,141932958,142510113,141463870
14200,143022368,141932957,142510112,141463869
14201,143022367,141932956,142510111,141463480
14202,143022043,141932955,142510110,141463479
14204,143021973,141932954,142510109,141463478
14205,143021972,141932953,142510108,141463477
14206,143021971,141932952,142510107,141463270
14207,143021970,141932951,142510106,141463196
14208,143021969,141932950,142510031,141462209
14209,143021968,141932949,142509941,141462208
14210,143021967,141932948,142509853,141462207
14211,143021966,141932947,142509852,141462206
14213,143021965,141932946,142509851,141462205
14214,143021763,141932945,142509850,141462204
14215,143021578,141932944,142509849,141462203
14216,143021577,141932943,142509848,141462202
14217,143021576,141932942,142509847,141462201
14218,143021543,141932941,142509846,141462200
14219,143021540,141932940,142509738,141462199
14220,143021539,141932939,142509733,141462198
14221,143021370,141932938,142509653,141462197
14222,143021366,141932937,142509652,141462196
14223,143021264,141932936,142509651,141462195
14225,143021263,141932935,142509650,141462194
14226,143021262,141932934,142509649,141462193
14227,143021185,141932124,142509648,141462192
14228,143021184,141932043,142509647,141462107
14229,143021183,141932042,142509646,141462062
14230,143021182,141932001,142509621,141462061
14231,143021181,141932000,142509524,141462060
14232,143021180,141931999,142509520,141462028
14233,143021179,141931998,142509519,141462027
14234,143021178,141931961,142509440,141462018
14235,143021042,141931960,142509439,141461978
14236,143021020,141931959,142509438,141461977
14237,143021019,141931958,142509437,141461975
14238,143021018,141914457,142509171,141461974
14239,143021017,141914262,142509170,141461724
14240,143020968,141914255,142509169,141461683
14241,143020812,141914254,142509168,141461682
14242,143020811,141914253,142509167,141461681
14243,143020810,141914252,142509166,141461680
14244,143020809,141914251,142509165,141461679
14245,143020808,141914250,142509152,141461678
14246,143020807,141914249,142509151,141461677
14251,143020806,141914247,142509150,141461676
14252,143020805,141914245,142509119,141461675
14253,143020804,141914244,142509118,141461674
14254,143020803,141914243,142509117,141461590
14255,143020802,141914242,142509116,141461589
14256,143020801,141914241,142509115,141461578
14257,143020800,141914240,142509066,141461290
14273,143020798,141914239,142509065,141461289
14279,143020797,141914238,142509064,141461287
14280,143020796,141914237,142509063,141461286
14281,143020795,141914236,142509062,141461284
14282,143020794,141914219,142509061,141461283
14283,143020793,141914218,142509060,141461164
14284,143020792,141914209,142509059,141460930
14285,143020791,141914122,142509058,141460929
14286,143020790,141914121,142509057,141460928
14287,143020789,141914120,142509056,141460927
14288,143020788,141914119,142509055,141460756
14289,143020787,141914118,142509054,141460755
14290,143020786,141914117,142509053,141460754
14291,143020785,141914116,142509052,141460753
14292,143020784,141914115,142509051,141460752
14293,143020783,141914114,142509050,141460751
14294,143020652,141914113,142509049,141460750
14295,143020357,141914112,142509048,141460749
14296,143020155,141914111,142509047,141460748
14297,143020154,141914110,142509046,141460747
14298,143020153,141914109,142509045,141460746
14299,143020152,141914108,142509044,141460745
14300,143020138,141914107,142509043,141460744
14301,143020137,141914106,142509042,141460676
14305,143020136,141914102,142436267,141460635
14306,143020135,141914093,142436266,141460629
14307,143020134,141913312,142436265,141460622
14308,143020092,141913310,142436264,141455048
14309,143020090,141913309,142436263,141455047
14310,143020089,141913308,142436262,141455046
14311,143019926,141913307,142436261,141455045
14312,143019920,141913306,142436258,141455044
14313,143019904,141913305,142436257,141455034
14314,143019887,141913304,142436256,141455033
14315,143019886,141913303,142436255,141417994
14316,143019885,141913198,142436254,141417993
14317,143019884,141913133,142436253,141417992
14318,142999057,141913132,142436252,141417947
14319,142999056,141913131,142436251,141417906
14320,142999055,141913130,142436249,141417792
14323,142999054,141913129,142436248,141417660
14324,142999053,141913128,142436247,141417659
14325,142999052,141913127,142436246,141417656
14326,142999051,141913126,142436245,141417655
14328,142999050,141913101,142436244,141417654
14329,142999049,141913100,142436243,141417653
14330,142999048,141913099,142436242,141417652
14331,142999047,141913098,142436241,141417574
14332,142999046,141913097,142436240,141417543
14333,142998897,141913069,142436239,141417542
14334,142998529,141913068,142436238,141417539
14335,142998528,141913067,142436237,141417327
14336,142998527,141913054,142436236,141417326
14337,142998525,141912978,142436235,141417325
14338,142998523,141912977,142436232,141417324
14340,142998522,141912976,142436231,141417323
14341,142998521,141912975,142436229,141417322
14342,142998520,141912974,142436228,141417321
14343,142998519,141912973,142436227,141417320
14344,142998518,141912882,142436226,141417186
14345,142998517,141912790,142436225,141417181
14346,142998516,141912789,142436224,141417179
14347,142998515,141912788,142436223,141417177
14348,142998514,141912676,142436221,141417176
14349,142998513,141912675,142436220,141417145
14350,142998512,141912674,142436219,141417144
14351,142998511,141912673,142436218,141417143
14353,142998510,141912672,142436217,141417141
14354,142998509,141912671,142436216,141416534
14355,142998508,141912669,142436215,141416510
14356,142998249,141912667,142436214,141416509
14357,142998238,141912666,142436213,141416508
14358,142997795,141912665,142436212,141416507
14359,142997794,141912664,142435552,141416506
14360,142997793,141912663,142435537,141416505
14361,142997792,141912662,142435536,141416504
14362,142997791,141912660,142435499,141416503